creator_tx_hash,creator_epoch,creator_time_utc,bridge_outputs_created,total_to_bridge_lovelace,total_to_bridge_ada,creator_total_outputs,creator_total_input_lovelace
860fbcc180bb28d218f72cca5f8e045cd0d11d90a05d92798335445fd7ea4fd5,196,2020-06-03 17:31:31,1,999504833984,999504.833984,1,999505000000
3cf4cd28d947ef66f2fd75ff8e0a8a5b55cbb53756a29de4de2c35bebc5c04a7,196,2020-06-03 18:38:11,1,49999833984,49999.833984,1,50000000000
fa728e79b0f18bea652cc865087c7829a84b694f95ea9a33c621831a3e8bfab8,196,2020-06-04 13:46:51,1,22422269513,22422.269513,1,22422435529
b30ccac4862b76be6823cc561bb1fa2b2f898e74a151ae76723fe89aefda7b39,197,2020-06-05 02:29:31,1,39394460222,39394.460222,1,39394642147
c5d14bf1862dcedab6c7e046b4394dd4eb979715feb961ecbef1de19241b174e,197,2020-06-05 22:16:51,1,5364826029,5364.826029,1,5365000000
471e635236b03c67b8d75387d4f54162deb784cdedfdc1e06e9bb19059fea8b3,197,2020-06-06 08:18:51,1,10216283984,10216.283984,1,10216450000
b155868bd449be52b1390df62739591f9ad2fc68f42499e64f670f50a69e364a,197,2020-06-06 21:44:11,1,755553173,755.553173,1,755719014
2eec2ee4907bed2371babe399318034c08197914ef059aa379b1ae604d4e5f4e,197,2020-06-07 02:01:31,1,21697176784,21697.176784,1,21697342800
0b83ff8a6063cec741cc446c6e94aab105117fe15fa776db7908d364c15eaf0d,197,2020-06-07 09:42:31,1,10117908431,10117.908431,1,10118074447
8451a2b685be3f26626a54b5fa3c09193b4bca3afc356a9629de3288c332051a,197,2020-06-07 18:21:51,1,4854573384,4854.573384,1,4854739400
a153b69debdeb835f9348d556edb617534983f9e31cc67611ea9ae51071c51fb,197,2020-06-08 01:04:31,1,4664698924,4664.698924,1,4664872895
f4eaa79577fd3c1ccf1a1826e2074e9f38ad337f901fcb3b197b7681df3bee0c,197,2020-06-08 06:24:31,1,21000016963,21000.016963,1,21000190934
018934d69a348748fdd3b343a6ca6e27f68a5c340204aaa83b653bb40d05b5bb,197,2020-06-09 03:19:31,1,24560963974,24560.963974,1,24561129990
ff0e5a36b2f4a8fdaac74a116ac573313f255cfe98f95f8bbfa4c29b74c2bd52,197,2020-06-09 07:49:51,1,128826205,128.826205,1,129000000
f51f51fbfb2b36e61aa8593e731652af3b6fed7e493b5b6681c5aa074da3b703,197,2020-06-09 09:39:11,1,74173484684,74173.484684,1,74173650700
f8124ad5596f72c6720e5b3b26ab78c06b1ad32c2ac3fa9f9006a3459cc24786,197,2020-06-09 11:27:51,1,134102395,134.102395,1,134268236
5d153c93e7da10a819e9ccdc4f465d6dbf6da584c4097555c6026f214158d107,197,2020-06-09 11:59:51,1,1039834159,1039.834159,1,1040000000
0dafc833a6dfcd21e9275b1c52303e121e4598843ded473d844dfd6eb48f02bc,197,2020-06-09 15:29:31,1,1200119870,1200.119870,1,1200285711
adb037bb2c986a791288790d997741d753109bb167e48be5721a87bd65765f81,198,2020-06-10 12:34:11,1,16857548764,16857.548764,1,16857714780
a4a529b7746db50cd7878f5172d1b1764ba285416a2aee50954c98188915d086,198,2020-06-10 14:33:31,1,48834159,48.834159,1,49000000
7216c5b8c90052c9c00050a182b4d41c1f5a890aa102cc2697df4ded0639ceb4,198,2020-06-11 06:29:51,1,8042781984,8042.781984,1,8042948000
23344ebb2f7fe5ccc50c78a310818509a818db57954a3a239a11973f185291fd,198,2020-06-11 07:49:11,1,2561591091,2561.591091,1,2561756932
83ab5628dffab10fd40207bea02482e3b32590257046d0219f373457c2d5b4ca,198,2020-06-12 20:36:31,1,50769833984,50769.833984,1,50770000000
d25841264efd88c3f7d85ba8718d2f3b5bcd54bdf641dfc57b8e1903babe5dc5,198,2020-06-13 03:18:11,1,99834159,99.834159,1,100000000
b0ed8db241cae448b8cc14f4e32a470459ccc901a24c3cfa369436fd3adcf3bb,198,2020-06-13 21:37:11,1,24834159,24.834159,1,25000000
79b32f18a5c325c7844f6a97f0b093de976af768212f1792059a91b9c96c1ad8,198,2020-06-14 11:39:51,1,27065666693,27065.666693,1,27065832709
9a717ed1a38b3066426b3956c9f6353640372b0778439abb437c18eddb202c2b,198,2020-06-14 14:49:31,1,553834159,553.834159,1,554000000
93f3dc8e591bfcb434549407cad44388628b4f6a8f14a9300e098b1f4a9643cc,199,2020-06-15 12:14:11,1,4015826205,4015.826205,1,4016000000
d3f8ab008272eee1dfcaeebf254107ab5bd005d366173fb51b32a2c12c6440d8,199,2020-06-16 04:48:11,1,3163829430,3163.829430,1,3163995271
82ae9465ee58d7607579e4ee45e2be76d07405d7b0759cfc910c5b9dd20fa2f4,199,2020-06-16 13:55:31,1,279302521853,279302.521853,1,279302687869
3ebe2aba065f0691b6aaa36b4ba276d45d3b869a9181543abbde1409cc63852f,199,2020-06-17 18:29:31,1,11197883984,11197.883984,1,11198050000
12f9e074fbc6e9fa4e9e0e96196423cc0ca50730874e22798a737d6322d34976,199,2020-06-17 19:51:51,1,98834159,98.834159,1,99000000
3086a80fdd81072d76961144ceb8dfa9e9e647924c8fe7f47223185e52266393,199,2020-06-19 14:45:51,1,394637959,394.637959,1,394803800
78f37d90dcb647dc537e7154630062ef78a2d8ca9b6eb0aa8cf992384def3b19,200,2020-06-20 17:19:31,1,999834159,999.834159,1,1000000000
a9eba3d07b17dd5a4acbb6e24f3040527df4571de04f97ffb183e4309226a357,200,2020-06-21 07:47:11,1,2346435369,2346.435369,1,2346601210
6a527714c715b99a3ee43c494a853101e1b538062084899375392c0e9148fdf9,200,2020-06-21 10:21:11,1,11851457014,11851.457014,1,11851623030
14f422b71c1656641465388c19adb0b7128b082a1a2394e0146e86f714749f47,200,2020-06-23 08:49:11,1,872959159,872.959159,1,873125000
04f4ac24ef6a993d8e15bb246e66d6298a0787326bf1401a9377b79c0fcabba3,200,2020-06-23 19:04:51,1,98834159,98.834159,1,99000000
3d8dda218c9fb577e4f9993fe88d3d1aa6be39ca51a9e29609c863a66ab10c4b,200,2020-06-23 21:12:51,1,9999342948,9999.342948,1,9999508964
bc1c65ed3837c28821a6f5c6353c94a0e5c707adc17a80a1d7878b412b91c45c,200,2020-06-24 13:19:51,1,13473833984,13473.833984,1,13474000000
e1dc4032ddc6bbf2bb04925819c0dbd7bcba4a10b3257dfb686734f59bb2a0c6,201,2020-06-25 21:04:31,1,99834159,99.834159,1,100000000
4ab2a1afc7534b2a8b06e4de3a486915229a0f11808e45877e49df796a1c7731,201,2020-06-26 05:01:31,1,74652486984,74652.486984,1,74652653000
1bfc9252f8d53bfd7f7be3b2efdcc59c16e8a2671a1e7eea81ba68f317e20cc7,201,2020-06-29 00:26:31,1,39465761984,39465.761984,1,39465928000
6fcb8031d53525c8f2aa0014781f780e14c72b2f2d2a48acbd700d0940fc9359,202,2020-07-02 08:18:11,1,17709208626,17709.208626,1,17709374642
ba083ef6f3010dbecba792d36267037f9ab2265e6de718de4825f425f47eafc1,202,2020-07-03 10:40:31,1,8459391859,8459.391859,1,8459557875
a87171c06f28888249b71f56d08bfa8091741467923ffcc57e6dc6e123054cda,202,2020-07-03 22:15:11,1,12296086516,12296.086516,1,12296252532
0c950a807d10f8378fc614e209708e9dab119873613fc2edd1931cb82a12652d,203,2020-07-05 14:40:51,1,2694076227,2694.076227,1,2694242068
f6eb7d8478ec1d9b7e66e5a3b9750be8559f60b0b6d0ff56833bb7077c784682,203,2020-07-05 15:06:31,1,2499834159,2499.834159,1,2500000000
4a7414b59401e93b06b41ab7ed144b9e761687f7d8d63f1a729dfb395903cc78,203,2020-07-07 05:38:11,1,1035196759,1035.196759,1,1035362600
c53d334070fc9ad7f015cccbb44e4df76b2210fc44c18b4b3960b97346470169,203,2020-07-08 05:01:31,1,4432193726,4432.193726,1,4432375651
5772dbca3643cd83854ed786ae684df9062dcbaab8bcd9585dcbdbe39a7e2ee5,203,2020-07-08 11:28:51,1,3882163794,3882.163794,1,3882329635
9848bc4c9711891842ee6abab51d086c5781a9c8b6c92a49d4861fc11758fe2f,203,2020-07-08 17:03:11,1,2995834159,2995.834159,1,2996000000
9bbf63c4d935f7fe6ce585c4f0dc9c8e75ef3640dfc64176b13646621affaeba,203,2020-07-09 18:55:51,1,39384833984,39384.833984,1,39385000000
14104a85b08f444f3a4ede033d2a87a322ab738699a40f2cd59d42bc6b498bdb,204,2020-07-10 15:51:31,1,18276183884,18276.183884,1,18276349900
e1c628119e32b0d62b3851b6e3d0330dd6c4090b0303424b2838b90ce00399d6,204,2020-07-11 14:44:31,1,25711994984,25711.994984,1,25712161000
2a7d816314380736ccd3da739594732a7f33f75e6183e26ec4abd05b3c91a4b2,204,2020-07-11 17:10:11,1,123834159,123.834159,1,124000000
c358ec2ad7c07710a0a0cc816b0795974e4d6ca4124af3ca5951696fe62cd97a,204,2020-07-11 20:54:51,1,58834159,58.834159,1,59000000
f84fe029923a180e59e56165c877fc8c0e0ec913c8448a2d85f779ba3daaed2f,204,2020-07-12 22:49:51,1,6759666386,6759.666386,1,6759832402
93a564981c5939e62bded87a512ad7b23593f323b76793b0cc318ea6353217fd,204,2020-07-13 20:17:51,1,640234159,640.234159,1,640400000
ab8fcbc74302bee79e6523962eebd85829eef09975067e622e3afbfe1c8e6a46,206,2020-07-21 23:34:51,1,10035833984,10035.833984,1,10036000000
d40ed7e20e5b0ad020b6d882bdf11f59047889d88afab4802826e14c341c6cc2,206,2020-07-23 18:09:11,1,6761327767,6761.327767,1,6761501738
1ea5b65050b51c8830039df4220960541b568f0018c6ba38298444e4e8dcc9f0,206,2020-07-24 07:15:31,1,18834159,18.834159,1,19000000
180661734c3b2b2035112457fb41b04a2bd6acddf3fea28940a478b25e57d049,207,2020-07-26 14:46:31,1,2019834159,2019.834159,1,2020000000
d9161085f4fe80b412d61ce711dda058fa3110fb588222ea4c26874596e6b9b0,210,2020-08-13 17:38:31,1,2108435648,2108.435648,1,2108625529
d851d4df96feda4e3b40862d482ca92971d09ec4409bb63bf1c2d7585cd09120,211,2020-08-13 22:13:44,1,1807632984,1807.632984,1,1807822865
cff6f3b09fc68131b7de559300de908c405e787d96e0fbef60ddd00668a65994,211,2020-08-15 20:40:02,1,15793119,15.793119,1,15983000
1a2c445f1444fcc9b9ed84bc9b12e68e1399216a1c4c12fe957604cc30f1b9db,211,2020-08-16 21:50:24,1,4167088525,4167.088525,1,4167278406
962019717f0eabc4c0f4e8700cbc57cdd2af91292f30026368b9cffd63f31aa1,211,2020-08-17 16:04:28,1,2127676119,2127.676119,1,2127869000
abd8ad5af9b1a527bb89a891bfd2b787991f4be6faa1e472a70bd8dc8077a8b1,211,2020-08-18 04:37:48,1,1707266567,1707.266567,1,1707459448
8957c2d8c32b21ec1e76a5150ae4f6bd3c3961389febfe1d81eccff046984ad0,212,2020-08-20 00:28:36,1,220884819,220.884819,1,221077700
60c5e190503923a8c5aa67bdfa1ed4b5b440f2f857b5dee19d478ecbd6fed69a,212,2020-08-20 19:54:26,1,181781119,181.781119,1,181974000
1ef0b397d7344632589a38aab793bc9b777e4d847d58e75dcf701e7d7c9c74ee,212,2020-08-20 20:54:01,1,524019039,524.019039,1,524211920
79387d3e7023a50fb23c4818e89e92dd88c40f3992f4d3ee6d983c17b69670f9,212,2020-08-21 01:24:51,1,4686419262,4686.419262,1,4686612743
6141933bdaada7671a599f03b02c23bd7ad801978602bc461f0b9523f528016a,212,2020-08-21 02:07:46,1,499807119,499.807119,1,500000000
91a51b80f19f353f399b06299bb0d87e5891aa11e3e7c796326d72a1529d2841,212,2020-08-23 10:01:30,1,10948806519,10948.806519,1,10949000000
a2a82e8e7d9d114a06296ad10000f302f929a4683979cba98830f29623bbe8ac,213,2020-08-24 21:43:15,1,1311916372,1311.916372,1,1312109253
4d9a4c33d95b3018146af160b52848160f6f7ed60e4db55571480f07fb56f12b,213,2020-08-25 08:17:55,1,19538084270,19538.084270,1,19538303701
0f549d9c586eb5ff882c5450481cb3240e64807b3cb1d4154a0d653b3021bbf1,213,2020-08-25 22:54:25,1,9807119,9.807119,1,10000000
bb40256d1f20be98a2ff27f2ae7a1cc8096cd492acb72a217b99a26d679efab9,213,2020-08-27 03:23:23,1,702220892,702.220892,1,702413773
a6a2a9c3916ccb775a547dd75f81ce7545fa5a1208e5f3fd886a7632a6ae45e6,213,2020-08-27 15:39:28,1,20199806519,20199.806519,1,20200000000
73d7caf89a6a5d2512f46f111661aecc0dd096ea6e01a8a560ca1f491106cb5a,213,2020-08-28 12:55:21,1,2866891554,2866.891554,1,2867110385
46ce16182c1abe7af96aa25d89e893170ca05bd083be6c795a208dae484b161f,214,2020-08-29 09:50:43,1,575350470,575.350470,1,575543351
57aa0110c510a1fff8cc6286cb1155fc0e6a1a7e38b100f9692cedb538adc786,214,2020-08-29 22:10:12,1,1488807119,1488.807119,1,1489000000
63595061e625c0b8f4192aa1fb5d8d01e76b55efcd0a376911b8fd416e153eaa,214,2020-08-30 09:55:01,1,174807119,174.807119,1,175000000
0a2eaf078a6abe8ab3acf429d9b86e2978d99c8acdf2e3106b0f80e37bc9ae05,214,2020-08-31 18:13:11,1,12285756059,12285.756059,1,12285949540
4cd5cce461d0162eb57219e89ea4204e17ddab2752ee4129377ef2a070cd6154,214,2020-08-31 18:25:27,1,200535011,200.535011,1,200727892
9547f06a1943003bee47812d19bbc1d3be85144b0dd3a3e4d46e28ad5f52239e,214,2020-08-31 21:16:04,1,6499806519,6499.806519,1,6500000000
73abec2698f03be402e13ab5cb2f8df0c0ebfa4f5355affa83b1bb3f8b3f94aa,214,2020-09-01 11:57:13,1,3408807119,3408.807119,1,3409000000
54046fc4dbde6ebe73cfcba420a7e3d28c849582a7e23d9dcc0e6a2f548fbfd2,215,2020-09-04 19:18:38,1,12300919,12.300919,1,12493800
c27945638d4008704083a7a20cc62476c920a5df9ec7f7654e15fff87e333813,215,2020-09-05 04:12:25,1,1849607119,1849.607119,1,1849800000
3ee7ad74d65b8237decf8c191ee988db344087d5f55b399c1a5cefcc3ff1b562,215,2020-09-06 03:13:02,1,9999806519,9999.806519,1,10000000000
9568c91e1b49ca5ce3b2afe11340f8dd14448fc511d16a1b24a1e0e0c31c07da,216,2020-09-09 08:06:25,1,198807119,198.807119,1,199000000
4a1d8c84fcd02edb7f5b4377b86fdf90c5b3b691a5f42a67b3771cd74112eee7,216,2020-09-09 19:01:31,1,14335506519,14335.506519,1,14335700000
ce66457579ff25037273caaa5452536ee1dafd5f6994fb2c75924266b3463fe8,216,2020-09-11 15:48:05,1,99807119,99.807119,1,100000000
9012aa895d67d77dfa399d69892939c90df40b3493652cf115303adcec902327,216,2020-09-12 08:14:12,1,10091686789,10091.686789,1,10091880270
bb31486573ea2ca0090d1f3fa066038066e34bdef9b806ce758f7da6d8bfd934,217,2020-09-15 18:43:25,1,2518215079,2518.215079,1,2518407960
5635681494c177b283f7cd15d514e76e39e96945d8b754713c5da55a18f95575,217,2020-09-16 06:36:16,1,1999797119,1999.797119,1,2000000000
13addad579e16d163b6199a9a007e2eb935b0f6f5e662c8a901a17fb877d5c30,217,2020-09-16 10:04:22,1,499797119,499.797119,1,500000000
341316f5bd1b94b6850f4a6d587b6a4618bfa355057e8105578a5e21f584d0ce,217,2020-09-17 12:00:05,1,2499608925,2499.608925,1,2499811806
583f5da457c413f88e4714236a7d60e703903027ea6023513550bb33001c7dca,218,2020-09-22 10:02:53,1,120974819,120.974819,1,121177700
32c1f9364faf71b32fd624fdd192787e124a16e2e4b6534fd4bc94bed826dba0,219,2020-09-23 00:26:25,1,315480119,315.480119,1,315683000
79b707e3ca0d8e89cd2ae4b10e833ca86dcac020f8fdfbbe01b35c18fed7805e,219,2020-09-24 17:49:47,1,522897119,522.897119,1,523100000
17ae0f0b13e28c845e8b7e7842f3f90cd9a52278d25f790be42e26d443aa980e,219,2020-09-27 01:22:07,1,199797119,199.797119,1,200000000
85992b4dd9ee63f1725164c7745b791f91d3451e27053f3d3863e43e64afb9a3,219,2020-09-27 15:46:46,1,1031597119,1031.597119,1,1031800000
5b844635a293c6bf6a61b17489063af9b23a7bc28357a4ab071553a98352c5f2,220,2020-09-28 14:38:47,1,399797119,399.797119,1,400000000
1f130f91f4690ed3ddb54c9a7020e01553eb4dc871b92636b21d3ce6f87e13dc,220,2020-09-28 14:59:13,1,308597119,308.597119,1,308800000
4371b08c6e0aa9012df8ab69ceb29cb7f0d33eef1aab99480d1adb6f9ba6231f,220,2020-09-29 08:45:53,1,2016813743,2016.813743,1,2017016624
726f7fe7cfc79ddc64a0e573c21b0689cd1264eeca489b0508f0d1767877d179,220,2020-09-29 18:54:44,1,497309576,497.309576,1,497512457
57a16f537f5dd22f4f77443f3c909203912ce1497d7a62bb02d6291d12638d35,220,2020-09-30 20:21:49,1,1998802119,1998.802119,1,1999005000
b38588a12e30fe3550f557b41a3d51fd8466bbfa30bb1e244565a00f9c4b9f59,220,2020-10-01 15:46:24,1,249197119,249.197119,1,249400000
187e79da79ec0de3794df6df8dc85a7a2e98b4194eda71deb107592e5fcbaeb9,220,2020-10-02 05:31:24,1,49999796519,49999.796519,1,50000000000
7f88ee66daeba71cd6b9a67723a73a868b36c3e89b7b5b2272356ef3635e84d0,220,2020-10-02 08:04:32,1,48998796519,48998.796519,1,48999000000
1a4c0a6512fd275c4e72c11ea6e442827525d0646f4d5eece40cc0eab01671d1,220,2020-10-02 10:29:37,1,124197119,124.197119,1,124400000
06dfbd60ca9b4de437a6bb206e6ab71c4cb5fed5462a5c51148b97f65d2d42e3,220,2020-10-02 16:42:14,1,4597489632,4597.489632,1,4597693113
f020e2d332355178fd4afa7cb302a02c244407446e29164f3e246eb6e34eb32b,221,2020-10-03 11:43:01,1,1272797119,1272.797119,1,1273000000
717730584d6eb379dfb47531c02f1284f78fa6f23eaaf3a56479cce8d6f33fbb,221,2020-10-03 21:20:26,1,1637597119,1637.597119,1,1637800000
7c66ea62b2196206eef802e0864fcd0de2e534bf05d9cc196ff6e3e0e4400b51,221,2020-10-04 07:19:54,1,2223791719,2223.791719,1,2224000000
3e4766d92a19ac144bda9a14d487ba5d0f513ee769e6046345d5783473d5518b,221,2020-10-05 13:19:21,1,6040696519,6040.696519,1,6040900000
fb9dd3ecdacdcec1e93ad4824960403eb437c7ef5502d9f164a73c93042d62f6,221,2020-10-05 20:20:14,1,8977796519,8977.796519,1,8978000000
7f805512e91c95967952a3f2e4aa061177a189284a835b17a7f2f1d336b3b4eb,222,2020-10-09 16:20:24,1,10099469169,10099.469169,1,10099698600
b6c2bdb1cd44155aef6cf53e2c0fa24405093f2b9bd4cef89aab0d847c2b7c29,222,2020-10-10 06:17:37,1,14998796519,14998.796519,1,14999000000
4fbf271a006c2ffb75d8304fccac42ca673904ae52d13c9a382e41cd6da13fcd,222,2020-10-10 15:31:58,1,299639119,299.639119,1,299842000
db0e152ea05927e065acc4078b5b348b598a7672e119017b1c9dee94c5c9037a,222,2020-10-11 09:42:37,1,1208621083,1208.621083,1,1208823964
61484fbf6ffa2221d35f5cb5140b3fb90f10de564a125c81250d4b5b52955717,222,2020-10-11 11:10:57,1,258797119,258.797119,1,259000000
b3e19d9c61fec60b4883333f628d6965d92c29a4ba91a90aa11ae623540cd1a5,222,2020-10-12 14:42:03,1,2525197119,2525.197119,1,2525400000
1e59f6938d6f1ddaa5c220ac6ed5a16602d87a14eeb557c5c040f4a40e518463,222,2020-10-12 20:46:31,1,68804219,68.804219,1,69007100
587987cd4a2924427e9195bd6507b4c5e5acca3e56ac466f7814446001908b32,223,2020-10-13 02:03:28,1,749797119,749.797119,1,750000000
dc4331a7e0cd572196a07760ec0713d812e7626e9591e1908c987be431f7a890,223,2020-10-14 08:57:29,1,5003480497,5003.480497,1,5003683978
a5ec556eacc98e7941685fb87b42a41a9e5322bf209d1932b61a2f02b6109a23,223,2020-10-15 04:43:42,1,124671119,124.671119,1,124874000
016c863227c4385394d95e02fc1001bd869b9f2e077cdfecc33ba2fea7b0ba5e,223,2020-10-15 18:41:37,1,3226505655,3226.505655,1,3226708536
6d5941f827336523a8f711a9c0a73d63822615e31c991c396c450e1ba67216c8,223,2020-10-16 01:02:39,1,499797119,499.797119,1,500000000
9246569e480697034e31897491c5dc5ec85710f68bac4ac028b346ce0dfb49ac,223,2020-10-17 04:36:06,1,1625897119,1625.897119,1,1626100000
cf26e1f23190a4be3ebf6ffe4f417872fc7fff6e844cfd19806290e367b419ed,223,2020-10-17 11:17:15,1,3466756048,3466.756048,1,3466958929
5a6252e6449517d08c252bbe934130a70d292640d0b11c816ce1163e2a35b41f,224,2020-10-18 08:02:42,1,2499797119,2499.797119,1,2500000000
18e006c01b6d9cf295bb1932d4c96236c8557f1844c03a05726fe9933f19501a,224,2020-10-18 08:39:19,1,790223671,790.223671,1,790426552
e89344ffb5b3afe6e19071d65641320c0b19e0e351801a633c14af77e6132bef,224,2020-10-18 13:13:25,1,1252049840,1252.049840,1,1252252721
c94cb0200693dc073eae926d6afe9f1539d7bd467d107385ba286c7d3f2cc3b5,224,2020-10-18 14:37:56,1,406797119,406.797119,1,407000000
74946344ddefb02e5b99fc2d6a3f3b19485ba6aa5a58c980fabfa215c48b9c7e,224,2020-10-19 03:10:19,1,268297119,268.297119,1,268500000
3b52a78faad97a24a978b11f73c6a4266c19fe5a029ca9471b0be2652362a2c5,224,2020-10-19 16:57:20,1,6985796518,6985.796518,1,6985999999
7a16ce9617c35835556b4a620e4f651134f256c818dea20fb221a8348233f3aa,224,2020-10-21 00:23:25,1,396997919,396.997919,1,397200800
884cf5293d34ad6aafc85dbb663529ac420b48f67411e6c9c93e29c44fc0a83f,224,2020-10-22 02:24:35,1,824439155,824.439155,1,824642036
e0edb4f4cb37e04e473f5b459a44687f1457d873f0259e959d8dd20a2c6750fc,224,2020-10-22 15:02:28,1,1495797119,1495.797119,1,1496000000
83e7277201978a2bd2360c7642c64d4f9315b0ccf490a9b92eb46799a7057399,225,2020-10-23 13:53:59,1,218797119,218.797119,1,219000000
cf8c28d0245ce469eaf8a1afef71732cb4d8badb2fd692f9e9dd95aeef20f824,225,2020-10-24 08:57:01,1,7328959019,7328.959019,1,7329162500
5152f2c004f50a28293dbd3389dd7e6d34fad0281ae6711540ae20d28d75a48a,225,2020-10-24 18:25:04,1,3999797119,3999.797119,1,4000000000
7557419813ee31856522c81119e53f3861e7a7f035eba61af63c084348cc45b6,225,2020-10-24 19:24:44,1,14130741479,14130.741479,1,14130944960
592feeb867fba719d5023948d2f83bd602bf95165653662a96029d1894943a16,225,2020-10-25 05:12:00,1,1070797119,1070.797119,1,1071000000
92a6f9283c39e2bada3a1dd912ad2b3588e042bf226f33ff78016e584dbf9d57,225,2020-10-25 13:37:33,1,7999796519,7999.796519,1,8000000000
2d8814a60e6fbc9519f08296c5114ce0e805118aea0981a205b9b47585da24b4,226,2020-10-28 07:08:18,1,49097119,49.097119,1,49300000
e92cf44b25bca3c1953cfa9600f402fc2bb0d3fa3f0174434363a450afedb5b1,226,2020-10-28 17:43:38,1,570021894,570.021894,1,570224775
940beffbcaa1a7ae9aaa82b6ee4a1211e9983c553120b05243c5b2eb4ca7c92e,226,2020-10-28 23:45:44,1,4748466721,4748.466721,1,4748670202
6a714cb38269761158b15e45377f3ca0ee4a30dcd347896e54915b1800d2bb42,226,2020-10-28 23:57:17,1,2188111695,2188.111695,1,2188314576
272f072a722402e4383b818e41f58b92ed9a192ea2ce47451b03026d19ccbb6b,226,2020-10-29 02:33:03,1,7010148510,7010.148510,1,7010351991
473084401c894292d32dd0c89c9fa3fc01e0a1873492a408446f7132bb517c04,226,2020-10-29 20:28:03,1,8686051619,8686.051619,1,8686255100
b9b29f8fb5ff0d4cb728b4e1b18833f5c869d0be825eabfcbbfec62a92f0d042,226,2020-10-29 20:43:26,1,10336048919,10336.048919,1,10336252400
65a2f47a34cf46b8941788f6ff69b7939a660c0e7cba7e1428c3617931e4af07,226,2020-10-30 00:05:21,1,9797119,9.797119,1,10000000
c616319505961f4b253d19eb54fe759cdc8c776ad82e8b618e9d61b3344f45f3,226,2020-10-31 14:21:31,1,245550119,245.550119,1,245753000
dc6af6f1322840c830fc0e79aab303714ef7a9973d1ca9983213c894f897dceb,226,2020-10-31 17:47:16,1,9998796519,9998.796519,1,9999000000
5661acf05121cf6d95792aa76ad8be01db4c5073c8b232ff30e24205b0f8ac75,226,2020-10-31 21:27:04,1,4521400421,4521.400421,1,4521603902
2a037578b8129d4d00e69d07d67a1d8047b36076294764021304cc93baf41ec7,227,2020-11-03 00:05:58,1,1000000000000,1000000.000000,2,2282429506866
990c4db9bd2afaf6e2eb06d28661b35af22f6cff55212a20e3cf5cac35c19bb2,227,2020-11-03 02:04:11,1,1000000000000,1000000.000000,2,2016024193567
37d6e535b39331d12f77e5acec4b4c104d2c000303ebebaf478dd740c63d0c70,227,2020-11-03 02:32:11,1,1000000000000,1000000.000000,2,1787161551243
10b865beef15a8e714989bb27b06cf74d75d59c384ecc9be6a4bd8394e95f06a,227,2020-11-03 13:57:31,1,5537843619,5537.843619,1,5538047100
73a427b495e47670019eacab8f28f66c37a444dbcac02abc7fd7fc3f4990bf2d,227,2020-11-03 15:00:11,1,1000000000000,1000000.000000,2,2014829799096
ec8b3bc717a4ca97252f349d56bd0d14a9fc9228a4336344fae24e04af83356f,227,2020-11-04 03:04:51,1,1000000000000,1000000.000000,2,1607121462326
cf9a2efbd4cc3d311d2391e4beecfdbf7cedef7693ac4ae203494b59c18b7166,227,2020-11-04 09:45:10,1,4498796519,4498.796519,1,4499000000
456bf1eec8457d5d778cddcff64f97baa870147dc3126e569de083474effa743,227,2020-11-05 01:26:51,1,4147990667,4147.990667,1,4148193548
cf3bb2424eb00e5c4a66bc7fb5545f1d2d59695b5fe92f774f71f92192c6c7c1,227,2020-11-06 04:42:11,1,39997796519,39997.796519,1,39998000000
1a84d82afd939cf76f2803d173159cfa3c97ee021ca2b91f8283090970216989,228,2020-11-06 21:48:07,1,10551144,10.551144,1,10754025
d44d930ab2714d8305c3f0a551dfbcdda1447b3c7c655c85f13be42acdb6270f,228,2020-11-07 10:46:06,1,80264811,80.264811,1,80467692
adf39b4331cbc526aeef6158e4e72bb96197551e884070a2e17ec1b6fc31e9e5,228,2020-11-07 14:35:56,1,80339702894,80339.702894,1,80339906375
468b8d2cc0244df47150580d8576ddd0c307deb30f57dda1e4b918fa1c498dac,228,2020-11-08 19:09:47,1,13657219690,13657.219690,1,13657423171
9bff5a177b43556c375a44359ebc258aca986fd6d0b1c5ea8af745152f775fc0,228,2020-11-09 08:33:03,1,535797119,535.797119,1,536000000
942185ade0c19a5128996e737c67b5344ad24bbdb71600f325fefdd2724b1c3a,229,2020-11-12 16:16:26,1,10035796519,10035.796519,1,10036000000
16c2aa6f5f1212212203935eba6dfa73a83570e0a8e0b29a4ce63a64a45d1b19,229,2020-11-12 23:18:11,1,1025811466,1025.811466,1,1026014347
d0a66ee12aaea07a4f9a41261595475906fafc972c4e4e393a11962b3904954e,229,2020-11-13 02:01:13,1,999797119,999.797119,1,1000000000
bd460946832665c852cb26793934d4c20222d29d9bcb7136ff0ae737d31e9abb,229,2020-11-13 10:39:52,1,2865797119,2865.797119,1,2866000000
5f1235e5d4066f510a9e16078736ebf7da76abf4f995fbece9d59000fe3e2662,229,2020-11-14 00:00:02,1,1999260119,1999.260119,1,1999463000
a0aa75f24aac2cda6f42d046d4d619aef04670030afdf3be297b8a198f5717a9,229,2020-11-14 13:10:57,1,199797119,199.797119,1,200000000
f405f53f0d11aed9dee94afe6b547195c71cedf22902cfe8991d8b65e5cbbc61,229,2020-11-14 19:51:22,1,2300791719,2300.791719,1,2301000000
e1f8d90d9ca1027508cce49bd287c0d51ea2483000527e78c56af33a0816e8a2,229,2020-11-15 13:41:39,1,3989415719,3989.415719,1,3989618600
e4c6060dcfaa84c1c89e4ad77d6880bb5f9b15fda1fb8ac114ee4b50623c74f4,230,2020-11-17 16:54:05,1,2286693112,2286.693112,1,2286921943
60f90eae184433b5dbbe98fb2f71e7b05944efca7a654b063991636b1eb7972b,230,2020-11-17 22:24:23,1,649797119,649.797119,1,650000000
094cd8b98d284cdc647bffdffae8ef8dccdeed28a990a8972b8736059e2d077e,230,2020-11-17 22:54:27,1,16144796519,16144.796519,1,16145000000
7d4a2a6cbcf1876436730168bf33d25b0141073c57396d804db882df30fb0ce1,230,2020-11-18 14:28:01,1,1699258119,1699.258119,1,1699461000
d8a825dbb6b22e81d8ccf09de761de94d1efb960ace1123143643da9c2db6588,230,2020-11-19 20:49:14,1,4999796519,4999.796519,1,5000000000
0dcc90d69eeccbe1ea1a39e2af6bdd6654f9b9420717c5b3cbd76bdcce89c5d7,230,2020-11-20 14:49:59,1,26828939519,26828.939519,1,26829143000
9277a35fe4615ce7c16fd5010d1949d183f079671b04b969d15ed32800d6b1bf,230,2020-11-20 21:50:40,1,310525857,310.525857,1,310728738
ff7d250e751690c5856988218d02ae72bb41288de48058ef5461364c2ff3fad9,230,2020-11-21 01:10:45,1,101675894781,101675.894781,1,101676124212
bb8f42abf3832610d0fa37af93194d3196e7b2db22b7c8e7ea7e439d092d588c,230,2020-11-21 02:40:23,1,429438132,429.438132,1,429641013
989edd06e314b9bcd2e0602e6e8fc64de47d9050af1a6baf51895983ac3e6b54,230,2020-11-21 10:01:03,1,475797119,475.797119,1,476000000
86372ded4bcee074b27b110f1c27095610710d40818120184630e5534e0eed59,230,2020-11-21 11:10:49,1,1533698616,1533.698616,1,1533927447
d1c1874e7d7e9440d2c5eaca8ddc7789f9eacc791eed3885fe95c8cad74fd9ab,230,2020-11-21 12:00:55,1,14299060369,14299.060369,1,14299289800
26e476d9c70b9a10a5a0b0aefec17ab2f4b1b06ccc4bededef997a0b6702f7fd,230,2020-11-21 15:11:40,1,174196466505,174196.466505,1,174196799736
f123ac291eb8c06df86db3b0545fe3522de9ca339d17cc2c533e6c1f9f51557f,230,2020-11-21 17:21:50,1,1523370775,1523.370775,1,1523573656
6ad982abc6b5bc4a7fc2944554d961bec05668775ed7aad6382bb3185d67220f,231,2020-11-22 08:52:18,1,998797119,998.797119,1,999000000
090cc4a61eed31f5b1c0633eb1aec80c4fae61e14a5b60260a55d0dc73704d99,231,2020-11-22 10:22:20,1,7442475595,7442.475595,1,7442705026
005223782e357056a2206e2407742cc96d9394c1bc180ad2b26991c44288dcf9,231,2020-11-22 15:12:28,1,20248593212,20248.593212,1,20248833443
4735b11b7df095ba77b38096568bf848b86a4caf8b876f69d2d564b190473085,231,2020-11-22 19:43:00,1,14797119,14.797119,1,15000000
52db9f5e5b99676d44e268b05009e1f9302ad5d134a5004f3f06feb7d38477f2,231,2020-11-22 21:33:25,1,511117562,511.117562,1,511320443
2983cc1bb9e7365da72a33e132df9dd1aa882fe2ad25a23ba0918a1fea1ce2c9,231,2020-11-23 15:24:00,1,31492596519,31492.596519,1,31492800000
b6ef53f17cadc812815a274545e5a1be3e0d95e7639483fd9a45d6b191507b0d,231,2020-11-23 19:44:22,1,15204929385,15204.929385,1,15205138266
171af3d943031167d5522b526d79f060d1d304d550b273d339108d6fc096dabe,231,2020-11-24 06:04:50,1,10954796519,10954.796519,1,10955000000
4fea13fb075c5b3d3cac2d11d7e4da7df4c498a5e819c502ad319e28a8d80779,231,2020-11-24 18:35:48,1,6740397825,6740.397825,1,6740627256
bfab3727e8dd284163f0bc0d70701cea0476645fe41ff0c138a1c0bd4badbf70,231,2020-11-24 22:06:03,1,288632519,288.632519,1,288835400
2c08a9682dab198550e42611aba700e76ed064d2f4cea971616cf0954fce2538,231,2020-11-25 01:46:30,1,175304265,175.304265,1,175507146
02435d906548819b0437faec73fc3765e5b3d0a254ab39d23c164e5e86b6943f,231,2020-11-25 10:25:48,1,31701119,31.701119,1,31904000
73d083333d88acc10ee26528cac67b39da1d8e623fd71b23c634c8e8bbf5b88d,232,2020-11-27 05:21:09,1,1627998569,1627.998569,1,1628227400
c598c2f6fe1ecf65a9f1cb11b46cca860a5b64693a2b76062515544295d06c87,232,2020-11-27 09:11:27,1,61951887650,61951.887650,1,61952117081
aed8e2d6730d23fc50c8982b3db7f40d6b00ce724929ff46979262547a7a101e,232,2020-11-27 17:32:35,1,1000797118,1000.797118,1,1000999999
75224658f5a49176b5ac4b23b2bdd2d7590cc4974f1eade01aced8038be33f97,232,2020-11-27 20:33:47,1,18818513268,18818.513268,1,18818768649
333545ede54dda8d47637f06ba4334e0d1ba3e1f98eb433ccc39b40ac193818d,232,2020-11-28 08:27:21,1,208087619,208.087619,1,208290500
0313ba62ef5cd4d6a665d33dbbbaf650afcce409455f481f05e64a271851fef0,232,2020-11-28 18:20:41,1,126747442726,126747.442726,1,126747646207
7cc1f73583373a937a621d9ae48963b3360efbe3491caa1859f8bfbdc9418949,232,2020-11-29 08:53:49,1,4998796519,4998.796519,1,4999000000
b8b26060c05a9a65c36eef48b98ab9f5993cd05e8dd7dc126f184d1564f201f0,232,2020-11-29 09:23:49,1,4998796519,4998.796519,1,4999000000
a70e50bde2900a3dc8b638e7f332cc88a7ee043ad399c8e33235179880dff27b,232,2020-11-29 13:14:49,1,1689203019,1689.203019,1,1689405900
8f46b6f668a237da1299a632c40d9184c4c556b88edcb6251c0b86969795febc,232,2020-11-29 17:59:01,1,975145119,975.145119,1,975348000
a51c892af02b43e9ed357fb49f2630ab1f98c3bae4ab7d4c7dcfb1e617f32020,232,2020-11-29 23:20:59,1,795697119,795.697119,1,795900000
bffa288d1981f36df7078b863e5c7baf6a81b6bb26ffcd58b5860609c3014a46,232,2020-11-30 02:42:21,1,1915558913,1915.558913,1,1915761794
26d972c7a44751f1ed8fe74ec40e1ee4ea024d8088c7b900ab1bc9b779d0eac5,232,2020-11-30 03:12:21,1,6353833976,6353.833976,1,6354037457
fc13d20cd6cb4bb71b3d6aeb80a3eb4b36b645a0f842afe0f89846a98bca983e,232,2020-11-30 11:36:59,1,121674118,121.674118,1,121876999
249639356ab7a83b372492661522ded4df80e8de399271fa1934c7a2f2e77f27,232,2020-11-30 14:37:20,1,4640579986,4640.579986,1,4640809417
2be65db51bdeab0cc89bea4fe46f46288935cbad76fac0da077ad22bc25c5d7a,232,2020-12-01 10:43:44,1,899797119,899.797119,1,900000000
d6c4d8707c58d2ecd295c7962ee80b7ae4b1ff824c3b98d6b7e8c3310b9c4893,232,2020-12-01 11:33:54,1,117140549139,117140.549139,1,117140752620
afbf205a182957e004921efd3f5fcdf2b14ce0d9bef4f6335cd26ab803260f9c,232,2020-12-01 12:33:52,1,16219796519,16219.796519,1,16220000000
0762bb8f16eaea7454f9fedfca8d383a8d8585e26b19413c2af06b9de9288858,232,2020-12-01 17:44:01,1,2407053592,2407.053592,1,2407308373
5e0bd950a2ca59e6ee48c647b7f7c4c25eb051c070b665be6adb837e2544d8ee,232,2020-12-01 19:54:09,1,41665496519,41665.496519,1,41665700000
496253f9252b61066a19047d22925464918f81a73e912c604ea3842228f75169,233,2020-12-02 00:44:40,1,4699064569,4699.064569,1,4699294000
d751aa417af605f37eb744558024211f6e48d0ab4208fa8a1e2e12d5fa712de9,233,2020-12-02 08:55:01,1,2499797119,2499.797119,1,2500000000
618eb98e7525d15d86d6089b5bf33b385d70c7ad88a57f565759b859c047546f,233,2020-12-02 18:45:22,1,240202190,240.202190,1,240405071
12984cc8609db0082eec861c60612f2fc8f29bf231a51c24d1a1903a715a2634,233,2020-12-02 20:45:33,1,2324209544,2324.209544,1,2324412425
259feb6672fc97c9ac1ba4d20337d8bc6ed0e56b871894089029b25d05b69bae,233,2020-12-02 22:45:43,1,892497119,892.497119,1,892700000
e0e5369be30b279123aa6c7fd01ca98795d6d6c2f7f9799c6f9b424a56f5fe52,233,2020-12-03 01:15:43,1,1340428269,1340.428269,1,1340657100
c866603895b4cc3a55e644296059b1efee59e4b54056b2f0596bf921e02264a0,233,2020-12-03 08:06:00,1,113187076519,113187.076519,1,113187280000
b9f1472f4c2da345e775ac4e06c96f78367743053fe1de1c5031f1b9eb82bcf0,233,2020-12-03 16:16:36,1,69455777,69.455777,1,69658658
dc21023b4c7cf9da9a9255e868f24de3730aa97ed01d5f2154c1be16c49423b4,233,2020-12-03 16:26:37,1,903046169,903.046169,1,903275000
8c6e6a283e001ef1d9aca82637bc28fe2e9b2f6282cd51f507deaa421efb06bd,233,2020-12-03 17:17:07,1,126374146519,126374.146519,1,126374350000
eba95a0c21b3f421eb663f6cf789ed7a6c486e136a5b571bee3895be9c1be963,233,2020-12-04 02:06:57,1,19861717876,19861.717876,1,19861947307
90cf6225ef8bb8c6946f5733fa063f631af694335a509650e0073f7a7e36bb4c,233,2020-12-04 05:26:57,1,1446244000,1446.244000,1,1446446881
f393a4d21f3baf1508a9d0448068798b4c8e89bdcd20ae326b231f40365e35a2,233,2020-12-04 11:37:41,1,61243396519,61243.396519,1,61243600000
4d4c2c95c00d51b770615873b5bb1f2dd2ce836519150d0751b328a6d356144a,233,2020-12-04 21:18:04,1,17797119,17.797119,1,18000000
769c8c44a0138441630b207cecdc616e32ec30223c2a97ca29505769461e0fb4,233,2020-12-05 09:58:49,1,658137119,658.137119,1,658340000
b924fc75996e273b8628098ddbfe451488d01227c424211e7135db2ac71eee89,233,2020-12-05 12:38:53,1,33597119,33.597119,1,33800000
ffcbe119e3ba14fb250c02f2326d718a3ac64a787a6d337a91909156566c9017,233,2020-12-05 21:49:45,1,175123135119,175123.135119,1,175123344000
efc7cc2b2908b78fb08637eb1d728ca0520277cb52e5ec357f77090c5f6f36fd,233,2020-12-05 22:59:03,1,99414319,99.414319,1,99617200
7e22448df637dc1f6a922832adc64d51b122150f715b8771551cff0211fc0353,233,2020-12-06 06:29:33,1,445207819,445.207819,1,445462600
d7e96f841a0a7e7bd8542942a01b0ceaa12bfaea827b758c283fd78516ae7700,233,2020-12-06 14:07:33,1,659136119,659.136119,1,659339000
d9d4bbf01aa9828c45f84286c735b5168c2506f2d4062215f9dc177993d7d248,233,2020-12-06 20:18:00,1,3268463194,3268.463194,1,3268692025
a2a2755966c35125ab2c905053f81d1d6be6f3682a2a571dedb36c9d9a058a02,234,2020-12-07 15:59:21,1,509797119,509.797119,1,510000000
d923e3623ab12fa28eb413be16087031aeb63a5e810a1e44377ad3bff7322405,234,2020-12-07 20:39:11,1,372423119,372.423119,1,372626000
497864baf2d819f22ef5226732a1705172289e5c33c9a62ee1fbfe18df8c5e66,234,2020-12-08 22:55:53,1,17037149466,17037.149466,1,17037545397
d87bccac336dbbae65d12e349b3ea5ca60214c4b0d7c3e1228c38afc90961ecd,236,2020-12-17 13:43:11,1,68646705979,68646.705979,1,68646961360
198c3893fe6b5a58dea8cc707085e595cca1984de9532e450fd0d28f0b7a014b,236,2020-12-17 20:13:48,1,173757559520,173757.559520,1,173757763001
b284877a3aa6a6d792cf6b16ca2f3af6abc584ad4a49a285ccb203c4e454b8b4,236,2020-12-18 01:24:50,1,24420216862,24420.216862,1,24420524143
abc42eddcb40b92eaf142b5a7af40b441ae37af97f1ad8de084c338d302bc780,236,2020-12-19 04:50:03,1,48475219819,48475.219819,1,48475532500
62263dc45e3a72c0472d9dd30ad37a28a79aa903f92400e8bcc96126dd535bc9,237,2020-12-21 22:44:37,1,101407816644,101407.816644,1,101408046075
4d94dc1c19b5023b1cdde2dfa568027a8cfd6412e91c5e59808d56db811cb8df,237,2020-12-24 09:46:00,1,182808095241,182808.095241,1,182808298722
8b329cd6d9dd045f89f27bc0eef9949dcfe0909503bff2e504986b9f3de68b0b,237,2020-12-25 12:42:29,1,17507901169,17507.901169,1,17508193300
7d9838b447af5cbf0e9f4143609732f78405797c51067f46d7667f51d83830e9,237,2020-12-25 13:52:45,1,15306202573,15306.202573,1,15306457954
895e414c669197bef8d62c51e9bc9badc0c230f154d478c19b344f119c425f23,237,2020-12-26 02:55:15,1,147295430311,147295.430311,1,147295711642
577d7f94f4c095275522e47a7012271d318bebdc252af8b54dd3a3541c14e325,237,2020-12-26 06:25:45,1,80155049717,80155.049717,1,80155382948
24202f800d6da7dcbc1606ca9849b934ce37ad996f46f5d36f31edf5b4226528,237,2020-12-26 11:27:08,1,23922618669,23922.618669,1,23922900000
6c3a275c873adfe1df38cfacf7326b0cba39d1459f16722d501aca56cf24c687,237,2020-12-26 21:28:53,1,17694894291,17694.894291,1,17695123722
aeaac8795e6d57cba79846c0373fe6c42dae5bedfc0101fd948e062703b763b4,238,2020-12-27 06:21:16,1,199889620474,199889.620474,1,199889823955
68d87990fccee0351d8027ccdb1075d70130737da350dee75a5f44d93ede006b,238,2020-12-27 14:53:19,1,36711790033,36711.790033,1,36712186114
2fece2a24ae0d55f391881e4d9e9c830090321765b5cffb3928bdd22c90100dd,238,2020-12-28 17:57:34,1,15124604504,15124.604504,1,15124943135
b70d36a9fe3af57f0a6168596efaf051b1cc7c90c360fe9b2900f2e8be59e17a,238,2020-12-29 00:38:18,1,20661452202,20661.452202,1,20661863283
33443a340d0f844afff74c09af51ee5e7629739890f739b936a8a80e980b849d,238,2020-12-29 01:18:30,1,60999770569,60999.770569,1,61000000000
357e1d3a1ba079bcd27b7ee302da0abee64348751546b68a2914421e38a131ba,238,2020-12-29 05:08:48,1,240007846519,240007.846519,1,240008050000
85a46a0648d237e32a49e595232856ed4b9d2bfa4e51bc37c83525b521e6e38c,238,2020-12-29 08:39:00,1,23100115807,23100.115807,1,23100449038
8c77ca85c491530e911848b282c11130019761c323ba13781f42bae93660f0e8,238,2020-12-29 11:29:36,1,120080369430,120080.369430,1,120080702661
b16ffdf0b54e79f5bb91d2de919a446195cfc75f938bfe0649e0cd4c5e1c3fa0,238,2020-12-29 13:19:26,1,23133240460,23133.240460,1,23133553141
f0d388d6ace11223567d4bbf5fa02c5835164588c62785029160da45b1414309,238,2020-12-29 17:50:16,1,79938319433,79938.319433,1,79938704564
c90cff8f933e4fc6fec3d50615074bb03e30080b435788dc3932e7a1d9d4e174,238,2020-12-29 20:51:17,1,25189288375,25189.288375,1,25189632406
b97c84e2484ddc615bc3ec19396a0c4235e7a444a7fdec6aba9dbb178544b205,239,2021-01-01 11:49:28,1,15995396519,15995.396519,1,15995600000
b59810a194f295507ef503b61dc9aef227fad3436160764e42edac27050fd1c4,239,2021-01-01 16:21:01,1,39999796519,39999.796519,1,40000000000
63d945775f4fd77ac7029a6511781d88b35d9bd1883afc5a586fb9e557067ef1,239,2021-01-01 21:32:58,1,24064780519,24064.780519,1,24065062000
d517c4d860badd0314f83e8875c4167e432c625693b46fa854665ff0312dbbf1,239,2021-01-02 11:50:46,1,88761022398,88761.022398,1,88761490779
0e924259ef36534ea8c89b4f4f2308e97cb537240ce3a41e8632219035fa5a2f,239,2021-01-02 16:01:38,1,44704888359,44704.888359,1,44705201040
5bc7a4a68e3a7e22d8ecc1de771b3dc7f6c035d3d57b74bc508073d49525784c,239,2021-01-02 21:55:28,1,78454821584,78454.821584,1,78455102915
86f80a52da9c5e95e74c3b840a80abaa2ca66d0464610f855205487daf3383c1,239,2021-01-03 05:28:36,1,17192241256,17192.241256,1,17192476087
75627cf73349b6e8152c348973a547c9c12866d2b4f48620d846449fe40fb947,239,2021-01-03 09:09:36,1,110680138853,110680.138853,1,110680523984
e2ac991d96e946679ae8b28cb2813a7e732185bfa059a37c3824dc74f9ae8ce0,239,2021-01-03 14:53:11,1,21061807880,21061.807880,1,21062115161
ea6216002dd57194897a58c1db99bb72e880a91ea7775f1e15ac53a83389a0dc,239,2021-01-03 15:32:25,1,116096977691,116096.977691,1,116097181172
402b97dcd3d570bf7114508065b61ac1f189c19daeff9d3950e6339e107a92d6,239,2021-01-03 16:22:46,1,604402534607,604402.534607,1,604402789988
7932bd27c8b0102efbe293c979fa952c5f774d66a574ec25bf2cd12183d3db63,239,2021-01-03 19:55:16,1,15199131080,15199.131080,1,15199360511
d1799193375967e5bd88770b5204bc73220348dbe56d2edd919b51267887338d,239,2021-01-04 06:32:19,1,31448006401,31448.006401,1,31448526682
7a1b8276e3d4a36b32ca718bc03251e5412c72c5d25b49f9a1aa5c04474ffb37,239,2021-01-04 23:01:50,1,153178050142,153178.050142,1,153178316323
f9206e844175a96a1b8ba05ce467e314459bac386224a99c1ff5072a10bfacd2,240,2021-01-06 05:02:09,1,752149646189,752149.646189,1,752150006570
e7bc891f5838dad6893ed91d23162bfe466f186cea91f792a60ca34d7e2504c4,240,2021-01-06 09:24:30,1,5024796519,5024.796519,1,5025000000
81c5d707c15781c5909eba9597ab87f6739b6d4f87d6dd6495b0a70094a36578,240,2021-01-06 14:46:25,1,5408338777,5408.338777,1,5408594158
bbf0eddda67b5e776aa93db7826e02f0ca2a899a5c20a1e2a3e7e1092b1d215c,240,2021-01-06 15:06:31,1,9200091619,9200.091619,1,9200347000
d5bbb0cae7552b36485cf3ff573e34b644ff99f7d2a2072459bd9fc72d1bb1e0,240,2021-01-06 16:27:43,1,7178497577,7178.497577,1,7178752958
a730217472487254700350a018fe3a9173d36e4271302e69bc7b4fb59a867f6f,240,2021-01-06 16:37:08,1,31117605676,31117.605676,1,31117887007
e60252eb0731baf26faa700743d3c40af7e9a073a81b57cbc67d64e42ce37eb2,240,2021-01-06 17:28:11,1,6186917821,6186.917821,1,6187147252
1a1cdc6a6be87cbcc64ca9be24990ed2baa9ce2c4b3ed8cd9ae1ebebc3cbd1b9,240,2021-01-06 18:37:45,1,1922597119,1922.597119,1,1922800000
91dedcab94afdc61244462701b2b5f0a0b9c70236c9640221b6d417a4d8e2284,240,2021-01-06 21:40:16,1,21548273623,21548.273623,1,21548612254
2040941753571b8e1ba5db27e86a698c4a6f22ccc93f0d7f9623092cc20d1a0a,240,2021-01-06 23:40:39,1,3281647710,3281.647710,1,3281902491
e493e416d35b9342c980a06bb31416bd9dcda79e3564cb42d895585dabc574ac,240,2021-01-07 01:11:10,1,535546844905,535546.844905,1,535547257036
bbefa1ead078ed881da49933b702c402990855ff769faeb634fa61feb4863c3f,240,2021-01-07 04:22:31,1,1699594619,1699.594619,1,1699797500
4af434a4939daf53c1b32868238cf929884eaad012fda9827dcf1a80a80ae960,240,2021-01-07 05:13:23,1,29089753789,29089.753789,1,29089957420
8064b4c0414e336b092367ef0a4c79ade8f5f53c02cfed336d39a640241aba9f,240,2021-01-07 05:33:11,1,1315479119,1315.479119,1,1315682000
d4827e20b3596163eea149ba5d121b404f582961a0b9e704a6fc7063aa65de1a,240,2021-01-07 06:23:44,1,1113776645,1113.776645,1,1114005476
8cfe9e3f781e42aea9a2042fa928a1e241b1fb3fd47caa3fbed913fde7f9f5f9,240,2021-01-07 06:44:01,1,62744614469,62744.614469,1,62744870000
a66e639963ddfbe81f1f1cbb7dafe5827c1d4cd1458e91b5a9379e27d96961de,240,2021-01-07 07:07:57,1,910915170105,910915.170105,1,910916440536
2edcd076f50198e71666684283ecda8569313ce64d8f44429bcc5957e3a0fd97,240,2021-01-08 02:44:53,1,520930145997,520930.145997,1,520931201778
3360b116a177e85391ff30ea3c9412b1def16f6c5f86df9fd60cbc9574eebabf,240,2021-01-08 13:09:43,1,534088348319,534088.348319,1,534088614500
127137aa0a13038aac36975239bf1945fd90b07b998dcc121997caf9c6b7e046,240,2021-01-09 02:04:27,1,576252720485,576252.720485,1,576253095866
b4ff8a557864b43f12dbac4087c4f973fd9a5ad16b07ee408386da4bca78e37e,241,2021-01-14 13:06:30,1,639357350519,639357.350519,1,639357622100
739d7dc46f8c4692188b72f8405810bb6ed79c3019d3df872f943da23ed148dd,241,2021-01-14 18:11:11,1,774300804476,774300.804476,1,774301086857
3ac654c4e6b09c45042284cffce66bd3518af252188643fde2660f25ea5f3caa,241,2021-01-15 05:09:01,1,578814909745,578814.909745,1,578815155376
ff4721aa3fe32754a3a7184c8e7b4b907231736ccd21387eab47fef3e729e2a6,242,2021-01-16 10:14:45,1,502248571877,502248.571877,1,502250613908
5bcd185924b0585a9c9619e4df8991898274c0e7ec20670846a2bf25f783fe3b,242,2021-01-18 01:40:24,1,526258693671,526258.693671,1,526259225052
5001fafa23b819c6b8a135f9fdff49e3f5e5088cd42d3560219bebfa05ad89f9,242,2021-01-19 15:16:49,1,401732169821,401732.169821,1,401734259552
be5ebb2946d0910d2372afc0b8abc993af1d2b9736495f1c3f97734164b8348f,243,2021-01-21 00:18:25,1,539168935756,539168.935756,1,539169316537
b8ade8bc2b36561ac8bda12ba502ceb697d7d4d07196f37c5182dbfd9f5a9857,243,2021-01-21 22:32:27,1,558546706867,558546.706867,1,558548136898
6dc6050deb2cbc1c8d7bc2edd05ed4f5bb2e7f3830f5e9caf8008814f381dbab,244,2021-01-28 11:21:35,1,337076223902,337076.223902,1,337078395833
2891deb2ec62d19dce0514d73ecb699b3432c3cec2699e356737d0e9927ba546,244,2021-01-29 19:17:40,1,317125487912,317125.487912,1,317127619193
d32ea1af79a113479348aff03287c4bc69c3aa715f8d84ea0534c13a7a5e8bd9,244,2021-01-30 19:56:55,1,217929138149,217929.138149,1,217931351180
cb60f72cb3fa8b421c6df258b34bea849d9fe1f8929763bf0ffa0bfc1413e8d7,245,2021-02-02 03:50:01,1,561453520694,561453.520694,1,561453885275
2319bcffdf3178a93239d77ab799eef4b3b59fb32c68925ae00fb949648fa297,245,2021-02-02 11:35:51,1,614159644855,614159.644855,1,614160072136
c512835285a4bc47ee9b66837114c81a60e07b8e48f5f88078d6a70bad90add0,245,2021-02-02 22:34:08,1,204208051193,204208.051193,1,204210140774
3c0944424afaaf509828592221000329e181b53e696063d512c5fa808b7bc796,245,2021-02-03 15:04:27,1,565805161544,565805.161544,1,565805433125
f7ffe89f3d8b012149ded454f239f1a1494a1f0e0496bbdecee94c5e0c1e2b35,245,2021-02-04 01:12:22,1,665703201301,665703.201301,1,665703463282
7ef156177588a4205ef8339a02457b69fd8b2a00dadc5a6596f5aaf642771e72,245,2021-02-04 08:38:44,1,474635146535,474635.146535,1,474637277216
47fa5a039d59b6fb0490474cf3d9da30be6a5d21c5f9f227ed111b9f0ce49fb1,246,2021-02-05 00:29:07,1,632784908419,632784.908419,1,632785180000
98096913b409b751b3c825f3c0da24e40ba8561d8932337e22a849ba64f328f1,246,2021-02-05 10:25:27,1,616200594719,616200.594719,1,616200918200
ad740a7bec32dca47ff4ab50cb4cc2fd00c0c423e81c3264d2569b807c4869db,246,2021-02-05 11:36:20,1,447898784525,447898.784525,1,447900956456
febf6f6419810aad81d97ca780e6e574fcc1009ce32bd7983adfd2c6f3359f80,246,2021-02-05 12:57:20,1,506572428330,506572.428330,1,506572741011
6509d6f6dce8b703573b9300ecb46b44c4f64cddf10b9fa6854a247f06c2bb83,246,2021-02-05 23:04:31,1,615055844369,615055.844369,1,615056090000
897116b1ea888b7bf942ad309e1190e4262d3e2f31847a9ae7e8d0d0dc5c07d5,246,2021-02-06 01:56:33,1,622662135719,622662.135719,1,622662455000
252b7aa781acd8f228e3f7b8a15f6b172fa642a2fe6748b0353b4883e8e4c8be,246,2021-02-06 20:18:47,1,960995860697,960995.860697,1,960996185228
9adc8044b64dbf35c7263596707aef79a5ccaddb6d717f3aa001603aac0e2a24,246,2021-02-07 01:32:25,1,142957111593,142957.111593,1,142959201624
4aa9106dfc069c155b9f0e2c908f77d1c3d58409accddef3246df081a2ef8b28,246,2021-02-07 08:16:29,1,515383208144,515383.208144,1,515383537025
59acc4f32efc5e3ce554053d45061aed5d7d210826b35288d1468daa72856806,246,2021-02-07 09:28:08,1,509618482769,509618.482769,1,509618750000
058058abf144d2905544494115fc05d4307588bb3d3648604b1a4b927d05eea6,246,2021-02-07 13:20:00,1,569452334773,569452.334773,1,569452727404
279f40b46e72a07f992c82357cd2c19bf59a5ebfd46c4a7ab072f21c12af1d29,246,2021-02-07 21:38:29,1,725035193539,725035.193539,1,725035590520
7ecec8cd372d28f1925872401f3f97e1ba13feee848eb3406198497aa59c904a,246,2021-02-08 09:53:21,1,160634032282,160634.032282,1,160636183963
b817bc79f0dc5a4098977bac4ed0e903f0df1ea6d93ae00abc853fec250e3bf3,246,2021-02-08 18:11:13,1,315378991334,315378.991334,1,315381122315
24f66e24360efb8d60db4c87737e8dd92ee70f3a9f2903d0cdd9feb350f4b751,246,2021-02-09 08:23:09,1,118653381754,118653.381754,1,118655554135
42ca3587a09a5e71d50767c327a0576d85c0ce9f6a62a5f376d97b99e7f9fdc7,246,2021-02-09 10:33:53,1,537884218969,537884.218969,1,537884470000
186c3f9e2e6799881703b49cb89f360b10a3e656a49faf223c5f8f7a7474365e,246,2021-02-09 13:14:54,1,117048866513,117048.866513,1,117050936594
7111c3ca61971da0e401ec76965cb9e7622685224cc224ac224add55bf804c08,246,2021-02-09 16:35:45,1,658005843019,658005.843019,1,658006120000
0aee59c0c8b6dab1df09cb8a0bca0967672f1ec5d10bc146969a55ca5deb371c,246,2021-02-09 19:37:05,1,581650748419,581650.748419,1,581651020000
d7b787121bb667943e0a0503b0e6aedcac76bc8b4f6e5c687976be2a63b756a8,247,2021-02-10 03:49:48,1,113400014590,113400.014590,1,113402042821
4157cc2f7c455eb03bc91c79208746792682f9de06574db50f29ff18bbaa8440,247,2021-02-10 07:11:31,1,516006046975,516006.046975,1,516006439606
663488f2696d02db4cb9ac7cd994a14431be602c00e045912286b282923d94c9,247,2021-02-10 10:23:11,1,518545191765,518545.191765,1,518545588746
d81244b3e09e33ac436c036f3c3b735430414a5c218be6f49cbe65cbe78b1f88,247,2021-02-10 18:08:09,1,267466940322,267466.940322,1,267469092153
1473beddfbda38f2e0eaaabc59905a27fb1c30aa3baa308108cb154430142979,247,2021-02-11 03:04:09,1,308392237648,308392.237648,1,308394286279
2ff9c149ad50a7b827863a49ec22cbd085ed9c8a782d86f1c3cc62a939769a72,247,2021-02-11 06:56:02,1,439104760073,439104.760073,1,439106808554
e0ddf92cd4c3f3c7644c291db1c6aee882ea2188c41e296ab5331f55b06b7e5a,247,2021-02-11 19:02:35,1,327977688337,327977.688337,1,327979860418
3b5c62d000762a4effc11030cd1faacaf4e35555640ed9921d056741c97cbfa8,247,2021-02-12 15:35:34,1,231142206239,231142.206239,1,231144338120
5b7e2293e20f00e2d7863a3a728eb9f80da714de3d14a0242979461e70a242bd,247,2021-02-12 16:06:03,1,528550611119,528550.611119,1,528550940000
b7b0107fb9ce1f0f131f640a21e799361b437903a1c76e57b56542cc9f6b591b,247,2021-02-12 18:47:48,1,115001233684,115001.233684,1,115003406665
e5ad1422fb108926e15acc533dc5f05907df7fc379cb70341f0042fe3486082e,247,2021-02-12 19:48:48,1,724104660822,724104.660822,1,724105141053
50025b2b58a19b14c8e73d31e6eb718622616885fdf77a2797820ff92648eb4e,247,2021-02-12 20:58:58,1,610004419319,610004.419319,1,610004711450
e2b50d8032aee1bae4f29dc4f951ae8b86ec31ff9cbf05981f9e610744895961,247,2021-02-12 21:29:51,1,525282959769,525282.959769,1,525283200000
6cc964ebc6e2ded44d1cd7b32e0657f1f0c298794ba0b7e4b2eb095e86e2671e,247,2021-02-13 07:35:23,1,169034235308,169034.235308,1,169036325039
1308acf9da46a55177e577e7c0b4799d30d9332fa64d6611bf34d62a4a5ff6a2,247,2021-02-13 09:26:34,1,513909564223,513909.564223,1,513909993154
c943285a2c15c39dad696a35a955a325582be5d189207b1fb637927fdf476bcf,247,2021-02-13 15:40:23,1,62117265924,62117.265924,1,62119396755
1b4df4f5d9bdb36aed9645d3c493c72caa6c5c1f9e5195edad41223ee5db92df,247,2021-02-14 10:53:47,1,291889456286,291889.456286,1,291891504617
3cba99103dd8917983c7812baf24873fda548423277cf34ad9469a9699170879,247,2021-02-14 15:26:31,1,506440794569,506440.794569,1,506442291500
906aca8443f10591e9fef1beec94aa3073b026bfdf552d88f33eb8bb883d2eb3,247,2021-02-14 20:41:31,1,689267305469,689267.305469,1,689267630000
93491bcc5178539c24d7d34158b27125efbc04a61cc272080ca4804ebbb652f8,248,2021-02-15 13:17:00,1,529549739783,529549.739783,1,529550095664
38da740992eff7219467b7668a5461e5f2b226a903584e3b82faeeaaf54fd75d,248,2021-02-15 14:38:02,1,166555510043,166555.510043,1,166557640724
0a002491ecdee9db6154e3b01a6f8303a68f0d21f46d4c6f5cb2c505d936b40d,248,2021-02-16 04:01:31,1,173917448260,173917.448260,1,173919661591
9c55400e7b2455a25657715de179ad889fb98f4b46342ef1f89e7e4e47bc0692,248,2021-02-16 12:36:01,1,505084602509,505084.602509,1,505085131490
f0af3b72087fa82a95878bfced945670b6e2644cdeebb050717b3fe1d12a7bd7,248,2021-02-17 17:53:44,1,544593057082,544593.057082,1,544593350263
d309b3face4b7813261b3b604696a1f778bf56b0ec7e24397645f72e11864a6b,248,2021-02-18 02:22:33,1,537312460719,537312.460719,1,537312780000
303ed46f9399cf659f9209967070b055333c3959b6a170e91911030c2ddc73a8,248,2021-02-18 18:14:29,1,78173370808,78173.370808,1,78175481389
5b62850775a1604de06ef7a977320160f2cc5a2a6ec38c2eb026fc3ca89f495d,248,2021-02-19 02:00:51,1,144756654808,144756.654808,1,144758867989
6a6213ba6c0935f25fc69de2a849c0cfe4d016b5635170e733b4a053ee2697a5,248,2021-02-19 15:00:20,1,73228522810,73228.522810,1,73230694741
bc4c3fb2fa33f55e28b7d887038e8555d86286ae905eee60fc2e78f366569ebf,249,2021-02-20 02:39:17,1,840017170169,840017.170169,1,840017432000
fa5fda97804336423d28e694211e7baa4cc5a6852d07f03899842fc5947dd18d,249,2021-02-20 07:33:47,1,516876460942,516876.460942,1,516876800623
4e8bf453626d827bddc1fdd69bfcb3bdfdd2848a6bf05c857bfac1369e718ce0,249,2021-02-20 14:01:27,1,591320551669,591320.551669,1,591320860000
81819381d30990523d471f07e194f28a88afce8d80320e6386edbea89ebfc0e5,249,2021-02-20 19:45:31,1,75423453322,75423.453322,1,75425563603
bb43a40e5d71664550e63bda4ed79b1207a71c19b19a804fed3a2bad997cba8e,249,2021-02-20 21:06:56,1,709173825515,709173.825515,1,709174228046
8f5b7059f3d863070af6ca8ed12124d8f65d170cb199bdacb8d4e77d29d8a9b7,249,2021-02-21 04:03:31,1,513875770819,513875.770819,1,513876100900
4a419d4ba0661b143723eb60369e788fcd7883318229e4c14235c94ed78983cc,249,2021-02-21 17:11:42,1,535712160869,535712.160869,1,535712480000
99456a7792582d1ce80fd7ee5d4e2a47207226d0fb7274a8ab9217239efbc7ed,249,2021-02-21 20:43:59,1,128866970372,128866.970372,1,128869122653
ad633b3d52ea7fdc86c8c8469d7a484b8a82affb91a2afa93c8e305b1a2facce,249,2021-02-21 21:54:42,1,646845558540,646845.558540,1,646845982971
