consuming_tx_hash,epoch_no,block_time,iog_dest_ids_count,e2_dest_ids_count
a71578ec01f6cf39dbcf31351631159e3dd6fb99dd475783effbc65b90b8f0f9,95,2019-01-15 21:50:51+00,4,2
fb46644ed1575c8620f0e1228a7fcf1f8530a23affdcae8b8b8179dd8476a984,125,2019-06-12 01:04:51+00,2,2
c72f9384bf92ed69f1f8ead364c709b61921455b79664968ca975c16ae7edcd3,125,2019-06-11 22:54:51+00,2,2
36dcf3e08498b0ae22bb8e6c217597e9c01791f1940065fc95f72efa60d8a7a2,132,2019-07-16 15:19:51+00,2,2
e524d0220f9f17b8eedab524900f0ea06b663c3e12481210b46fae72f2375cdc,132,2019-07-16 15:18:11+00,2,2
2b5ca99595a44da21700b8d5a6268118d74afec3c05fe4b813a11ea0de48d276,153,2019-11-01 05:48:51+00,8,8
f2de36dd4e2c5e79657dd3a042e3e24db678844e8be47dfe0eb72fda456737a6,153,2019-10-29 20:53:11+00,2,2
d6ff2e3c54c7bcd2bb6fe08f92313f63e5989bad01b292145534ed9c9f1f3d6d,153,2019-11-01 05:51:11+00,4,6
ba241ecd7b2635919a1ee59aa561f9c37f53c7470169a338cb3fe091a99a13b4,154,2019-11-04 09:34:11+00,2,4
d038e876bda137467439acef281435d7aa2273ebfe57308be39969719e030c8d,175,2020-02-20 08:38:31+00,2,2
767f60d55b9b8c86d3bd8fdb3e6a4cf0bdf6f9d5ead597877574ad6bcc7f65e3,175,2020-02-20 01:38:31+00,2,6
fd94e97cef3264546fc3c2af276dbbaea937249424484322e525baee4dc0711c,175,2020-02-20 03:07:11+00,2,2
e19fe13aaf89ddd1d365110ebe3ae779507ff057717a6ed82c7940afaf908046,180,2020-03-12 04:44:31+00,2,1
850b042f0e52d890a2b2d8dfbd291cc0f4a01cc8f4210b2e63bedfd1444bec58,180,2020-03-12 21:09:11+00,2,2
bf18bfd822df85c3da981e9e53b9551f6890c5caa40585a63400e302b0ff1726,180,2020-03-12 04:41:11+00,14,4
31758ab0634189b80f4a171022a8af33b59243e914d34446e5ac02589ac94e2b,180,2020-03-12 04:42:51+00,6,6
6f355004c55cd2a3334ed2b1bc867cfd0a9ec8df73d6be1650bced97d2aaab49,180,2020-03-12 04:47:11+00,8,3
8c0c03829b6b4f19c8cfb05f6fb34f7aae353b0ef9c6360e638a30176ead85b2,188,2020-04-21 05:44:31+00,2,1
197f9d27e49345cc085c9a2951d96c77f57f1cd82a71c095b7b7a3b36e74855d,196,2020-06-02 09:58:31+00,2,2
eca5922f880ff486a9106cf15c3ab6bb193a31b69aa882cc7a571c7b3dcc3cd6,210,2020-08-10 11:03:51+00,35,35
43a08b9c32bbebb59ef7383d5553192b7a26b466758e5f13151f8081c08589c0,213,2020-08-25 19:20:54+00,4,2
4c32809add6166ab0c471b0ff2c0c0a827ea3f384722e79366a945f764a80abd,214,2020-09-01 00:02:18+00,1,1
e75b78b0fe4a612e26e34a9a219fe8d658c396fcef2abb5bc9919e8a0c928594,220,2020-09-28 19:45:09+00,4,4
d7e81739b302896774355c575151497dd5120f01d67c88b20a276b0818994919,231,2020-11-24 02:09:17+00,1,1
34147ef46fd105ed39e3be63ac194e79622fb1bf9ea6e50313a0c3e0e6fd20c3,239,2021-01-01 10:17:58+00,2,2
feb83888ee9770548e64d9f260935ef610c203626af37033babdb92cdc6b64c5,244,2021-01-29 16:30:46+00,8,8
c080b5418cd1fce6af3a8295671044cee209dffda6949d9186f6375bda08046a,245,2021-02-01 17:00:41+00,16,16
a594f027891105f50d36bb8a5d1b43fe6eb81673aaf3ade90633f9092ff8ac87,246,2021-02-08 07:02:45+00,16,16
1d4f2daf1d220d117a3dd12e043ada147b58f5c5eb20ea9b7a8d1b6e96d90b9e,246,2021-02-09 09:46:41+00,48,16
c8ee9bc6c5ae754426087b27c7cb4c6f91001b33ce04c0091c03193097dfd163,246,2021-02-08 11:47:28+00,16,16
34fc0ef548ecdbe682ee8be90caa4894a563ebc8fbd81598c8b5ff6c3dc50355,246,2021-02-05 01:08:54+00,12,12
ea11506fab9768897f492bde29c373e16f27cf79a60f2277ca280b89984cbbc8,246,2021-02-06 02:47:16+00,2,2
bbc12bc723703c78360e19f982a7557d47aae6938ccbe27b9b4b4113c7629d93,246,2021-02-05 02:05:27+00,16,16
741023bc0726991c90b2a74db65af7bed73b0d6dd8873716a3eac2c1b27e336e,249,2021-02-24 04:59:14+00,24,24
c9fa073b2760ff79babeb8a9cfe25c015bc21619bc13f63e0fbb83db48a693b8,249,2021-02-24 16:00:20+00,2,2
0c9efa3c415816d7768644c8eaa6347d60b14c08c94ac6590f768c19ac8b7341,249,2021-02-23 01:59:49+00,1,1
504ca7c0605fb354daef7bdc89237635f729bd83bdbace65e9adc8fc8fabb0b6,249,2021-02-23 04:02:29+00,2,2
7cb8b3291c09709d50cf9a3ba24bc2dccec2686d299c65286c0a06209336a2d5,249,2021-02-23 23:12:46+00,2,2
2c070023c3047cf930e29657133932c5ca9025c08a52dc2856853c4913d8a4ac,249,2021-02-24 07:53:06+00,12,12
d6e12fcc4c390689e0c6d45b6edb0e04653c1c0babc764ff8ce403a314204b92,250,2021-02-26 00:57:00+00,116,58
3a3aecb486ac3aeb75a77fd463c7d2181652dadd81b360c0eaa944bad0384fd0,250,2021-02-27 12:01:49+00,2,4
6bbe974365ddce508abfa9656a00636645ce90bb698cd786801d53a66a062bb6,250,2021-02-27 18:04:30+00,2,2
e591726c02b58a933ee503332eb41d01d78cdcf1507ba897adb9643a6dc23e97,250,2021-02-28 12:34:22+00,120,24
2a024263af061cb0fb3a2c9ce5094175df0d1155ace7d0021244763e1fa65ddb,250,2021-02-26 16:55:08+00,30,30
69cb1d63f08605efedf15dd09bf9f27bc140bb193787cd44c878210e5b86d80c,250,2021-02-26 13:39:44+00,40,20
d79095203439f1edd2be93fe5f049337a70b737c122915cdf0124656b2a0261f,250,2021-02-26 16:39:27+00,104,26
83b0369fe1a0286ced96d12360dbe2628c95ede44b2071a6df4cb722187633e9,250,2021-02-28 09:17:05+00,10,10
c99a01b7a1f24c3640fa0ea3fc582a4e318513fbe5dc570a88ad75402479c89f,250,2021-02-26 08:29:39+00,48,16
254fe4a5eb1a7ea3a117fea01b496836bacf32b4b8ebfdae91bee3dd2da13d81,250,2021-02-27 09:26:06+00,30,60
1c78fdafeb05d0dabcd3eee16dc9c90ba908fa3eb0633f6dd009d4cc4f8be33b,250,2021-02-26 21:56:29+00,30,30
661db09e982c63ebb7b010eda61ce36c3f1bd7f040d2d7a348ae03e1053c3735,250,2021-02-25 20:52:26+00,20,20
e192abbdfe21932647a4a38725e4333a7fbc0aad622503afc6cf650cfa7d9794,250,2021-02-27 16:02:41+00,2,4
f062f77062069d725dab27c2c8a2524c16d45013cbd84671a73d31be8d9f64ee,250,2021-02-28 22:00:31+00,4,2
8695f63316e02747949de0c1f7b5d8f57b5ce5e02f41d1f185ac420a1d625caa,250,2021-02-28 11:45:36+00,14,14
7e572d9cf963f561f7f6f846fc44a689205f47dd2deeb691b4fa0a1cbebd6639,250,2021-02-25 11:23:26+00,8,8
013688c2632f4947cdee7f393edd8576589de79be16b20daa89eae925b7d4b4b,250,2021-02-28 04:59:48+00,60,30
66d4a0202074080df69d3749074bad7c4baacac98270062e8aaf944043a645db,250,2021-02-26 03:37:41+00,6,6
571f776c0698c576ddecae145f97e7f284b82ebea70fbc924fa4e2a4a6258020,250,2021-02-25 12:58:28+00,6,3
6655aa158522ebd9d015f0f96abf17d67d1e97831650280650c6e5514a3379a1,250,2021-03-01 11:44:51+00,54,54
63d016a5bd29e09059c6a14d4a703aef4f3fc8fa1eaac4c0ac14317d085559ce,250,2021-03-01 14:43:22+00,20,20
3cc74179672c5a2d011337272d7a07b9feed066dd23330368495ed269bdffa97,250,2021-02-26 20:19:45+00,120,30
ffdf617ee9625672a18722a53915f171b1ff7985fb0109a1c4a5103af02ef03c,250,2021-03-01 06:40:30+00,14,14
913e59aff1c5795fdf478d106e8daecc77ac080a0e296178584fa2921fd01bd4,250,2021-02-25 20:00:47+00,14,14
a9773974d36b056989b087b1ffa7c1bd3b85b0dca490e76bb5cfef4e42cc303c,250,2021-02-28 13:02:56+00,2,2
d3d613fd4b832ae5567ca470c223d3281c91b47d6238d5686ff03681ccd5b176,250,2021-03-01 00:40:18+00,30,60
a8a61002dbc1096dc666a4e04b5200882890061ccd2efe6000798d75cc7c738d,250,2021-02-27 05:51:49+00,30,30
69652e58c3c2d46e58ae6d85e136840ce14cfcf61097cc8ae60946feba15af4e,250,2021-03-01 04:00:32+00,2,2
e0a42f8715b3be0222d3c707966359f742d37839aaf598f5160db4720ffcc2ce,250,2021-02-28 20:04:22+00,30,30
7fdcd83bda8bdcaa9379aac33f84a2812e77d8bdca78b021ebb2bdea8d7a9937,250,2021-02-28 07:38:28+00,20,20
35b4bc0efb1ee63d14b0cd36a42aa1a8e7294cd812b528c64e771e2ed6dd7cf6,250,2021-02-26 21:03:34+00,30,30
7e405e0b97b2d94b201308b5510112e7c75a2620c5f05c19f3a0377cb12950e0,251,2021-03-03 22:01:37+00,2,2
f40bfda3db9776deb498c152639e224882d121e99fca7bb688e64f418e02faf2,251,2021-03-02 08:40:24+00,2,2
8f8d0b90a5a4da4c3306470a5c7db5fef709c8ddc116ca1ab1a2814cefe3a6dd,251,2021-03-04 10:14:15+00,2,2
2e4f46019e33fee90edea8216fdff6862578abbaf5b82dd746d0b57263e4de77,251,2021-03-02 18:01:10+00,2,2
cd1b41b110634bab1498b6caf0e25b7103bbd9cc0cc2982a46838d74e85804fa,251,2021-03-04 21:00:22+00,2,4
967afeb7f2fc3962193e4262a885498c8134cac8f6f2e587969eaa5a7436c1f1,251,2021-03-05 04:02:08+00,2,2
1823dc12d67c643b94f929ecae1f9d1ee6e589a5bcae2972a465d03b0646c1dd,251,2021-03-05 07:30:24+00,2,2
3b960aa1326649aeeecb1bebd01e06068000271cebb23ead021415d32cfb9635,251,2021-03-04 16:09:30+00,20,20
ce08f4791169e6edf4a1616cbb0eeaaa2aee295144e3fb5fde7cd844b581837c,251,2021-03-02 00:00:21+00,2,2
ae455b226784c3d567a5ad86719c829f8e696a6ae8f157166a8123dccf944a97,251,2021-03-03 14:26:55+00,18,18
fa7d3e71802ea5faa0099d782647f782c4d02dc9c4b46e90542dd82c0882fdef,251,2021-03-02 20:04:40+00,30,30
a6071400e9d88c9b325b4bbb8cd5f0afe6260cec350e1c5e224118a6a96e4c63,251,2021-03-01 23:23:29+00,16,16
a6a25d220841320c9b9ecb8c396dfa0dd52775fd66e8583c86881b8311c00de2,251,2021-03-02 03:22:42+00,30,30
a97fe9b52a52e4e0011bfe2f43333cebd137f7c255b76b8292403ba6ebd69ae0,251,2021-03-04 14:56:11+00,2,2
460569fcd874881af27c757a526649480003507fe095510bce08f6552f28dc81,251,2021-03-02 04:12:55+00,2,2
5e9e82c450d4f10d4b6d640945ced3ad053b372398ca88670f66bb3ec228c713,251,2021-03-03 08:44:15+00,10,10
c7a685384dacf404d2b11c97f535af6fe77938621a681d6deffa3278f647ebfb,251,2021-03-05 07:05:14+00,2,2
a0fc3a6d07fb1368c734ed6a5f0bf782d0dc9038732e44097845af95102fcea8,251,2021-03-06 08:41:15+00,12,60
e4ba16f4005336cc9bb29475cd0d27a1a0b325267e47ae2c75c1b00885ca0daa,251,2021-03-02 17:34:06+00,24,24
b190ec4caae095b88c5b7b5563cddcf9f2480e651a2280685864f6c398316433,251,2021-03-05 12:59:29+00,52,52
63d239b0a577d34f560e58e53a52ff1e27f79a834373a464844882834debfc56,251,2021-03-06 00:01:30+00,2,2
56afc08d17d18e673d649cd7e4f57843b18915fe9df2de18309f0c9ee420d1c3,251,2021-03-04 15:41:25+00,24,12
3d18c1136aa4e8304b807141b0ac4d91e6ba36f96227494673e0d0de1fbd2640,251,2021-03-04 16:59:13+00,14,14
087d945cb4058b4c3c8d90e4cefbcef8868c0b53df1c769099e77ff2d1b20881,251,2021-03-02 03:59:07+00,22,22
54113864058121a126b22acf74ef3167387e072b0ec6f85e3e6ef375a5eed771,251,2021-03-02 04:45:21+00,28,14
6f4fc3be74d7fc86c71fa95c270594de39904d9349836cfa44077994704277c2,251,2021-03-06 11:41:03+00,14,14
fabef6b84b34119ff9016ae518aaad1df5343a78d2e93812a2c457e5e9eafadc,251,2021-03-02 18:00:46+00,4,2
dc9173a20f7a22ceefd10905a7aca4141632301f35f7a99d3b7cd4bdc297fa03,251,2021-03-03 21:38:15+00,28,84
2f7d194d6ccaeb73b80a222f2b67467e72952bf9f0a7cecc0a218a956866c9ae,251,2021-03-03 01:20:17+00,22,44
04d480f4b46efb1db6b2e71abdad9e88f30b88e2b4d00299e98ff5dc9d063380,251,2021-03-03 01:57:09+00,20,20
5d948ad8dbfcf935a17f9acc7f9b15a5a01d63a70de7940346f6b190f3225925,251,2021-03-03 08:37:13+00,32,48
aeb2dfc801c5d4110396bcc6f0bea8c887a14fac30bc9d79a943992d8d3e9bb2,251,2021-03-06 17:45:56+00,32,16
fda661efb9e71294fcb2c2ea5cdc11d5a518c6c4bc68b885b8a7e8a8d782e024,251,2021-03-04 13:25:13+00,24,16
c53401617e4e7ba937c4ebfbd845b1949891d63654cfc5fba2931ac8255bc14f,251,2021-03-02 10:29:21+00,10,10
05bed01e9fe062823376e7fabc442f298f8c0a450a58e730222f71fd95e5b45e,251,2021-03-05 08:02:33+00,2,2
c5d9f29659f2bfff5d5410b771cd2cd6701bf744dcb9da30309e376e9492aabc,252,2021-03-10 00:46:18+00,16,16
0cea4c851e078c2be6437c048a54f305728081e51a8da8d46443e0c460fb6964,252,2021-03-10 13:24:04+00,18,36
77fa876699a542366c599dee3f052d192e3cad70cc27de5ab13534425d4f1bcb,252,2021-03-09 14:50:32+00,6,6
802fb995a3e7ebf7d0ace1642ce9189a059c0d233d4c3a006bc29aa474ee1c4d,252,2021-03-11 20:29:09+00,30,30
88cbf14cc7b58d4a569b04b54f410a2f6996def27820d5eb52ecacb6e1fdf79d,252,2021-03-09 19:30:27+00,24,24
7c58e178d738b686e03424b2a0dcbe51f034c8043d59f16639755b7e7533bcd5,252,2021-03-08 14:00:26+00,4,2
fe235723fda0b21bab0eb72772ede9d979ed3c1949c4cee53979c2f22d4e1f9d,252,2021-03-08 04:13:25+00,8,8
892c91dcac1ca69eb9360ae80ce436b9c742940f581c6f867b0a7bc7b6c8c27a,252,2021-03-08 03:26:29+00,12,36
2ba4050b0e3766b6624d8a8539b2d1b23c26f2e181ab1b6da7ac11ac82370edd,252,2021-03-08 02:50:55+00,18,18
14f93ae9869959f61719a39c1440029eca93756cd8e144cf0899d120b4e83c00,252,2021-03-10 12:44:25+00,8,8
ab6fbfe642338a1f10f2ceed05944775574e02b228ab11a66e4d022d92996167,252,2021-03-09 03:40:34+00,4,2
07e526757e1646df903647d2a74314718503aee60e4698ae0af0c431b2fbe309,252,2021-03-09 01:45:35+00,12,24
7dc6ea1046e801ea75ae1cbb80c7cf1930309fa6ac06bc5ba8a5a4cafc0334f5,252,2021-03-08 15:17:26+00,16,16
bdac692b595f162b13989376ddaf661d0544d0188b4760f1b5d712e95d5c2194,252,2021-03-08 05:52:36+00,48,36
75868682554bd8ad216eb4d39e7460225bbf2ad8127c1013a1b058889587c17f,252,2021-03-07 13:30:53+00,2,2
54d11517aa4ab637e43acb34d254ad10f9ed8e8a99d0a73f1df40f79c2ef983e,252,2021-03-11 19:46:13+00,2,2
9d76cd83828ded3eedd67805222d628ac226a8216e28a5116f80152a9471f47b,252,2021-03-10 17:06:22+00,22,22
2fbe8154cb1de1ae357d4a77ef088bc1cf4a7f0fa9693d1cf0d84e6a35ed3d61,252,2021-03-10 13:34:15+00,42,28
c631bbab1273b09758a2804c4184149090c651369ea3b2b17e942493131c45ea,253,2021-03-13 18:15:22+00,18,18
d4c5a165229a253f9f925875e5b21598c6590b40978297ca621fbd0b7f8f9580,253,2021-03-11 23:02:39+00,44,44
10519d82b7be3d54eed50dc3b8c18a47f3b0a306f1094337112f1fd4a07c2966,253,2021-03-12 03:57:30+00,14,42
0172f82960441614fbdca87b4872b1a0a39671d39258e4f4b3c1b4cdbf5a76cb,253,2021-03-11 23:12:21+00,28,28
174108df03963eaafc7998d0f63ae5f3fb9f27c4cac8eed5754e640e2a0473aa,253,2021-03-15 20:01:58+00,16,8
d3876871e51fde47129998527b41e0938268d75c5e4c02a87aeea74303d69cce,253,2021-03-14 01:35:34+00,28,28
41f5627e59720cc3861222475329c79f953cb07a7c87f4c2963ad6a4db90d87f,253,2021-03-12 13:45:02+00,44,22
12da560564b22db0696f7383495e026a03a32e25af68ed8959cf3eb108292dce,254,2021-03-18 05:56:27+00,12,24
a594b7fdcec5f98b4feddb72c43b4d72f08f13c41945ce37ed02d9a94ab76f03,254,2021-03-19 19:37:53+00,30,30
29baf2116e68834c8f63157bc9c6bd8abc41535ec80ae68c7318df6e27f74186,254,2021-03-19 04:37:45+00,12,12
101bc49cc9361242158f6ff23095e12c695bdc3ef4ef24584289e9815835c64f,254,2021-03-18 20:49:04+00,30,90
090c231e6dbc9955e2bfe55eab5061138f20c8835a0fa36d4b38493551e5a34a,254,2021-03-18 06:28:39+00,20,20
678e71ec385d1d25049c0ad93f47a71ad616e9b4885fb1e0cad7da5b80564910,254,2021-03-19 04:26:38+00,56,56
370f14520fec44d9c4100b5a64497b305502d574c8a10ca1fcdbcad4b2fd16f6,254,2021-03-18 15:24:31+00,10,2
db5462522263ec17e4a373f81d2f3cf4c7315799bbbe49cd4c198ad192303ff3,254,2021-03-18 18:45:47+00,30,60
57b5ee490a74a17303ee0b3d42162c7a693118ab35300eb5f09abf2dfef27619,254,2021-03-18 00:47:23+00,20,20
fc7542d548bedf718b638b09ac74526d0308619f62e38fa33c4bd26810693ddf,254,2021-03-19 19:57:13+00,30,30
6912217552682f28e92d59adbe69e1105b5dbd6f99722b32309830ccb356a674,254,2021-03-16 22:10:03+00,60,30
3a51d4b800e623119cb4429e649f4d3381d863c6998c298b5485f9f11538201e,254,2021-03-18 08:58:22+00,6,6
b691e8c141670eb6f80f7caf948e5663c94fe3d7c9f9c26a7145a1cb1399d396,254,2021-03-21 05:45:46+00,10,10
e363c5f84e267d4ef85760e5fbe3d8ce5c9308ddb66f35d88d1c9cf395c9de64,254,2021-03-17 21:15:55+00,30,30
e8b71971d1fd3333dbf189c84c88a6a7b1753b65c01097d97d48134a8b0a0479,254,2021-03-17 08:01:02+00,2,2
a302a276e2e1e8cd44de385f0184030807b02147b4f7011aef52661c1aa95da2,254,2021-03-20 19:17:10+00,52,78
688cfb8b7d7d466b48ddf00231a6a12dd54d1503051bba8ab5fac337da665d22,254,2021-03-17 04:21:16+00,20,20
35a17ef5d28ecb8a5f9369c5f237d9555cb536e960091a995f0da3691606fb78,254,2021-03-20 08:58:09+00,14,14
70bc52a12a246be8ad4f4c89fb4fb51e174955985455dfffbdbb508696c4f7ea,254,2021-03-19 02:16:55+00,18,18
8a5ac882ed62f1207fd1b293373777e796ba17315d5a8883c97ab6c6c3ed032b,254,2021-03-18 16:20:24+00,2,2
8b1cac5177c7f77907faae7c90ffc1d730f59c4df90853d6da0de0ae83142303,254,2021-03-19 02:06:36+00,18,18
2adecb1e26ab01b48d60e3d4476ad254f2d057b54b52d7d950b3206ae4e58576,254,2021-03-19 13:25:08+00,42,14
65887f747deb4f045b146fd9dddd8e81ae44c3b6d3a89f47a30555771f979b4c,254,2021-03-18 06:06:49+00,20,20
a26a7e5b739a2d4775ce3779a27f7daebd3b355e991e4a6f02d5407de55b4e17,255,2021-03-26 16:10:44+00,6,6
02ee23002a674aae449abb81b4599fb481dfbc9bf67a8f94cf4d9d3aa617a5d2,255,2021-03-23 13:27:16+00,14,28
8204226e2c33aa4b31545978b757f04f3e5013486c932f5c9ab9145c22bda995,255,2021-03-22 09:45:32+00,6,6
f8b6e48d792cf60bcd1f51166740148b3ba0d19d4fac8fc60bdf6f38142c4ee8,255,2021-03-26 11:31:50+00,1,1
4d2fb005cced8d3580fcfa1e9fd0b61d9f3a15bab292b5c0905a7575e07a5fc8,255,2021-03-23 20:06:59+00,22,22
92cf7e1e534d5e5d4b9d0ddca80bbfebc7e6641b16bdf55b0c4f70bb9eae69a7,255,2021-03-25 22:04:40+00,4,2
d4a6e14d23b6ea394bb97ab0b0caaf056f914db525cefd1c547b40613099f3e8,255,2021-03-22 21:15:26+00,30,30
de14504f0c831fee35e2bfcb9c1c128396eccdea066321c2d889527b12abe21f,255,2021-03-26 00:06:12+00,40,20
982846fa489923f563eeb593c7897f7f53bc922a3fa18cdcbea7d92e95a1da09,255,2021-03-25 18:07:29+00,14,14
21ea2178063f61c529d719c939eae1f1928087449179fdf78795e7ca3421edad,255,2021-03-23 22:48:09+00,16,16
023f75aa900b0bb3dd7a0730ea4e0b918b5bac869e37f6093cd7718ff03a24b9,255,2021-03-25 19:41:39+00,20,20
430eaf27ae11ecfe217c68d3682950d1b54b894821c6e3165db3bbcb9ca18eaa,255,2021-03-23 06:30:55+00,8,16
de3e472691b2671bcdf6bfef56f127ac635ec188ba11d7d70d20d5bde0710640,255,2021-03-25 12:37:36+00,6,12
1e7bc1bf66d15259a608421c0ba9244717548a5fa680d1c0d9197cf9924cf6ca,255,2021-03-26 11:11:41+00,8,8
38709952dfc136a732a921135407a68b81ab98fb138ff8f0b852048999e2f245,255,2021-03-25 15:34:28+00,20,10
e60b046e82126e7ea3180e427f6f5f385087ae519d2435318ddbf84262d49f02,255,2021-03-26 13:42:12+00,18,18
a6b154d334dfc26c716de979d9f3a3986118b693a6e39a3e6e317958ed5f6bb6,255,2021-03-22 12:44:10+00,72,24
2e6ca674577582d35cb8522efaa834871c2dd1ed233a2d2ed2e54c6b52101630,255,2021-03-26 02:40:15+00,12,12
c0ab47fb5aa6941ea31cbd78575f04ecab03590a56053f9a45cc2f8cf18bbad5,255,2021-03-22 17:43:05+00,22,44
2b72941120f0e123ed42f627bd11d822e0b24e081bb11fffc8f486fe8e4b5a45,255,2021-03-22 17:01:59+00,20,20
eb1777761398678119ae39fa830fcbe40d2e9e4993f3f993d8db794108d2d21e,255,2021-03-24 04:31:00+00,8,8
e10d973c46e5d15007482b8cee56fb99c533418d10a9c8cd3955125e215f0881,255,2021-03-25 00:28:47+00,20,20
bf79eaee730a3aa4ce47bf241c8193525ed4ac01a717525da3ffebdc400775b1,256,2021-03-27 22:41:59+00,10,10
a5c3f6ffc8026d4ebcdae9ef28f4da5e2879debdd3af5066f85b1009a1dd5658,256,2021-03-26 23:45:54+00,32,16
84b7d45a5cc51f0d262daa407f8b3c279ea8281e0423f0b0145def7bb5adf9ae,256,2021-03-27 04:22:40+00,16,16
2c4723010af046dfd8b0d3216ef50dc455722652e9a4cddf8a8065adf53ff349,256,2021-03-27 22:52:15+00,18,18
e4e732e940b2e90e280ef6a5e159c4b9058ae6133ff398d0d0e03cbcb0e31dc3,256,2021-03-31 11:03:34+00,12,6
c66eb9d219bdfbfc0eb5487d575a2dadbbb4458e69fcb922fcba804709d10ec9,256,2021-03-29 17:52:13+00,12,12
6f24c47ec9a2cb77c16ef5ba52ed9573d8748e3758f52ae0bfd8ac5551d4f2aa,257,2021-04-03 06:16:27+00,16,16
b9087dba8f1f9cc43571e1d77ff81416be584447121fd67b238254a119b2828c,257,2021-04-04 06:47:07+00,6,6
206650a1825e6bfc9ad47c50e176eac18f25dbdc720f54ec8c9ef37aba9ff88b,257,2021-04-03 18:34:09+00,8,16
d979b238f7d9e9ccdf31bc5bb79b8bcfba2adcf2cf2f8ca3418129e8ebdbaf2b,258,2021-04-06 16:27:17+00,14,14
fa66f1b8558fbe419370e16aea3f052d98bd45594c1df5840ffe7b9817131281,258,2021-04-06 17:17:47+00,20,20
297a558859c15ff26b5184cf44fecf5c5b1c52ca692ef721cb02abcec7d0a477,258,2021-04-09 17:17:12+00,2,2
abbe049d2167866bb96f7230d02d9e6a04d7294e4d0c74c01a0ea68c5bf4d78c,258,2021-04-06 12:00:59+00,12,12
634d5de1576ad926159b25844e2a8bd37626f62812b84da42abe326c5be0fc1c,258,2021-04-07 12:06:57+00,8,8
08fb668a973a1731cbde664d766e8fd509185fd46546aa210b0c79ae1f3bad21,259,2021-04-14 10:06:20+00,24,48
3fce4f8c3278370afd3550390dc4a571ea95f8910105c265ddab1f43b873a5d7,259,2021-04-12 17:11:26+00,10,10
70931ec5f7404907bff7f02baaeea9f25c0af019186748c28d4fce0367121012,259,2021-04-12 05:38:52+00,14,14
e74aea898a08423c56ea18510a0d19c2bdcf640a6ab17153e83926cf211d76e8,259,2021-04-14 05:36:17+00,30,30
efd46f4ef1665fef2a34980767a76c7f25cbea36c4b17c771043207183b83d92,259,2021-04-13 06:10:19+00,10,10
6340e48efbed80b1b046d36aa5e50f1df47d9931fa5375e4df329c040799beab,259,2021-04-13 03:57:01+00,20,20
aadaea896075e4a70e2a9dedce03c97ddd2f6c0eb9a2e3b2a4dccba0a0fc525b,260,2021-04-18 09:59:24+00,14,14
018f7a9b2e50e55d28f357badca5357afe2bce4a92c62adb775b4b18d49787b4,260,2021-04-20 07:23:32+00,24,24
4d03a46428f7880556ef84383755b126800fdbfd0acb9988ef6028d68de35fba,260,2021-04-19 09:30:25+00,20,20
ac7173e2a440260f810b3db1a1d7d5963285c69fa4c89f9608ddb35d5505f5a7,261,2021-04-23 06:58:55+00,18,18
312b9b84c9a22113d6bb4b41f6c7e21d3150dd3a9634658e9efd39dde5f1fedb,263,2021-05-04 13:24:26+00,36,18
ab30657546677fd7fc1f49b104ab9b28eeb013e3b274412c8b26b5497f15b07f,263,2021-05-04 01:12:47+00,48,24
a959a5ac44f843ea99c0205bb4cbc61b5544184c8bb7c517725f7de3fb86fcb5,264,2021-05-05 22:51:17+00,18,18
65dbb5351ff51f86398b785455ed07aed20e3b6099aa16946d1251b5438580a7,264,2021-05-06 09:01:26+00,14,14
a4624a217cac339d2545fd1438cf4418bc4ac0551cf29c1286d355da8c750ef6,264,2021-05-07 10:14:58+00,2,2
a2fb9c4d8eea1d1bd9c20bfac39aa240128ef9756a2af69bf646687a40d8d01b,264,2021-05-09 07:48:41+00,12,12
35d21a270b7fe2e3db430dcfa7577fb82d10ec9d0da550bda47b40e48c11705f,264,2021-05-10 05:28:18+00,10,10
da3321e1c5c2593f87d2753a7e6b5d53226cf4e449029be60283a80c6f781954,264,2021-05-09 06:24:04+00,22,22
4a3d350491c9e31eaecf413ada0cd2c5f9dbf294593f66faec4ea1ffce8623c8,265,2021-05-13 15:08:12+00,30,30
126341826ae98b5258d496a7cf7b8c2c52a85be8da555bf55df7230015c6ec91,265,2021-05-15 18:16:49+00,30,30
d8e5ac2b27a57be0ab40cacb695c8b4b27e597e7b32addb1823c79801c448805,265,2021-05-12 04:08:48+00,36,18
fd52bbbe9b58de4d5752d40003d4c6d970072ee584a63369e0330866376dc906,266,2021-05-20 06:41:32+00,10,10
f32fad1a4475d216f871c7fe9084d537bb494b32a70ba52e9ad5d5ca1ba7a2d4,266,2021-05-17 06:33:04+00,56,28
2ab5130a3dc0dfeccf0e8b4918998209409c472d2a753b3a240e1e689bebf137,267,2021-05-23 13:14:47+00,1,1
4bb340b7cabe47ac97a3c566db60e2112a865bd8b40056f259fefda96e13abbd,269,2021-06-02 06:29:59+00,2,2
67d35225364ae06dfd43068c2b0e21edb97cccfdb7b97983e91657f833be21c8,283,2021-08-09 04:30:39+00,1,1
0ab428201d80799a5a7603af082432876d89f66346a5d56b1e657339888ab9af,286,2021-08-26 14:33:31+00,2,2
43220ee29093b38264211f5797eab5e32ac4cf1ae334b189237975f3a53fea2c,288,2021-09-05 19:36:19+00,2,2
67108360f9a2a377defe0a09c2a97d0798d8b9279fd46c43e4f92a95764019d4,316,2022-01-21 01:05:12+00,2,2
7b10dc2484ed6cfda658eeec66e677aa5cc7c6003f199d4f092f689815a86cb9,390,2023-01-27 23:54:42+00,2,2
