feeder_address,creator_count,creators
Ae2tdPwUPEZ132152pBAfXhuKXtn2ZoirsLm6jK1JhEfsJJk8JHw6ZAJ2iQ,3,303ed46f9399cf659f9209967070b055333c3959b6a170e91911030c2ddc73a8|5b62850775a1604de06ef7a977320160f2cc5a2a6ec38c2eb026fc3ca89f495d|9adc8044b64dbf35c7263596707aef79a5ccaddb6d717f3aa001603aac0e2a24
Ae2tdPwUPEYwwnWxYsxiSLXwEXhrf6DDeU7ss9pMZ3tqWZScVULT3fMdESN,2,ad740a7bec32dca47ff4ab50cb4cc2fd00c0c423e81c3264d2569b807c4869db|c512835285a4bc47ee9b66837114c81a60e07b8e48f5f88078d6a70bad90add0
Ae2tdPwUPEYyFEperFDVzWGk1BdhifFU6EqYbEC4Vd3sXUb7K2KQihNNxAY,2,303ed46f9399cf659f9209967070b055333c3959b6a170e91911030c2ddc73a8|5b62850775a1604de06ef7a977320160f2cc5a2a6ec38c2eb026fc3ca89f495d
Ae2tdPwUPEYzCkEyDSHet35jsfDHmgmp5DAekoeAx65DF7RJZ6jZr6nCBov,2,b7b0107fb9ce1f0f131f640a21e799361b437903a1c76e57b56542cc9f6b591b|d32ea1af79a113479348aff03287c4bc69c3aa715f8d84ea0534c13a7a5e8bd9
Ae2tdPwUPEZ16zs2qY1rwwkZNygTCg4sbKyRaZx98RqQqYx7VCaABA3JbjK,2,2891deb2ec62d19dce0514d73ecb699b3432c3cec2699e356737d0e9927ba546|5b62850775a1604de06ef7a977320160f2cc5a2a6ec38c2eb026fc3ca89f495d
Ae2tdPwUPEZ2de5TL9zM1ogh3YjyQ7zEoGx8ktWDdPDncaNwVs96terJPfK,2,b7b0107fb9ce1f0f131f640a21e799361b437903a1c76e57b56542cc9f6b591b|d32ea1af79a113479348aff03287c4bc69c3aa715f8d84ea0534c13a7a5e8bd9
Ae2tdPwUPEZ3TZcPKUrokq2ve1TLYkiLMpfQur89vAf1SiYwjK6cDp9Mxk7,2,303ed46f9399cf659f9209967070b055333c3959b6a170e91911030c2ddc73a8|5001fafa23b819c6b8a135f9fdff49e3f5e5088cd42d3560219bebfa05ad89f9
Ae2tdPwUPEZ52JmMhE9Fwn1w4PxqqhykTqSM1RrMUifnRe1Snq7agcj9px1,2,2891deb2ec62d19dce0514d73ecb699b3432c3cec2699e356737d0e9927ba546|d32ea1af79a113479348aff03287c4bc69c3aa715f8d84ea0534c13a7a5e8bd9
Ae2tdPwUPEZ5gdsU1uqCBA58NLhriqrk2LRtDXPLtiJ57rhRbogeqX7KVmR,2,ad740a7bec32dca47ff4ab50cb4cc2fd00c0c423e81c3264d2569b807c4869db|d32ea1af79a113479348aff03287c4bc69c3aa715f8d84ea0534c13a7a5e8bd9
Ae2tdPwUPEZ6ComzbXvAdRh7VJSK9EZS3dwvbvgfWVgjVq7HXoJPBQmw2dY,2,303ed46f9399cf659f9209967070b055333c3959b6a170e91911030c2ddc73a8|6dc6050deb2cbc1c8d7bc2edd05ed4f5bb2e7f3830f5e9caf8008814f381dbab
Ae2tdPwUPEZ7XQHqbQFq6zwnjZc2JhJn9Wzp9XN6R3gwtMi9FuvkscWUofR,2,5001fafa23b819c6b8a135f9fdff49e3f5e5088cd42d3560219bebfa05ad89f9|c512835285a4bc47ee9b66837114c81a60e07b8e48f5f88078d6a70bad90add0
Ae2tdPwUPEZ8bHzt6PVftfdyzgsaTRvESfcx2qvi9tUGAZvkCiybtkTspqN,2,99456a7792582d1ce80fd7ee5d4e2a47207226d0fb7274a8ab9217239efbc7ed|b7b0107fb9ce1f0f131f640a21e799361b437903a1c76e57b56542cc9f6b591b
Ae2tdPwUPEZDjV7k4J66j1AcQEEZ3omsHkBZ2VQcKCZjj2qPsmosa6VwwFp,2,ad740a7bec32dca47ff4ab50cb4cc2fd00c0c423e81c3264d2569b807c4869db|c512835285a4bc47ee9b66837114c81a60e07b8e48f5f88078d6a70bad90add0
Ae2tdPwUPEZFTEZiHftR94BDfW8tqmvA6GbuScVm7KyxWRLcaw12rip7nWW,2,5b62850775a1604de06ef7a977320160f2cc5a2a6ec38c2eb026fc3ca89f495d|d32ea1af79a113479348aff03287c4bc69c3aa715f8d84ea0534c13a7a5e8bd9
Ae2tdPwUPEZFfwwpDy1bz6equSG3jR26EBkBWtZeuHQn8jsiGdLL94tmmUK,2,5001fafa23b819c6b8a135f9fdff49e3f5e5088cd42d3560219bebfa05ad89f9|d32ea1af79a113479348aff03287c4bc69c3aa715f8d84ea0534c13a7a5e8bd9
Ae2tdPwUPEZJSXBg3eVwXt1jZB1ZQwWBo1S2kwGo94NSRDNZaKhK9EwAALz,2,5001fafa23b819c6b8a135f9fdff49e3f5e5088cd42d3560219bebfa05ad89f9|6dc6050deb2cbc1c8d7bc2edd05ed4f5bb2e7f3830f5e9caf8008814f381dbab
Ae2tdPwUPEZL7GoLu9ymycpV4GxzpiVWTiJZndgfy3QFFLvaG225iou8xJg,2,2891deb2ec62d19dce0514d73ecb699b3432c3cec2699e356737d0e9927ba546|6dc6050deb2cbc1c8d7bc2edd05ed4f5bb2e7f3830f5e9caf8008814f381dbab
Ae2tdPwUPEZL7uFBx2Rgj5SGUtUdCFjK2iF1DnhfNg3EUdRUvkHsJPMSVj2,2,5001fafa23b819c6b8a135f9fdff49e3f5e5088cd42d3560219bebfa05ad89f9|ad740a7bec32dca47ff4ab50cb4cc2fd00c0c423e81c3264d2569b807c4869db
Ae2tdPwUPEZLGQ65zAv7859uYEdJM7HquP5bMfEHKhbLp19vXhjdeUuTJHu,2,303ed46f9399cf659f9209967070b055333c3959b6a170e91911030c2ddc73a8|99456a7792582d1ce80fd7ee5d4e2a47207226d0fb7274a8ab9217239efbc7ed
Ae2tdPwUPEZLuZeXPkrhE4sjtazzHqNYSpDgkRUp9YCcJFVm7fYUGTUkyoh,2,5001fafa23b819c6b8a135f9fdff49e3f5e5088cd42d3560219bebfa05ad89f9|6dc6050deb2cbc1c8d7bc2edd05ed4f5bb2e7f3830f5e9caf8008814f381dbab
Ae2tdPwUPEZMK5PB55ExwQTzmkTzocmfhidYUGdCg6RDpgrvbZFqCvHaBut,2,303ed46f9399cf659f9209967070b055333c3959b6a170e91911030c2ddc73a8|99456a7792582d1ce80fd7ee5d4e2a47207226d0fb7274a8ab9217239efbc7ed
Ae2tdPwUPEZMcgxpvmpAF9bepUWbhgGMTzPRvH8NUWoiZeTcg4b4Kh6jLpv,2,2edcd076f50198e71666684283ecda8569313ce64d8f44429bcc5957e3a0fd97|6dc6050deb2cbc1c8d7bc2edd05ed4f5bb2e7f3830f5e9caf8008814f381dbab
