creator_tx_hash,creator_epoch,creator_time_utc,total_to_bridge_ada,feeder_address,exchange_corpus_hit_count,exchange_corpus_labels
860fbcc180bb28d218f72cca5f8e045cd0d11d90a05d92798335445fd7ea4fd5,196,2020-06-03 17:31:31,999504.833984,Ae2tdPwUPEZAEHa41LLX4k4jLGqRBr5arXpyd7PypA9YB95PqM9G4sPi9bP,0,
82ae9465ee58d7607579e4ee45e2be76d07405d7b0759cfc910c5b9dd20fa2f4,199,2020-06-16 13:55:31,279302.521853,Ae2tdPwUPEZ4g7JvFeYCYnU5g661AvD5ZdTr3QrBexRRkd9mqFcsY6pkzbr,0,
198c3893fe6b5a58dea8cc707085e595cca1984de9532e450fd0d28f0b7a014b,236,2020-12-17 20:13:48,173757.559520,Ae2tdPwUPEYzeT2ntzT5nPz2tgwwuBVo5CpW6v3MdZupx9CuXZcCFiTTtLz,0,
0313ba62ef5cd4d6a665d33dbbbaf650afcce409455f481f05e64a271851fef0,232,2020-11-28 18:20:41,126747.442726,Ae2tdPwUPEZMSvwf8zCMMSoHWUUNStF9tMwf7nzkba3dtwFYygP31pxQffm,0,
adf39b4331cbc526aeef6158e4e72bb96197551e884070a2e17ec1b6fc31e9e5,228,2020-11-07 14:35:56,80339.702894,Ae2tdPwUPEZ8m1m4RC5x8ie8yNUZEetXgpgTCogafDWgGFev6ZtmGKwmx2M,0,
4ab2a1afc7534b2a8b06e4de3a486915229a0f11808e45877e49df796a1c7731,201,2020-06-26 05:01:31,74652.486984,Ae2tdPwUPEZ5DMjPbueTKigw5SbaACnBkVTznj83fk3Xu7ThcvSajhwLeJ1,0,
f51f51fbfb2b36e61aa8593e731652af3b6fed7e493b5b6681c5aa074da3b703,197,2020-06-09 09:39:11,74173.484684,Ae2tdPwUPEYvyJBSjzSRPeqFn3K5L594Y6bdsdZG3nYrkCydLm2ho9mmN55,0,
f393a4d21f3baf1508a9d0448068798b4c8e89bdcd20ae326b231f40365e35a2,233,2020-12-04 11:37:41,61243.396519,Ae2tdPwUPEZEv45VBiU6D9NDkMCgUnRAGTyRLNtHrDrtYJ9MxToyn3mz2PJ,0,
83ab5628dffab10fd40207bea02482e3b32590257046d0219f373457c2d5b4ca,198,2020-06-12 20:36:31,50769.833984,Ae2tdPwUPEZ33J1L1jvwL33dRG3WEWVPa6BZKvCmkyVhj8Gpjr3DkUu2BbU,0,
3cf4cd28d947ef66f2fd75ff8e0a8a5b55cbb53756a29de4de2c35bebc5c04a7,196,2020-06-03 18:38:11,49999.833984,Ae2tdPwUPEZGJpxivQLTCKAV3AdAjveng8HJHDCa6cqUXaHozJ8mcs4TQhr,0,
187e79da79ec0de3794df6df8dc85a7a2e98b4194eda71deb107592e5fcbaeb9,220,2020-10-02 05:31:24,49999.796519,Ae2tdPwUPEZ4Xz41NEyERw7owKXh53ePTsCQFm4LaBCLjnh5Rv16wHVgUCc,0,
5e0bd950a2ca59e6ee48c647b7f7c4c25eb051c070b665be6adb837e2544d8ee,232,2020-12-01 19:54:09,41665.496519,Ae2tdPwUPEZKcWWSLT5Dn63iYTyQkq87NBKLqmqfrkrVVi5oCzfTcvQr7GY,0,
b59810a194f295507ef503b61dc9aef227fad3436160764e42edac27050fd1c4,239,2021-01-01 16:21:01,39999.796519,Ae2tdPwUPEYy28evDF3rhyKqEyCw1BYVCKPwdGeWf285hm4SSoJ1CcrQyh4,0,
cf3bb2424eb00e5c4a66bc7fb5545f1d2d59695b5fe92f774f71f92192c6c7c1,227,2020-11-06 04:42:11,39997.796519,Ae2tdPwUPEZKA86wn7xe889vh3AF4DQDZ1SjR4suteW9xXenQxPtwH24egy,0,
1bfc9252f8d53bfd7f7be3b2efdcc59c16e8a2671a1e7eea81ba68f317e20cc7,201,2020-06-29 00:26:31,39465.761984,Ae2tdPwUPEZ9shooAi5fHzWdPSwkzciGkqUpkaBU5LrENh8mhQA85wLcst5,0,
9bbf63c4d935f7fe6ce585c4f0dc9c8e75ef3640dfc64176b13646621affaeba,203,2020-07-09 18:55:51,39384.833984,Ae2tdPwUPEZ2bBnrusW9Y6r7nZz8vi9SNg2cePecwcmHr8CmkPCVpaoV28M,0,
2983cc1bb9e7365da72a33e132df9dd1aa882fe2ad25a23ba0918a1fea1ce2c9,231,2020-11-23 15:24:00,31492.596519,Ae2tdPwUPEZGcX3sVnrjruaNrtWcmgLDCy27JTKWwGvGrUcDb5ZQ4j51FVP,0,
4af434a4939daf53c1b32868238cf929884eaad012fda9827dcf1a80a80ae960,240,2021-01-07 05:13:23,29089.753789,Ae2tdPwUPEYxHKnZ9QdN7MFA8N1VpJipxrVik5M6RDrns223mBx5ZfoKbXB,0,
79b32f18a5c325c7844f6a97f0b093de976af768212f1792059a91b9c96c1ad8,198,2020-06-14 11:39:51,27065.666693,Ae2tdPwUPEZG4Fc9CKBNWkR3Yh3zdGPKGvsgeFEyUfiZri2Kiz7jxWF6cVR,0,
0dcc90d69eeccbe1ea1a39e2af6bdd6654f9b9420717c5b3cbd76bdcce89c5d7,230,2020-11-20 14:49:59,26828.939519,Ae2tdPwUPEYyp7ypQ7GrWRz83cDTgHUqfLKTGapj8QFyisV2rG7LVTPxB34,0,
018934d69a348748fdd3b343a6ca6e27f68a5c340204aaa83b653bb40d05b5bb,197,2020-06-09 03:19:31,24560.963974,Ae2tdPwUPEZHm367cSbLJkJ5UCCXWb63CKyRfvxR629Eo2mZ9Ez2nZfs4W7,0,
fa728e79b0f18bea652cc865087c7829a84b694f95ea9a33c621831a3e8bfab8,196,2020-06-04 13:46:51,22422.269513,Ae2tdPwUPEYyxhviLwoWcYAYyzjH3GTQNo9b6RzRHuwZzKrQxXCg42DWeWn,0,
2eec2ee4907bed2371babe399318034c08197914ef059aa379b1ae604d4e5f4e,197,2020-06-07 02:01:31,21697.176784,Ae2tdPwUPEYy4Voqvs2tNgXPHeqJhLUcrFB4dVrw9EGZxonMDrUkzgE6sdj,0,
14104a85b08f444f3a4ede033d2a87a322ab738699a40f2cd59d42bc6b498bdb,204,2020-07-10 15:51:31,18276.183884,Ae2tdPwUPEZA6Smr9i5g1tTimJkZSrYRLXtb8wAs5kijK7uP75yiJMv7jcy,0,
6fcb8031d53525c8f2aa0014781f780e14c72b2f2d2a48acbd700d0940fc9359,202,2020-07-02 08:18:11,17709.208626,Ae2tdPwUPEZ8SeQgfxerTTFQ8kwt5xPJQ3Maxji3bUuETJdLAr39iH8aGth,0,
adb037bb2c986a791288790d997741d753109bb167e48be5721a87bd65765f81,198,2020-06-10 12:34:11,16857.548764,Ae2tdPwUPEZ9VQXTZHWUq4ru5VDJ94WqqpZhee7uyx62hUBCuompvTRcSZ4,0,
afbf205a182957e004921efd3f5fcdf2b14ce0d9bef4f6335cd26ab803260f9c,232,2020-12-01 12:33:52,16219.796519,Ae2tdPwUPEZFweDSgjvcER6bMZTUr619MxDf4m1NjYpJ4Lzoqefiz2qxbsg,0,
b97c84e2484ddc615bc3ec19396a0c4235e7a444a7fdec6aba9dbb178544b205,239,2021-01-01 11:49:28,15995.396519,Ae2tdPwUPEZMkDayQxi829dBxbUcmjUZSYyj2iXGvXKW7rY6mDcqYyocB4v,0,
b6ef53f17cadc812815a274545e5a1be3e0d95e7639483fd9a45d6b191507b0d,231,2020-11-23 19:44:22,15204.929385,Ae2tdPwUPEZKXkZ4dATfxJW1TFhZ7HFRz1tTA9nAZweQz2AAu7mBhnSVj7M,0,
b6c2bdb1cd44155aef6cf53e2c0fa24405093f2b9bd4cef89aab0d847c2b7c29,222,2020-10-10 06:17:37,14998.796519,Ae2tdPwUPEZFk8nmgQ7HDXTU7e2ivAf9WicrvZskDLLhuC46y4gm153pVp3,0,
4a1d8c84fcd02edb7f5b4377b86fdf90c5b3b691a5f42a67b3771cd74112eee7,216,2020-09-09 19:01:31,14335.506519,Ae2tdPwUPEYyosQ257frvvScJMLMqUiZQmAfHmhUFJ2xc8KbB3edFMun5Wu,0,
7557419813ee31856522c81119e53f3861e7a7f035eba61af63c084348cc45b6,225,2020-10-24 19:24:44,14130.741479,Ae2tdPwUPEZ1zVph6aeuz9t3eEmtjpdpJU59dhv5wXsEpYvY4suH8hZmLyz,0,
468b8d2cc0244df47150580d8576ddd0c307deb30f57dda1e4b918fa1c498dac,228,2020-11-08 19:09:47,13657.219690,Ae2tdPwUPEZBA3f4TYmJEemxzdXmTWEPNYmALTsCFWC5YX6ZSRGvSzDLr89,0,
bc1c65ed3837c28821a6f5c6353c94a0e5c707adc17a80a1d7878b412b91c45c,200,2020-06-24 13:19:51,13473.833984,Ae2tdPwUPEZ6rfwgsGh5E44jaypEym14DiP67RKmenaeHbnZZqYyyCWLnYH,0,
a87171c06f28888249b71f56d08bfa8091741467923ffcc57e6dc6e123054cda,202,2020-07-03 22:15:11,12296.086516,Ae2tdPwUPEZ8oqUy219zSc7955ynAz9msuYsD56PbmEDWKZju4piUorWmY4,0,
0a2eaf078a6abe8ab3acf429d9b86e2978d99c8acdf2e3106b0f80e37bc9ae05,214,2020-08-31 18:13:11,12285.756059,Ae2tdPwUPEZ3C9wYNtqA1XUbAesYwux75kqacfbkhSzFPBodhyUu124c1Hf,0,
6a527714c715b99a3ee43c494a853101e1b538062084899375392c0e9148fdf9,200,2020-06-21 10:21:11,11851.457014,Ae2tdPwUPEZ6C59iwz9h9An3SSLN8VYDAncrBUPnuBV9SdVkv96dWePmG2X,0,
3ebe2aba065f0691b6aaa36b4ba276d45d3b869a9181543abbde1409cc63852f,199,2020-06-17 18:29:31,11197.883984,Ae2tdPwUPEZ8XAhcfnVb5Wf5U1b2rYpssqvu58CYWnh9ad6RC84sC4UwA1c,0,
171af3d943031167d5522b526d79f060d1d304d550b273d339108d6fc096dabe,231,2020-11-24 06:04:50,10954.796519,Ae2tdPwUPEZFdWbWScWowq1XeEYGqjX5Zie4Sgr7YfWC3NMdJGwUX53mBBe,0,
91a51b80f19f353f399b06299bb0d87e5891aa11e3e7c796326d72a1529d2841,212,2020-08-23 10:01:30,10948.806519,Ae2tdPwUPEYxjrgxh7zenusASt3hVR7J9zEqLBPhj9ocCNoGqjH6JabVRhE,0,
471e635236b03c67b8d75387d4f54162deb784cdedfdc1e06e9bb19059fea8b3,197,2020-06-06 08:18:51,10216.283984,Ae2tdPwUPEZLqtzymdwcDqVeWGrLHZG8eQXtjou1xvDYEkYyPgGbT5kbYgy,0,
0b83ff8a6063cec741cc446c6e94aab105117fe15fa776db7908d364c15eaf0d,197,2020-06-07 09:42:31,10117.908431,Ae2tdPwUPEZAwa8sfJr5Zc3gfdPtGnVMhQE3bE1Vd6jnjXHVCACWJWn5rzF,0,
9012aa895d67d77dfa399d69892939c90df40b3493652cf115303adcec902327,216,2020-09-12 08:14:12,10091.686789,Ae2tdPwUPEZK5hXqog2BVRrUUpQN38J7322jdhL3qmsiMhAxbr59nGCGkTd,0,
942185ade0c19a5128996e737c67b5344ad24bbdb71600f325fefdd2724b1c3a,229,2020-11-12 16:16:26,10035.796519,Ae2tdPwUPEZMVV8JhJx4NhP643uCS13nP3vuJz5ME135BbCQqFHVVhzkcqy,0,
3ee7ad74d65b8237decf8c191ee988db344087d5f55b399c1a5cefcc3ff1b562,215,2020-09-06 03:13:02,9999.806519,Ae2tdPwUPEZ9eC2fCfPSLewxaPSHa13qk5snxhcQw8pQpmAfKVzeZASZq6y,0,
3d8dda218c9fb577e4f9993fe88d3d1aa6be39ca51a9e29609c863a66ab10c4b,200,2020-06-23 21:12:51,9999.342948,Ae2tdPwUPEZ5MVWexqky7HCDJYTgFtNoEGeg2YqSZXrMUfpiQpTNDzhz7wQ,0,
dc6af6f1322840c830fc0e79aab303714ef7a9973d1ca9983213c894f897dceb,226,2020-10-31 17:47:16,9998.796519,Ae2tdPwUPEZ7EcGLsPJuNova4qaDFKBkhd4J5rNgA63KedvMRqniKpXKUUD,0,
fb9dd3ecdacdcec1e93ad4824960403eb437c7ef5502d9f164a73c93042d62f6,221,2020-10-05 20:20:14,8977.796519,Ae2tdPwUPEZ9YFuWE6e2qbftKurccHkzrYY3WCjV1srkWpTRc78AZcNast9,0,
ba083ef6f3010dbecba792d36267037f9ab2265e6de718de4825f425f47eafc1,202,2020-07-03 10:40:31,8459.391859,Ae2tdPwUPEZHSSfY5rFLWBojonbjEZfd2gniL3qLbf17vjwvL898xEBv6xW,0,
7216c5b8c90052c9c00050a182b4d41c1f5a890aa102cc2697df4ded0639ceb4,198,2020-06-11 06:29:51,8042.781984,Ae2tdPwUPEZ8oNHs39mRuujYqa2WLbvBKWbShzUk4EBo9cW9ejD3v4QcyJC,0,
92a6f9283c39e2bada3a1dd912ad2b3588e042bf226f33ff78016e584dbf9d57,225,2020-10-25 13:37:33,7999.796519,Ae2tdPwUPEZ4ffvMfPbkXRJkCWyDe22sDptvE8zqEdCzqJiBgQSfHybs77q,0,
cf8c28d0245ce469eaf8a1afef71732cb4d8badb2fd692f9e9dd95aeef20f824,225,2020-10-24 08:57:01,7328.959019,Ae2tdPwUPEZ1dVQ5NcmCHrwXhMKUAjTTtguJU3PuUCMwcaY2oFe6RNjoXtY,0,
272f072a722402e4383b818e41f58b92ed9a192ea2ce47451b03026d19ccbb6b,226,2020-10-29 02:33:03,7010.148510,Ae2tdPwUPEZBB6dZz7dEu24q76Et74FVti9XdvCiiHKgxNdig3tf926k8Fn,0,
3b52a78faad97a24a978b11f73c6a4266c19fe5a029ca9471b0be2652362a2c5,224,2020-10-19 16:57:20,6985.796518,Ae2tdPwUPEYwKSYfMEN3ek3oRb1k93m3onuPGermyuxuiShaLyjSJsasAjJ,0,
f84fe029923a180e59e56165c877fc8c0e0ec913c8448a2d85f779ba3daaed2f,204,2020-07-12 22:49:51,6759.666386,Ae2tdPwUPEZ99BTgakTjmK1pq8UBoFJzNaTiaJ9FPXedthEkFUJDSw1q8C8,0,
9547f06a1943003bee47812d19bbc1d3be85144b0dd3a3e4d46e28ad5f52239e,214,2020-08-31 21:16:04,6499.806519,Ae2tdPwUPEZHC7YqwiADNsREP6WPMsMWsxsXJQgjW8aXQsu1FutzTUWw4kM,0,
26d972c7a44751f1ed8fe74ec40e1ee4ea024d8088c7b900ab1bc9b779d0eac5,232,2020-11-30 03:12:21,6353.833976,Ae2tdPwUPEZLGvrj6aqRNUkzA1zrj8BYbxLjYz3vTC2V6U3YZ6GgWT7HBWN,0,
3e4766d92a19ac144bda9a14d487ba5d0f513ee769e6046345d5783473d5518b,221,2020-10-05 13:19:21,6040.696519,Ae2tdPwUPEZA2MUbrEy6LzxFJr6P5weFh377RtVvEoQESRZaJfTRCoE4cFD,0,
10b865beef15a8e714989bb27b06cf74d75d59c384ecc9be6a4bd8394e95f06a,227,2020-11-03 13:57:31,5537.843619,Ae2tdPwUPEZFrW5NhaaXrVmuazFPMjcSrtygvRJeN9JgNCA9xrDvaqipJmY,0,
e7bc891f5838dad6893ed91d23162bfe466f186cea91f792a60ca34d7e2504c4,240,2021-01-06 09:24:30,5024.796519,Ae2tdPwUPEZKhAziGKZoqvgFFhUqFHc3V4uqDajPK7G9G18arLXPBHXFTpb,0,
dc4331a7e0cd572196a07760ec0713d812e7626e9591e1908c987be431f7a890,223,2020-10-14 08:57:29,5003.480497,Ae2tdPwUPEZ4TznDWk36ULvyEbGKvk5RMYjfXSxB6YnK1c7zAmzQL4EQHb8,0,
d8a825dbb6b22e81d8ccf09de761de94d1efb960ace1123143643da9c2db6588,230,2020-11-19 20:49:14,4999.796519,Ae2tdPwUPEZ7YPVAnoLEvkuRePmVhM4r1NbMttvhDRbJr1i4fEknEHNhesW,0,
7cc1f73583373a937a621d9ae48963b3360efbe3491caa1859f8bfbdc9418949,232,2020-11-29 08:53:49,4998.796519,Ae2tdPwUPEYykzFnq6h1wryBRU9cYpaX5NSgo4YtaX7HDPKqSFYT88KBe3f,0,
b8b26060c05a9a65c36eef48b98ab9f5993cd05e8dd7dc126f184d1564f201f0,232,2020-11-29 09:23:49,4998.796519,Ae2tdPwUPEYykzFnq6h1wryBRU9cYpaX5NSgo4YtaX7HDPKqSFYT88KBe3f,0,
8451a2b685be3f26626a54b5fa3c09193b4bca3afc356a9629de3288c332051a,197,2020-06-07 18:21:51,4854.573384,Ae2tdPwUPEZ2ieguwnvftYJNHn1PBajucAuzdcN9yBXVhRf9AbCXsUh7p9q,0,
940beffbcaa1a7ae9aaa82b6ee4a1211e9983c553120b05243c5b2eb4ca7c92e,226,2020-10-28 23:45:44,4748.466721,Ae2tdPwUPEZ9JP2mq8PcJodoUX1kPjZuQtZVg31NWGfRPERismBB54RkeA4,0,
79387d3e7023a50fb23c4818e89e92dd88c40f3992f4d3ee6d983c17b69670f9,212,2020-08-21 01:24:51,4686.419262,Ae2tdPwUPEYxHMkSPafiFQbQKGzFJgJJZM6VMbbwP2HN2J91PBh7muuYSYx,0,
06dfbd60ca9b4de437a6bb206e6ab71c4cb5fed5462a5c51148b97f65d2d42e3,220,2020-10-02 16:42:14,4597.489632,Ae2tdPwUPEZBVS2WX7X5aYUmL3G1TGB5ACMWUwwd1NtZjtdCceMnvVKCPdU,0,
5661acf05121cf6d95792aa76ad8be01db4c5073c8b232ff30e24205b0f8ac75,226,2020-10-31 21:27:04,4521.400421,Ae2tdPwUPEZCgBxcAaAyjvnKFVNGyP1kE15cWs5WkJYkaHNaohg8Jk3XGcE,0,
cf9a2efbd4cc3d311d2391e4beecfdbf7cedef7693ac4ae203494b59c18b7166,227,2020-11-04 09:45:10,4498.796519,Ae2tdPwUPEZKaLy21yjJCyCerKF7BbT6ZJpWHn3zsyuqrsWPcuYHLrHztMB,0,
1a2c445f1444fcc9b9ed84bc9b12e68e1399216a1c4c12fe957604cc30f1b9db,211,2020-08-16 21:50:24,4167.088525,Ae2tdPwUPEZ4TZpCWWSZoeew156U6WwsobeNCTpBjdSq8jdZC1dnibzfKw5,0,
456bf1eec8457d5d778cddcff64f97baa870147dc3126e569de083474effa743,227,2020-11-05 01:26:51,4147.990667,Ae2tdPwUPEZ2DQpRgMhbQzd7iAuha3TD2AjyAiuyGLx5okHsKvTJyVm9ifk,0,
5152f2c004f50a28293dbd3389dd7e6d34fad0281ae6711540ae20d28d75a48a,225,2020-10-24 18:25:04,3999.797119,Ae2tdPwUPEZHW6yjcdt5vUpyaGbDrQGaRbrT5iEooKW5kdxi6iAAQ9FeBqG,0,
e1f8d90d9ca1027508cce49bd287c0d51ea2483000527e78c56af33a0816e8a2,229,2020-11-15 13:41:39,3989.415719,Ae2tdPwUPEZ55mSxm9N9iby26VGKb28vYkQ1s9oahLdUEtSjcwv4uMBNfUa,0,
cf26e1f23190a4be3ebf6ffe4f417872fc7fff6e844cfd19806290e367b419ed,223,2020-10-17 11:17:15,3466.756048,Ae2tdPwUPEYwgrS1KraZamagaJdKVmerhBYe7bZDrsnEFjse7WbLreET48x,0,
73abec2698f03be402e13ab5cb2f8df0c0ebfa4f5355affa83b1bb3f8b3f94aa,214,2020-09-01 11:57:13,3408.807119,Ae2tdPwUPEZDT9FLoHaHjqWApCrE9aUeK9hnbHcNYsyGcmdGQNRG3XGZJry,0,
016c863227c4385394d95e02fc1001bd869b9f2e077cdfecc33ba2fea7b0ba5e,223,2020-10-15 18:41:37,3226.505655,Ae2tdPwUPEZKnxAKMwJR6N5iE7cRwRssLTQuVg7qNjNJL8xhBfY1WusQmd6,0,
d3f8ab008272eee1dfcaeebf254107ab5bd005d366173fb51b32a2c12c6440d8,199,2020-06-16 04:48:11,3163.829430,Ae2tdPwUPEZ66dTcA48khtchsuDHtXsFVwGLh6TtbF3t4ooz1S52ZoDUVht,0,
9848bc4c9711891842ee6abab51d086c5781a9c8b6c92a49d4861fc11758fe2f,203,2020-07-08 17:03:11,2995.834159,Ae2tdPwUPEZK5wfewnjdjmmXgMYMGb475vTZTaRmjPhLoENCrtA6SHSikDp,0,
bd460946832665c852cb26793934d4c20222d29d9bcb7136ff0ae737d31e9abb,229,2020-11-13 10:39:52,2865.797119,Ae2tdPwUPEZMhXYRAPeXtgGb7opKBfkYMwAP9F3K3DDJ412jtj5rHxZ3GQp,0,
0c950a807d10f8378fc614e209708e9dab119873613fc2edd1931cb82a12652d,203,2020-07-05 14:40:51,2694.076227,Ae2tdPwUPEZMfuHUJuVAErRoWkVNCVRLs4sqT2YTM1q4G7GuPDqgy6kSYxC,0,
23344ebb2f7fe5ccc50c78a310818509a818db57954a3a239a11973f185291fd,198,2020-06-11 07:49:11,2561.591091,Ae2tdPwUPEZKNXmTZwtN8q4W9XaK9aYKbvYxxLfgbGDkQbvqojp6G2sWB7a,0,
b3e19d9c61fec60b4883333f628d6965d92c29a4ba91a90aa11ae623540cd1a5,222,2020-10-12 14:42:03,2525.197119,Ae2tdPwUPEZJWdndRuNKxPmYVibkVd7hvmVUjLwhxSRdQAcP9bbvsF81cQ3,0,
bb31486573ea2ca0090d1f3fa066038066e34bdef9b806ce758f7da6d8bfd934,217,2020-09-15 18:43:25,2518.215079,Ae2tdPwUPEZ7eJ58fDp91ZC5Wo7F8A1FeCxLwrgP4E7Pjy3tHLmyUNrBDf9,0,
f6eb7d8478ec1d9b7e66e5a3b9750be8559f60b0b6d0ff56833bb7077c784682,203,2020-07-05 15:06:31,2499.834159,Ae2tdPwUPEZHee5QyEFN78L7oUn5h9ucZrgmiH4E6hCPpr3J4wu9K1tgbMe,0,
5a6252e6449517d08c252bbe934130a70d292640d0b11c816ce1163e2a35b41f,224,2020-10-18 08:02:42,2499.797119,Ae2tdPwUPEZ8NmzmiEYfaSCJw1rDmbsGBgTwkkgM9n8us92iG1P6rH9V3S4,0,
d751aa417af605f37eb744558024211f6e48d0ab4208fa8a1e2e12d5fa712de9,233,2020-12-02 08:55:01,2499.797119,Ae2tdPwUPEZ8FefsBh1Vb4yExUDCnKWycmDjyFY5LCqq9jKpuVhxBHEaHJW,0,
341316f5bd1b94b6850f4a6d587b6a4618bfa355057e8105578a5e21f584d0ce,217,2020-09-17 12:00:05,2499.608925,Ae2tdPwUPEZLE5sjybPeGUCmSTWkxXGhFw43R5c2No6YwEnDWeErZDtDzAG,0,
a9eba3d07b17dd5a4acbb6e24f3040527df4571de04f97ffb183e4309226a357,200,2020-06-21 07:47:11,2346.435369,Ae2tdPwUPEZ7ccSoikYjsZ1C1UiyKaccxnHTzmSKY7wyTAHz37u1DSDgDUv,0,
12984cc8609db0082eec861c60612f2fc8f29bf231a51c24d1a1903a715a2634,233,2020-12-02 20:45:33,2324.209544,Ae2tdPwUPEZMLSceWibVC9AVV7PNDULMdjWx8ANy97UxMZQm6oH4qcHunL7,0,
f405f53f0d11aed9dee94afe6b547195c71cedf22902cfe8991d8b65e5cbbc61,229,2020-11-14 19:51:22,2300.791719,Ae2tdPwUPEYxVn4Qsgvm7DQvfKpxPLbySP18Tuefvx2brNPK7K8SHZtbas6,0,
7c66ea62b2196206eef802e0864fcd0de2e534bf05d9cc196ff6e3e0e4400b51,221,2020-10-04 07:19:54,2223.791719,Ae2tdPwUPEYw3WnJyHVZ7sqmJ3EFk4zkPLPnVHJRjngAyiG7Z3Yj7XJMWmj,0,
6a714cb38269761158b15e45377f3ca0ee4a30dcd347896e54915b1800d2bb42,226,2020-10-28 23:57:17,2188.111695,Ae2tdPwUPEZE4G6Y87C5DHbVrLgATRwBTLVzE5jhoStckKGkA7LVYXaUNak,0,
962019717f0eabc4c0f4e8700cbc57cdd2af91292f30026368b9cffd63f31aa1,211,2020-08-17 16:04:28,2127.676119,Ae2tdPwUPEYycNoexMLwfVSRFZGy6RJiEANZmHkv4aDGP6YYvCrBhgHPM4e,0,
d9161085f4fe80b412d61ce711dda058fa3110fb588222ea4c26874596e6b9b0,210,2020-08-13 17:38:31,2108.435648,Ae2tdPwUPEZJaaHTW9GxtDxbuS1gTzMZWs4i2sWgMZQc2Ux1oKTA7rSQHJA,0,
180661734c3b2b2035112457fb41b04a2bd6acddf3fea28940a478b25e57d049,207,2020-07-26 14:46:31,2019.834159,Ae2tdPwUPEZDZg8yVYrZ4DbbwFZpvNf8P3q6nttVLCjosxLhH6mpsJCFXhN,0,
4371b08c6e0aa9012df8ab69ceb29cb7f0d33eef1aab99480d1adb6f9ba6231f,220,2020-09-29 08:45:53,2016.813743,Ae2tdPwUPEZJ3UUGGSkTBHmvuc3mbvnWiCDQyoa27iqFdi8uU24AErt5hva,0,
5635681494c177b283f7cd15d514e76e39e96945d8b754713c5da55a18f95575,217,2020-09-16 06:36:16,1999.797119,Ae2tdPwUPEZKWRwhi3roFcKZfs739bBUkipcLCejzveaXmoqo4WVn4z4ipg,0,
5f1235e5d4066f510a9e16078736ebf7da76abf4f995fbece9d59000fe3e2662,229,2020-11-14 00:00:02,1999.260119,Ae2tdPwUPEZCq3eGKtHtM8MscAMrw6RUTGMXPnmB3xRA4tRe4mFANgagdyX,0,
57a16f537f5dd22f4f77443f3c909203912ce1497d7a62bb02d6291d12638d35,220,2020-09-30 20:21:49,1998.802119,Ae2tdPwUPEZ8FX1F6SmTt7aCkMFJzBrr5wB4HaRYYDa8LGsX3nWjcdrbsnC,0,
1a1cdc6a6be87cbcc64ca9be24990ed2baa9ce2c4b3ed8cd9ae1ebebc3cbd1b9,240,2021-01-06 18:37:45,1922.597119,Ae2tdPwUPEYwchZNVZJG8NNHnuTimSyUuByLFGrTQVHLbrDK29qGy8XJG7F,0,
bffa288d1981f36df7078b863e5c7baf6a81b6bb26ffcd58b5860609c3014a46,232,2020-11-30 02:42:21,1915.558913,Ae2tdPwUPEZ235ZkPRiLDBrMFTS5zKvCbQBw9gxQZQLWMBno4ey2kx1D3KX,0,
c27945638d4008704083a7a20cc62476c920a5df9ec7f7654e15fff87e333813,215,2020-09-05 04:12:25,1849.607119,Ae2tdPwUPEZ8NxUhoab6pVoXNDnLPUz4miaQNLxCstfMv5i7E9MvweKuNfM,0,
d851d4df96feda4e3b40862d482ca92971d09ec4409bb63bf1c2d7585cd09120,211,2020-08-13 22:13:44,1807.632984,Ae2tdPwUPEYyyn7G1GL2ay9AGbMsDyGfwEvR2WAk8TMv5BZMrHkhD8PyzQb,0,
abd8ad5af9b1a527bb89a891bfd2b787991f4be6faa1e472a70bd8dc8077a8b1,211,2020-08-18 04:37:48,1707.266567,Ae2tdPwUPEZHs53quKPCUs2BWk7o5TvZLPToZGcGLt5YrmkF6fT7pbxXbTq,0,
bbefa1ead078ed881da49933b702c402990855ff769faeb634fa61feb4863c3f,240,2021-01-07 04:22:31,1699.594619,Ae2tdPwUPEYzbxfyVrmMySYswsnFWVK9rF3wCYNrd6e7DYW4orZUGkPfCJh,0,
7d4a2a6cbcf1876436730168bf33d25b0141073c57396d804db882df30fb0ce1,230,2020-11-18 14:28:01,1699.258119,Ae2tdPwUPEZHjiK9oD7pikezdt1fZYbs3Vk2qdmbCrz4dMCw8BLq91RKo1i,0,
a70e50bde2900a3dc8b638e7f332cc88a7ee043ad399c8e33235179880dff27b,232,2020-11-29 13:14:49,1689.203019,Ae2tdPwUPEZL1w265YcpYZ6jPx48d4QbSZSV1pkAjvBKwTHMc8JPyRgPwTd,0,
717730584d6eb379dfb47531c02f1284f78fa6f23eaaf3a56479cce8d6f33fbb,221,2020-10-03 21:20:26,1637.597119,Ae2tdPwUPEYywvBsPMyDKfMicNqbTBFsyKkckHqdiERZpvwHbxMy9K7NLWM,0,
9246569e480697034e31897491c5dc5ec85710f68bac4ac028b346ce0dfb49ac,223,2020-10-17 04:36:06,1625.897119,Ae2tdPwUPEZDKJAfsqNZAdURZq9xYXczmDoZLQvooQST7DXYLQ29Yqa4yoR,0,
f123ac291eb8c06df86db3b0545fe3522de9ca339d17cc2c533e6c1f9f51557f,230,2020-11-21 17:21:50,1523.370775,Ae2tdPwUPEZ5Qi9QEDJ3vHcddRYYE3kzRzYTrYUAxwMLb92oHaGvSLuCk8C,0,
e0edb4f4cb37e04e473f5b459a44687f1457d873f0259e959d8dd20a2c6750fc,224,2020-10-22 15:02:28,1495.797119,Ae2tdPwUPEYzAckRE6s4bxyN5U5jx3miaCjJTqowSBBpYPwe9GmjASPra1T,0,
57aa0110c510a1fff8cc6286cb1155fc0e6a1a7e38b100f9692cedb538adc786,214,2020-08-29 22:10:12,1488.807119,Ae2tdPwUPEYyYKtoMekwLNeYyfyQ6YKCMNAs5UrDeJoKKD6yrfzN3QVghPG,0,
90cf6225ef8bb8c6946f5733fa063f631af694335a509650e0073f7a7e36bb4c,233,2020-12-04 05:26:57,1446.244000,Ae2tdPwUPEYyAkhbbnhFUqnqaXHyMZeLyuLdM4nwuEniMDyzyjPABZezMqt,0,
8064b4c0414e336b092367ef0a4c79ade8f5f53c02cfed336d39a640241aba9f,240,2021-01-07 05:33:11,1315.479119,Ae2tdPwUPEZ9voxamDSkxEMM5Em8RcUkTZpYyAbpTc76YTwBZJggYCjCUho,0,
a2a82e8e7d9d114a06296ad10000f302f929a4683979cba98830f29623bbe8ac,213,2020-08-24 21:43:15,1311.916372,Ae2tdPwUPEZMrGDMmZcrHq7y4Fkso3Dnc3mbyQ6v9FD5wA8U6foAMnJfMuc,0,
f020e2d332355178fd4afa7cb302a02c244407446e29164f3e246eb6e34eb32b,221,2020-10-03 11:43:01,1272.797119,Ae2tdPwUPEZ9FpMn2fshBZdKVcaGsLjCGuD9QwDDrCqkRCScVn7e3gQQ8p4,0,
e89344ffb5b3afe6e19071d65641320c0b19e0e351801a633c14af77e6132bef,224,2020-10-18 13:13:25,1252.049840,Ae2tdPwUPEYxBJbKHkUmtWyRh3QBpKvNYrKPYCUNTniGxXYW4PG656RcWgD,0,
db0e152ea05927e065acc4078b5b348b598a7672e119017b1c9dee94c5c9037a,222,2020-10-11 09:42:37,1208.621083,Ae2tdPwUPEZ5aYb8aCnHY491o2cwMMfNo895MBVuFhueoFwBXRqnK2yKJaf,0,
0dafc833a6dfcd21e9275b1c52303e121e4598843ded473d844dfd6eb48f02bc,197,2020-06-09 15:29:31,1200.119870,Ae2tdPwUPEZ2AckxBgtRBVHPtHaaxoNXwkzPfU6RUNLAMUtrrqVUTX8HKju,0,
592feeb867fba719d5023948d2f83bd602bf95165653662a96029d1894943a16,225,2020-10-25 05:12:00,1070.797119,Ae2tdPwUPEYyHr5ZzzTGvWQ65VHxE4HNJ1i8BpbJDzhycWN5auSJa9r5SZg,0,
5d153c93e7da10a819e9ccdc4f465d6dbf6da584c4097555c6026f214158d107,197,2020-06-09 11:59:51,1039.834159,Ae2tdPwUPEZ3remayeVVP2kJkDtPcLt4WCGVzVTzadTmsMv5CX4HPEDcASP,0,
4a7414b59401e93b06b41ab7ed144b9e761687f7d8d63f1a729dfb395903cc78,203,2020-07-07 05:38:11,1035.196759,Ae2tdPwUPEZ2epSe7fhaiSrSCpV7Xk8xoD5gwURZejhnXVKzvV5CaoQwxXS,0,
85992b4dd9ee63f1725164c7745b791f91d3451e27053f3d3863e43e64afb9a3,219,2020-09-27 15:46:46,1031.597119,Ae2tdPwUPEZHsowfHMwPJnuxbSGPFiFQkkGH5WMAdeBCC191JtDXJzoisfH,0,
16c2aa6f5f1212212203935eba6dfa73a83570e0a8e0b29a4ce63a64a45d1b19,229,2020-11-12 23:18:11,1025.811466,Ae2tdPwUPEZBNZShPddfJuuLX9VqYfsebBWMDj8iNDDY2ZmZ38YKcm439pj,0,
aed8e2d6730d23fc50c8982b3db7f40d6b00ce724929ff46979262547a7a101e,232,2020-11-27 17:32:35,1000.797118,Ae2tdPwUPEZ9VnNV6WjrjWBLtWt8N26GhCHKtqvCCfUsycMMLHbYduQAeyw,0,
78f37d90dcb647dc537e7154630062ef78a2d8ca9b6eb0aa8cf992384def3b19,200,2020-06-20 17:19:31,999.834159,Ae2tdPwUPEZ8tViFgndmdx2j8sTLM7QJxVN8SZhFvk1eU1moCVUBLLKWeqx,0,
d0a66ee12aaea07a4f9a41261595475906fafc972c4e4e393a11962b3904954e,229,2020-11-13 02:01:13,999.797119,Ae2tdPwUPEZJuH6fuAtHpaoeX4WeiH9cx8WUkC9pCV8mbmGzfvqeHfumZUt,0,
6ad982abc6b5bc4a7fc2944554d961bec05668775ed7aad6382bb3185d67220f,231,2020-11-22 08:52:18,998.797119,Ae2tdPwUPEZFM8nYPvBrbyWxRMgfvNGN96NfApohcgT7yipKvyi194J2voG,0,
8f46b6f668a237da1299a632c40d9184c4c556b88edcb6251c0b86969795febc,232,2020-11-29 17:59:01,975.145119,Ae2tdPwUPEZ5LiLxvyVZm8h32B1wH82VqAqYNjhmRqLMBGth6WGSs1veRnc,0,
2be65db51bdeab0cc89bea4fe46f46288935cbad76fac0da077ad22bc25c5d7a,232,2020-12-01 10:43:44,899.797119,Ae2tdPwUPEZHUvfEozCGYwQxSCN6725aQvZ1anReo4ZxaiQEb5nSaPLWTcR,0,
259feb6672fc97c9ac1ba4d20337d8bc6ed0e56b871894089029b25d05b69bae,233,2020-12-02 22:45:43,892.497119,Ae2tdPwUPEZ979tXN3ktNdAdvvAcxDQKPCgQbyTbsNZNPig5CeiWycPCfzK,0,
14f422b71c1656641465388c19adb0b7128b082a1a2394e0146e86f714749f47,200,2020-06-23 08:49:11,872.959159,Ae2tdPwUPEZ6wHbt983eKjk6fyoxiw6MCznyRC579mfxJ3NZ4u54r2ckZry,0,
884cf5293d34ad6aafc85dbb663529ac420b48f67411e6c9c93e29c44fc0a83f,224,2020-10-22 02:24:35,824.439155,Ae2tdPwUPEZKpRRHTdxcuFaQrJXwEcJvnFt9D5X93d8DEdqNqRn9VhpyjsB,0,
a51c892af02b43e9ed357fb49f2630ab1f98c3bae4ab7d4c7dcfb1e617f32020,232,2020-11-29 23:20:59,795.697119,Ae2tdPwUPEZCxyd2cJZTSHekfNLSqvBR1drZuDrz8Soa5jeWSVUkHdibWcT,0,
18e006c01b6d9cf295bb1932d4c96236c8557f1844c03a05726fe9933f19501a,224,2020-10-18 08:39:19,790.223671,Ae2tdPwUPEYvyGJjzshmoCBNVUNMTKaXfZ7y7mGNLkNiYLUgW7VokNCxvxQ,0,
b155868bd449be52b1390df62739591f9ad2fc68f42499e64f670f50a69e364a,197,2020-06-06 21:44:11,755.553173,Ae2tdPwUPEZ3CV65stJwRgPq67Nvrpt4CqtAseZhq9kTH44t5Mgx1eEFaSj,0,
587987cd4a2924427e9195bd6507b4c5e5acca3e56ac466f7814446001908b32,223,2020-10-13 02:03:28,749.797119,Ae2tdPwUPEZHrTDNiCgei1KRnvRTozSG9Z1cJm9DxPzmihKFC5XkpnXrQLC,0,
bb40256d1f20be98a2ff27f2ae7a1cc8096cd492acb72a217b99a26d679efab9,213,2020-08-27 03:23:23,702.220892,Ae2tdPwUPEZ6hrKQNdAcGURNmRxmJp1X7a7PZ7o9CZ84seMwBPqMgFhNECw,0,
d7e96f841a0a7e7bd8542942a01b0ceaa12bfaea827b758c283fd78516ae7700,233,2020-12-06 14:07:33,659.136119,Ae2tdPwUPEZHvfZ3Q1z6JpUKsMsKQWiEt26STSi7cja56DP9xb6ABEBBvzd,0,
769c8c44a0138441630b207cecdc616e32ec30223c2a97ca29505769461e0fb4,233,2020-12-05 09:58:49,658.137119,Ae2tdPwUPEZNCj8AikhEGZqtQt4KqtyLNRaGfNCszTU1dKjWgdWdkLM7L5G,0,
60f90eae184433b5dbbe98fb2f71e7b05944efca7a654b063991636b1eb7972b,230,2020-11-17 22:24:23,649.797119,Ae2tdPwUPEZ3rr3zyhkfS8cA4FPDxpesdjH4RGFGdVBxcVyfmscxa3nsZZW,0,
93a564981c5939e62bded87a512ad7b23593f323b76793b0cc318ea6353217fd,204,2020-07-13 20:17:51,640.234159,Ae2tdPwUPEZ3XG5zNRj4VBsXJWWqoHE1mU8sPP3sSQaWSRXsvgrSDKGk7BD,0,
46ce16182c1abe7af96aa25d89e893170ca05bd083be6c795a208dae484b161f,214,2020-08-29 09:50:43,575.350470,Ae2tdPwUPEZN1NMr6MNpFyEMTk6MuUX6HGf2bKTqGwckr64Sz9Ak2kYbmjb,0,
e92cf44b25bca3c1953cfa9600f402fc2bb0d3fa3f0174434363a450afedb5b1,226,2020-10-28 17:43:38,570.021894,Ae2tdPwUPEZHE45dNfSqcRBJo7zNieeMsPqNBLJvYxVCjna8eHTTwwnnw5U,0,
9a717ed1a38b3066426b3956c9f6353640372b0778439abb437c18eddb202c2b,198,2020-06-14 14:49:31,553.834159,Ae2tdPwUPEZGB5dwUhhoWKeuMBg8NuLEpdP2hqdGAA21s5zerwp5uthN6Qm,0,
9bff5a177b43556c375a44359ebc258aca986fd6d0b1c5ea8af745152f775fc0,228,2020-11-09 08:33:03,535.797119,Ae2tdPwUPEZCPzvt7gaG4iCU5SBBt5YEjQZ8Wf6XX5EccvahxuB1AFxXRYs,0,
1ef0b397d7344632589a38aab793bc9b777e4d847d58e75dcf701e7d7c9c74ee,212,2020-08-20 20:54:01,524.019039,Ae2tdPwUPEYyE2jyhcZy6otCTv6B1KSgCZpkcRLiPpsPK7VuB9CkBBaLJQF,0,
79b707e3ca0d8e89cd2ae4b10e833ca86dcac020f8fdfbbe01b35c18fed7805e,219,2020-09-24 17:49:47,522.897119,Ae2tdPwUPEZDkQ4pgacBBHibVJn2xzkXit39TXcbvUKwj33dg3TuWj7BuCs,0,
52db9f5e5b99676d44e268b05009e1f9302ad5d134a5004f3f06feb7d38477f2,231,2020-11-22 21:33:25,511.117562,Ae2tdPwUPEZAvHBUrbyutLGqteUNtUhM8vVdwkyrWGtEUpjgzsQo3dhKrTd,0,
a2a2755966c35125ab2c905053f81d1d6be6f3682a2a571dedb36c9d9a058a02,234,2020-12-07 15:59:21,509.797119,Ae2tdPwUPEZEQdTyDyARX3otiqbnddja7m5wvSXDHPtWxBARBYHU9iLMtyw,0,
6141933bdaada7671a599f03b02c23bd7ad801978602bc461f0b9523f528016a,212,2020-08-21 02:07:46,499.807119,Ae2tdPwUPEYwAc4dAqa4buyx4B7gnDktjCPk7ZmKAGD1Hyui6rgAL4qDcfZ,0,
13addad579e16d163b6199a9a007e2eb935b0f6f5e662c8a901a17fb877d5c30,217,2020-09-16 10:04:22,499.797119,Ae2tdPwUPEZJiJAY31CZQJ3Wu7pZubfq1W99bf7oAJDqrURJ1GUNpq9epE4,0,
6d5941f827336523a8f711a9c0a73d63822615e31c991c396c450e1ba67216c8,223,2020-10-16 01:02:39,499.797119,Ae2tdPwUPEZ6XDn2SBx7U76nyfK8iv43AdcGDcvWrTAQDfCdwUsdLGcMwcc,0,
726f7fe7cfc79ddc64a0e573c21b0689cd1264eeca489b0508f0d1767877d179,220,2020-09-29 18:54:44,497.309576,Ae2tdPwUPEZACd3vYDXVUvTLiy7rfTiRy9UNHvyQmdtupWnfj4ZCASLNy2j,0,
989edd06e314b9bcd2e0602e6e8fc64de47d9050af1a6baf51895983ac3e6b54,230,2020-11-21 10:01:03,475.797119,Ae2tdPwUPEZ5gYjPGEBdodHEw2W3cnk9K8bVBUUwam1Tz7vJt2irXkQgPgf,0,
bb8f42abf3832610d0fa37af93194d3196e7b2db22b7c8e7ea7e439d092d588c,230,2020-11-21 02:40:23,429.438132,Ae2tdPwUPEZJc2j2D2XjoPHPscrVewUXZxarqy69AjVwrLyonS137hbRZ8e,0,
c94cb0200693dc073eae926d6afe9f1539d7bd467d107385ba286c7d3f2cc3b5,224,2020-10-18 14:37:56,406.797119,Ae2tdPwUPEZ4pVLpUDtwdrtUSQftsRpjV1CWYv4R3ZFTKcSLa2LKXrrWttc,0,
5b844635a293c6bf6a61b17489063af9b23a7bc28357a4ab071553a98352c5f2,220,2020-09-28 14:38:47,399.797119,Ae2tdPwUPEYxHRGJFEu9h7SUJiZk6eNfADA5nLE113a1HekUMFWG1R1xxiX,0,
7a16ce9617c35835556b4a620e4f651134f256c818dea20fb221a8348233f3aa,224,2020-10-21 00:23:25,396.997919,Ae2tdPwUPEYwRPUKhSLi27c49MtkDhRWL5T5AZ8QhRH3pQJCnbzC3Ud1bar,0,
3086a80fdd81072d76961144ceb8dfa9e9e647924c8fe7f47223185e52266393,199,2020-06-19 14:45:51,394.637959,Ae2tdPwUPEZ6Wn61uv9yqNwS1ETNqBzYXHp2MVC12xJAQ2Ej4waHfHLb3sc,0,
d923e3623ab12fa28eb413be16087031aeb63a5e810a1e44377ad3bff7322405,234,2020-12-07 20:39:11,372.423119,Ae2tdPwUPEZKwGqjHz5Forykc21jwBqTVi8Nf4vqqAou2kEYyPZPf8niZf9,0,
32c1f9364faf71b32fd624fdd192787e124a16e2e4b6534fd4bc94bed826dba0,219,2020-09-23 00:26:25,315.480119,Ae2tdPwUPEZ1nVNzh8f7iAzQ5ur8ker14Jg1w1EWaBbVXdB7zoUz1XymVqw,0,
9277a35fe4615ce7c16fd5010d1949d183f079671b04b969d15ed32800d6b1bf,230,2020-11-20 21:50:40,310.525857,Ae2tdPwUPEYxr8BYkqSyR1ZVaaaHuKjY1yZ2hdB3QCqWyroCLEa5MA5SGi4,0,
1f130f91f4690ed3ddb54c9a7020e01553eb4dc871b92636b21d3ce6f87e13dc,220,2020-09-28 14:59:13,308.597119,Ae2tdPwUPEZC166dEZoyPrVck3xwhrKQYcMDquH47UXkwbPSLAyt8SzX9yx,0,
4fbf271a006c2ffb75d8304fccac42ca673904ae52d13c9a382e41cd6da13fcd,222,2020-10-10 15:31:58,299.639119,Ae2tdPwUPEZFsGVfgRrtAD5tNmcrchJyhijWiYMHgng9sQi1SwksufupGMC,0,
bfab3727e8dd284163f0bc0d70701cea0476645fe41ff0c138a1c0bd4badbf70,231,2020-11-24 22:06:03,288.632519,Ae2tdPwUPEZ6h1WxsPkCipM5JkyHMH4evWbLApveueNKgJMtkbXJRJsmvdW,0,
74946344ddefb02e5b99fc2d6a3f3b19485ba6aa5a58c980fabfa215c48b9c7e,224,2020-10-19 03:10:19,268.297119,Ae2tdPwUPEZHMwxTr2pVUhwqBnadH7fxSSLnNdvPgbU58GJQ3sg6HoEmW8j,0,
61484fbf6ffa2221d35f5cb5140b3fb90f10de564a125c81250d4b5b52955717,222,2020-10-11 11:10:57,258.797119,Ae2tdPwUPEZ5pwHhivBHYZKDLUtmvx19sGT6uP7x1XSETvbof4fewsARkDZ,0,
b38588a12e30fe3550f557b41a3d51fd8466bbfa30bb1e244565a00f9c4b9f59,220,2020-10-01 15:46:24,249.197119,Ae2tdPwUPEZDuLVKP55faveQKmWHmB6vHjs5eG3JeiaUPQr1dGZxsazdvEb,0,
c616319505961f4b253d19eb54fe759cdc8c776ad82e8b618e9d61b3344f45f3,226,2020-10-31 14:21:31,245.550119,Ae2tdPwUPEZ9JC2tcDbbUSwtWXFYXVgjdNRj37CuVVeGgFLWNB9oWjpSg3Y,0,
618eb98e7525d15d86d6089b5bf33b385d70c7ad88a57f565759b859c047546f,233,2020-12-02 18:45:22,240.202190,Ae2tdPwUPEZ9K7NKsx6wJasfY6NETw1pgVouPF9NDP5H6gmHpkymMGMQYH1,0,
8957c2d8c32b21ec1e76a5150ae4f6bd3c3961389febfe1d81eccff046984ad0,212,2020-08-20 00:28:36,220.884819,Ae2tdPwUPEYzhoae6wBmjEHYS23NeYEm76w7sG3BiV9pBTD9FGJagDEWVwz,0,
83e7277201978a2bd2360c7642c64d4f9315b0ccf490a9b92eb46799a7057399,225,2020-10-23 13:53:59,218.797119,Ae2tdPwUPEYzrGgEmCAEj6kd6fjxg4d8Lv6VVwv5jGrRLv3f1jiPeYJX9Ly,0,
333545ede54dda8d47637f06ba4334e0d1ba3e1f98eb433ccc39b40ac193818d,232,2020-11-28 08:27:21,208.087619,Ae2tdPwUPEZCnA4nQ49uJPspc7jDWWobTs5V4hCcbeCwDQAG5nXkdyorByz,0,
4cd5cce461d0162eb57219e89ea4204e17ddab2752ee4129377ef2a070cd6154,214,2020-08-31 18:25:27,200.535011,Ae2tdPwUPEZDaVZZhGFSDrHvqBgrSgU2SEdwUVFue88bdukQf83kxch1WpP,0,
17ae0f0b13e28c845e8b7e7842f3f90cd9a52278d25f790be42e26d443aa980e,219,2020-09-27 01:22:07,199.797119,Ae2tdPwUPEZDyY5nTSUqb3eQdN1sMSU6npqyrpdZMwZWbTXV2ce73tE9Yta,0,
a0aa75f24aac2cda6f42d046d4d619aef04670030afdf3be297b8a198f5717a9,229,2020-11-14 13:10:57,199.797119,Ae2tdPwUPEZG33QU8eyNirTnEQDmgVbEHozfJRdNSWfTsFTqNUFE41ASJh2,0,
9568c91e1b49ca5ce3b2afe11340f8dd14448fc511d16a1b24a1e0e0c31c07da,216,2020-09-09 08:06:25,198.807119,Ae2tdPwUPEZFGomE6pxLk7E5UDBaSaT5AprZgHrU8K9enrV8zDpSxv3gWSQ,0,
60c5e190503923a8c5aa67bdfa1ed4b5b440f2f857b5dee19d478ecbd6fed69a,212,2020-08-20 19:54:26,181.781119,Ae2tdPwUPEZAXnCxbeybJqDZQV3M4mRGQUi3WwB39KrWQjuhpV6Vj6KX1hW,0,
2c08a9682dab198550e42611aba700e76ed064d2f4cea971616cf0954fce2538,231,2020-11-25 01:46:30,175.304265,Ae2tdPwUPEZFoPKm7dTnj5vLfVvhWwmdfe1HPrLdXFig3ivhSG1vw91Sac5,0,
63595061e625c0b8f4192aa1fb5d8d01e76b55efcd0a376911b8fd416e153eaa,214,2020-08-30 09:55:01,174.807119,Ae2tdPwUPEZASGAAdHFC6qisjajRDFkrtAVsmmDhRi6xAho4PoiY9EY9DB3,0,
f8124ad5596f72c6720e5b3b26ab78c06b1ad32c2ac3fa9f9006a3459cc24786,197,2020-06-09 11:27:51,134.102395,Ae2tdPwUPEZLUP7HmzPH6yPBdU3Lk6woFFbc3bR4SSARWZKQEWvFp65aEjd,0,
a5ec556eacc98e7941685fb87b42a41a9e5322bf209d1932b61a2f02b6109a23,223,2020-10-15 04:43:42,124.671119,Ae2tdPwUPEZJsjuZ3w9SUaHg58p3oSBdoTZpAVJ3vtVPYgmPufjozKo4ADB,0,
1a4c0a6512fd275c4e72c11ea6e442827525d0646f4d5eece40cc0eab01671d1,220,2020-10-02 10:29:37,124.197119,Ae2tdPwUPEYxPGQ25J2R3oSqbxQCZt6fw9joVLTtMLsPXSk4PzGKGZ319yh,0,
fc13d20cd6cb4bb71b3d6aeb80a3eb4b36b645a0f842afe0f89846a98bca983e,232,2020-11-30 11:36:59,121.674118,Ae2tdPwUPEZLbM5bnEkjmREFJtC9WedtDh8yp5hGx61W2pZWWUKBUmRS2we,0,
583f5da457c413f88e4714236a7d60e703903027ea6023513550bb33001c7dca,218,2020-09-22 10:02:53,120.974819,Ae2tdPwUPEZGjtbvpw58EgH6TdGDS1aLUU1tTZFcxn4BaeVWmbUzy2tDGW6,0,
d25841264efd88c3f7d85ba8718d2f3b5bcd54bdf641dfc57b8e1903babe5dc5,198,2020-06-13 03:18:11,99.834159,Ae2tdPwUPEZENqa4PhGAYWKMa8B2fFhqi85nf7U8F6zQrrXJaCbeYELykVU,0,
e1dc4032ddc6bbf2bb04925819c0dbd7bcba4a10b3257dfb686734f59bb2a0c6,201,2020-06-25 21:04:31,99.834159,Ae2tdPwUPEZ4qmhi7rcfukJv8X4CSVMrBBFsqB2FnZUiDuHABPyxZGR7VYH,0,
ce66457579ff25037273caaa5452536ee1dafd5f6994fb2c75924266b3463fe8,216,2020-09-11 15:48:05,99.807119,Ae2tdPwUPEYwHzvh77x1ss2U4hsRXFLF4Vj4RvDPWpCzabmY1ypgo6cMu1k,0,
efc7cc2b2908b78fb08637eb1d728ca0520277cb52e5ec357f77090c5f6f36fd,233,2020-12-05 22:59:03,99.414319,Ae2tdPwUPEYyJ6QsLQwJQ9miPemzkYY4Wgqt2a98favdjw4twz4gAN1n415,0,
12f9e074fbc6e9fa4e9e0e96196423cc0ca50730874e22798a737d6322d34976,199,2020-06-17 19:51:51,98.834159,Ae2tdPwUPEZ3A6jBMXuz28ipeuxAyTnF1ahNM8zHenGP5BJSK5heEovdbQT,0,
04f4ac24ef6a993d8e15bb246e66d6298a0787326bf1401a9377b79c0fcabba3,200,2020-06-23 19:04:51,98.834159,Ae2tdPwUPEYxrUFgCZSk6e4Vm5d5dq3jFiupzKqMozpGTzhASFGMWZpV25h,0,
d44d930ab2714d8305c3f0a551dfbcdda1447b3c7c655c85f13be42acdb6270f,228,2020-11-07 10:46:06,80.264811,Ae2tdPwUPEZ26am1ebqXygB7hWpMjk3jMSEgiqfjLFX2u4k54JH4WQqWBvV,0,
b9f1472f4c2da345e775ac4e06c96f78367743053fe1de1c5031f1b9eb82bcf0,233,2020-12-03 16:16:36,69.455777,Ae2tdPwUPEZ9Dih8rs8KsViRcuuzt7jaegm328k4gbDvfiSs7o2ykN592nu,0,
1e59f6938d6f1ddaa5c220ac6ed5a16602d87a14eeb557c5c040f4a40e518463,222,2020-10-12 20:46:31,68.804219,Ae2tdPwUPEZHoA4gPahuJCtWiEQM5CGs2rsD941MnqHLvwPqWZCVA8KPZMx,0,
c358ec2ad7c07710a0a0cc816b0795974e4d6ca4124af3ca5951696fe62cd97a,204,2020-07-11 20:54:51,58.834159,Ae2tdPwUPEZLoTxQJaXu3ZvHBW84Dc88djSE3Wsoqn4S3SARmHjMhAUaPWz,0,
2d8814a60e6fbc9519f08296c5114ce0e805118aea0981a205b9b47585da24b4,226,2020-10-28 07:08:18,49.097119,Ae2tdPwUPEYx4LuA6DqSyD965aJNTfuYi4cfzyiHMdKYDnTUwoEN9d9ZA9d,0,
a4a529b7746db50cd7878f5172d1b1764ba285416a2aee50954c98188915d086,198,2020-06-10 14:33:31,48.834159,Ae2tdPwUPEZ3QYUEa7tpKPfAwEH2xAHAi1dEjfAS4r1pgEJwGJj4tTRZw8M,0,
b924fc75996e273b8628098ddbfe451488d01227c424211e7135db2ac71eee89,233,2020-12-05 12:38:53,33.597119,Ae2tdPwUPEZKA5pbSpvizexB8b8t27uQbDTJLffNWHjLLo1NJg5nbHem8m8,0,
02435d906548819b0437faec73fc3765e5b3d0a254ab39d23c164e5e86b6943f,231,2020-11-25 10:25:48,31.701119,Ae2tdPwUPEZHDH5bz7X4RckZqpxqqX3wUsHgspNo7jXrHUiRMJzvKe3DGXM,0,
b0ed8db241cae448b8cc14f4e32a470459ccc901a24c3cfa369436fd3adcf3bb,198,2020-06-13 21:37:11,24.834159,Ae2tdPwUPEZ82y6DKqYAV4GJr9haRDyy23Ti5GCePbqsYgZyMhwgzec4Gkf,0,
1ea5b65050b51c8830039df4220960541b568f0018c6ba38298444e4e8dcc9f0,206,2020-07-24 07:15:31,18.834159,Ae2tdPwUPEZKnVP6duoe4B7ARpF7XDxSQH3xi37hkCMCVah9CUxMjMtqxVh,0,
4d4c2c95c00d51b770615873b5bb1f2dd2ce836519150d0751b328a6d356144a,233,2020-12-04 21:18:04,17.797119,Ae2tdPwUPEZDYuwtxZQmrVeVzxN5NgXGRGcsceQYoPzcU1JExBAoTPqEkCo,0,
cff6f3b09fc68131b7de559300de908c405e787d96e0fbef60ddd00668a65994,211,2020-08-15 20:40:02,15.793119,Ae2tdPwUPEZFqsCYyMYs9auEzRbAfjcsDp32eFaLMJArd4kkC7iE1yrS8T8,0,
4735b11b7df095ba77b38096568bf848b86a4caf8b876f69d2d564b190473085,231,2020-11-22 19:43:00,14.797119,Ae2tdPwUPEZHKKqFKRDqpZk81ibNbxS3iMK4DEzAvP1jXaS6pHQdevhPr4G,0,
54046fc4dbde6ebe73cfcba420a7e3d28c849582a7e23d9dcc0e6a2f548fbfd2,215,2020-09-04 19:18:38,12.300919,Ae2tdPwUPEZHqqNQV5ijmnUuvcTohGMZU4mv5nEswVoEjjoSjYi84paJcSm,0,
1a84d82afd939cf76f2803d173159cfa3c97ee021ca2b91f8283090970216989,228,2020-11-06 21:48:07,10.551144,Ae2tdPwUPEZ3hPpVvo6PxS67NPMHYpTin2jsFdy569aTTfQ5r2M9frC3Rzq,0,
0f549d9c586eb5ff882c5450481cb3240e64807b3cb1d4154a0d653b3021bbf1,213,2020-08-25 22:54:25,9.807119,Ae2tdPwUPEZL5hZLfo7yXrytQKiYzqA5NYQxXMxrCVeDWDQ19K4CdW9GNUn,0,
65a2f47a34cf46b8941788f6ff69b7939a660c0e7cba7e1428c3617931e4af07,226,2020-10-30 00:05:21,9.797119,Ae2tdPwUPEZ7Sca5sA8g43z7y3qZuYLstXGg5orfNvQ5YNT87VjhVCpLeB4,0,
