address,stake_address,claimed_entity,label_type,evidence,evidence_url,submitted_by,submitted_date,grade
addr1vxytw7xz99svpv8w5lk2r9j9mxe8p82m2v3qaj0xgalj4ds2jsgq5,,Coinbase,custody_cluster,study method: 30 tracer(s) from 6 distinct participant wallet(s); vote split: Coinbase 30t/6p,https://tracer.adagenesistransparency.com,the_red_or_blue_pill_study_participants,2026-07-23,STRONG_INFERENCE
,stake1u833p40y8cm07ra9wgrqgp70z6khc5pttrena97c6en6p8c7pzxda,Kraken,custody_cluster,study method: 17 tracer(s) from 8 distinct participant wallet(s); vote split: Kraken 16t/8p; Coinbase 1t/1p,https://tracer.adagenesistransparency.com,the_red_or_blue_pill_study_participants,2026-07-23,STRONG_INFERENCE
,stake1uyucxkycrc70349xq3cxzahf4hkytyhr05lntfcg49hqpxsqlrayk,KuCoin,custody_cluster,study method: 4 tracer(s) from 2 distinct participant wallet(s); vote split: KuCoin 2t/2p; (unnamed) 2t/1p,https://tracer.adagenesistransparency.com,the_red_or_blue_pill_study_participants,2026-06-18,STRONG_INFERENCE
DdzFFzCqrht44eAzUcfiLz8eLSMRscwXNDQd1YPsGsGPesuGx29pVUZUe2F7G8wtUjrCoB14m5pGBCbABUoLKrvjEsaCetomtb4BSnnM,,KuCoin,deposit_address,study method: 3 validated deposit(s) from 1 participant wallet(s); terminus s:stake1uyucxk… resolved -> KuCoin,https://tracer.adagenesistransparency.com,the_red_or_blue_pill_study_participants,2026-06-18,STRONG_INFERENCE
addr1q8mz539tumjz9xkaev4s2n064w7n4kl4pq03k8vr2s4ge98rzr27g03klu862usxqsru794d03gzkk8n86ta34n85z0segsrmp,stake1u833p40y8cm07ra9wgrqgp70z6khc5pttrena97c6en6p8c7pzxda,Kraken,deposit_address,study method: 1 validated deposit(s) from 1 participant wallet(s); terminus s:stake1u833p4… resolved -> Kraken,https://tracer.adagenesistransparency.com,the_red_or_blue_pill_study_participants,2026-06-17,STRONG_INFERENCE
addr1q8u5k8ch6k8r8ru5gxxlg75rrm9waupx362cnq0dp0nackhrzr27g03klu862usxqsru794d03gzkk8n86ta34n85z0s37fl60,stake1u833p40y8cm07ra9wgrqgp70z6khc5pttrena97c6en6p8c7pzxda,Kraken,deposit_address,study method: 1 validated deposit(s) from 1 participant wallet(s); terminus s:stake1u833p4… resolved -> Kraken,https://tracer.adagenesistransparency.com,the_red_or_blue_pill_study_participants,2026-06-17,STRONG_INFERENCE
addr1q8ytwnmvdg394feq94vekdmjcltnzl5cwvfmuf5lmcz396hrzr27g03klu862usxqsru794d03gzkk8n86ta34n85z0sex85gq,stake1u833p40y8cm07ra9wgrqgp70z6khc5pttrena97c6en6p8c7pzxda,Coinbase|Kraken,deposit_address,study method: 2 validated deposit(s) from 1 participant wallet(s); terminus s:stake1u833p4… resolved -> Kraken,https://tracer.adagenesistransparency.com,the_red_or_blue_pill_study_participants,2026-07-06,WORKING_HYPOTHESIS
addr1q9f3myhaullmyczgckhq4j29wvqdn2suftf6xwwywrgjevhrzr27g03klu862usxqsru794d03gzkk8n86ta34n85z0s0n03yc,stake1u833p40y8cm07ra9wgrqgp70z6khc5pttrena97c6en6p8c7pzxda,Kraken,deposit_address,study method: 1 validated deposit(s) from 1 participant wallet(s); terminus s:stake1u833p4… resolved -> Kraken,https://tracer.adagenesistransparency.com,the_red_or_blue_pill_study_participants,2026-06-17,STRONG_INFERENCE
addr1q9fe36t08fgxj0540dspyestaesuemwcq6fce5n0c4agf60rzr27g03klu862usxqsru794d03gzkk8n86ta34n85z0snh94lc,stake1u833p40y8cm07ra9wgrqgp70z6khc5pttrena97c6en6p8c7pzxda,Kraken,deposit_address,study method: 1 validated deposit(s) from 1 participant wallet(s); terminus s:stake1u833p4… resolved -> Kraken,https://tracer.adagenesistransparency.com,the_red_or_blue_pill_study_participants,2026-06-17,STRONG_INFERENCE
addr1q9g5xlgepj9x50w8fxtutzyvzkxpe3uksy5cry29hpaddju2c2p0cegfuq6mjmt58u263qj2qtnqqzl3swjcthxupjkqvg6p9k,stake1ux9v9qhuv5y7qdded46r79dgsf9q9esqp0cc8fv9mnwqetqm703rr,Gate.io,deposit_address,study method: 1 validated deposit(s) from 1 participant wallet(s); terminus s:stake1uxd5jx… unresolved_below_threshold,https://tracer.adagenesistransparency.com,the_red_or_blue_pill_study_participants,2026-06-17,WORKING_HYPOTHESIS
addr1q9pxl0jev522urjn7fr2cn4fgkszpsn7un2xe9cxaqh3n8lrzr27g03klu862usxqsru794d03gzkk8n86ta34n85z0s00347d,stake1u833p40y8cm07ra9wgrqgp70z6khc5pttrena97c6en6p8c7pzxda,Kraken,deposit_address,study method: 1 validated deposit(s) from 1 participant wallet(s); terminus s:stake1u833p4… resolved -> Kraken,https://tracer.adagenesistransparency.com,the_red_or_blue_pill_study_participants,2026-06-16,STRONG_INFERENCE
addr1q9w7plj69ufdhnxapsd2ymw32knqwl3tgtce54lew7lk06lrzr27g03klu862usxqsru794d03gzkk8n86ta34n85z0sep0qa0,stake1u833p40y8cm07ra9wgrqgp70z6khc5pttrena97c6en6p8c7pzxda,Kraken,deposit_address,study method: 1 validated deposit(s) from 1 participant wallet(s); terminus s:stake1u833p4… resolved -> Kraken,https://tracer.adagenesistransparency.com,the_red_or_blue_pill_study_participants,2026-06-17,STRONG_INFERENCE
addr1q9wc60k22v449a8jncj5zlr6e0nc5pdmnu27jj6e8rrwwr6ppf8fx8p70q563f62trr9dx65lzmpnewwztvcshfht3zq6ca6tx,stake1u9qs5n5nrsl8s2dg5a9933jknd203dseuh8p9kvgt5m4c3qu6klf6,KuCoin,deposit_address,study method: 1 validated deposit(s) from 1 participant wallet(s); terminus s:stake1uyucxk… resolved -> KuCoin,https://tracer.adagenesistransparency.com,the_red_or_blue_pill_study_participants,2026-06-17,STRONG_INFERENCE
addr1q9zqqdlayta28zmj7cyz2dr6k8tcg4tpv0ckpz8g0q4gfhhrzr27g03klu862usxqsru794d03gzkk8n86ta34n85z0s2lvxqw,stake1u833p40y8cm07ra9wgrqgp70z6khc5pttrena97c6en6p8c7pzxda,Kraken,deposit_address,study method: 2 validated deposit(s) from 1 participant wallet(s); terminus s:stake1u833p4… resolved -> Kraken,https://tracer.adagenesistransparency.com,the_red_or_blue_pill_study_participants,2026-06-17,STRONG_INFERENCE
addr1qx02p99wck3mzrxyl9w75fjurr90huye0ek8vr6spvwpw7lrzr27g03klu862usxqsru794d03gzkk8n86ta34n85z0s7yz7qm,stake1u833p40y8cm07ra9wgrqgp70z6khc5pttrena97c6en6p8c7pzxda,Kraken,deposit_address,study method: 1 validated deposit(s) from 1 participant wallet(s); terminus s:stake1u833p4… resolved -> Kraken,https://tracer.adagenesistransparency.com,the_red_or_blue_pill_study_participants,2026-06-16,STRONG_INFERENCE
addr1qx67qzxxmyrgalnglhsuqy87kjengvtf3jjgc3nedqrvsfhrzr27g03klu862usxqsru794d03gzkk8n86ta34n85z0ssl738k,stake1u833p40y8cm07ra9wgrqgp70z6khc5pttrena97c6en6p8c7pzxda,Kraken,deposit_address,study method: 1 validated deposit(s) from 1 participant wallet(s); terminus s:stake1u833p4… resolved -> Kraken,https://tracer.adagenesistransparency.com,the_red_or_blue_pill_study_participants,2026-06-16,STRONG_INFERENCE
addr1qxg4rsphy0463zzdmcgujvp6fhr90xg8yuppyl2mjrzgnahrzr27g03klu862usxqsru794d03gzkk8n86ta34n85z0sj9kcyg,stake1u833p40y8cm07ra9wgrqgp70z6khc5pttrena97c6en6p8c7pzxda,Kraken,deposit_address,study method: 1 validated deposit(s) from 1 participant wallet(s); terminus s:stake1u833p4… resolved -> Kraken,https://tracer.adagenesistransparency.com,the_red_or_blue_pill_study_participants,2026-06-16,STRONG_INFERENCE
addr1qxqlhh3wetp09cufzncy82utfqadax3wdzjdwp0c9atew50rzr27g03klu862usxqsru794d03gzkk8n86ta34n85z0sdhw795,stake1u833p40y8cm07ra9wgrqgp70z6khc5pttrena97c6en6p8c7pzxda,Kraken,deposit_address,study method: 1 validated deposit(s) from 1 participant wallet(s); terminus s:stake1u833p4… resolved -> Kraken,https://tracer.adagenesistransparency.com,the_red_or_blue_pill_study_participants,2026-06-17,STRONG_INFERENCE
addr1qyjdj4y58dt7ttcpj50wssut2wkpyskr2wajac3esfplhvhrzr27g03klu862usxqsru794d03gzkk8n86ta34n85z0slgff76,stake1u833p40y8cm07ra9wgrqgp70z6khc5pttrena97c6en6p8c7pzxda,Kraken,deposit_address,study method: 3 validated deposit(s) from 1 participant wallet(s); terminus s:stake1u833p4… resolved -> Kraken,https://tracer.adagenesistransparency.com,the_red_or_blue_pill_study_participants,2026-07-23,STRONG_INFERENCE
addr1v823qrsz6dxjws29cxve54g983euufpskwe4q3uez63y8xc9w38nz,,Bybit,deposit_address,study method: 1 validated deposit(s) from 1 participant wallet(s); terminus a:addr1v823qrs… unresolved_below_threshold,https://tracer.adagenesistransparency.com,the_red_or_blue_pill_study_participants,2026-06-17,WORKING_HYPOTHESIS
addr1v852389nj4fsr4z2wj460mpzj8tp0fdhfsm7f75uyvysuqqahxyck,,Binance,deposit_address,study method: 1 validated deposit(s) from 1 participant wallet(s); terminus a:addr1v852389… unresolved_below_threshold,https://tracer.adagenesistransparency.com,the_red_or_blue_pill_study_participants,2026-06-24,WORKING_HYPOTHESIS
addr1v85y3cqfmrft5js0agy0x6x7vzj830xufandhh5q5fjtqxc0wh37l,,Coinbase,deposit_address,study method: 3 validated deposit(s) from 1 participant wallet(s); terminus a:addr1vxytw7x… resolved -> Coinbase,https://tracer.adagenesistransparency.com,the_red_or_blue_pill_study_participants,2026-07-23,STRONG_INFERENCE
addr1v876552es5pa4e4uz87l37stwxrd6jtpxg2k0gq97mmexgcnsphfu,,Coinbase,deposit_address,study method: 2 validated deposit(s) from 1 participant wallet(s); terminus a:addr1vxytw7x… resolved -> Coinbase,https://tracer.adagenesistransparency.com,the_red_or_blue_pill_study_participants,2026-06-19,STRONG_INFERENCE
addr1v8ce8ny4d8vrr2zltlarqvzyeydfkp8905p4wgrykgw6ypsumvxtr,,Binance,deposit_address,study method: 1 validated deposit(s) from 1 participant wallet(s); terminus a:addr1v8ce8ny… unresolved_below_threshold,https://tracer.adagenesistransparency.com,the_red_or_blue_pill_study_participants,2026-06-17,WORKING_HYPOTHESIS
addr1v8npenlg59fxmu9j8c7j2q3l5hgzake3yj9qrqrauympf2cnytdp6,,Coinbase,deposit_address,study method: 1 validated deposit(s) from 1 participant wallet(s); terminus a:addr1vxytw7x… resolved -> Coinbase,https://tracer.adagenesistransparency.com,the_red_or_blue_pill_study_participants,2026-06-21,STRONG_INFERENCE
addr1v8uv847kv6cce0cptns340yq2jspsqhs83jtnme9552855seuavn2,,Coinbase,deposit_address,study method: 1 validated deposit(s) from 1 participant wallet(s); terminus a:addr1vxytw7x… resolved -> Coinbase,https://tracer.adagenesistransparency.com,the_red_or_blue_pill_study_participants,2026-06-19,STRONG_INFERENCE
addr1v8w4c8c6nmwcgllzftfn03q9pc08gy2g508mfdht8zlt3rg48xcp9,,Coinbase,deposit_address,study method: 1 validated deposit(s) from 1 participant wallet(s); terminus a:addr1vxytw7x… resolved -> Coinbase,https://tracer.adagenesistransparency.com,the_red_or_blue_pill_study_participants,2026-06-18,STRONG_INFERENCE
addr1v8xj4rtdz87yhsj7djryly5afaw9aypkvsw604ht9r5fssc5ecgvq,,Coinbase,deposit_address,study method: 1 validated deposit(s) from 1 participant wallet(s); terminus a:addr1vxytw7x… resolved -> Coinbase,https://tracer.adagenesistransparency.com,the_red_or_blue_pill_study_participants,2026-06-19,STRONG_INFERENCE
addr1v8yq8tt8d024nn03hamg2d35zsn4u5nsaqkfzx2n37j8cccfy5gxs,,Binance,deposit_address,study method: 2 validated deposit(s) from 1 participant wallet(s); terminus a:addr1v8yq8tt… unresolved_below_threshold,https://tracer.adagenesistransparency.com,the_red_or_blue_pill_study_participants,2026-06-17,WORKING_HYPOTHESIS
addr1v96l3yu3gl7tekey427yef90fwn536s3ngdp44sv3gu6gcsvkdmgn,,Coinbase,deposit_address,study method: 1 validated deposit(s) from 1 participant wallet(s); terminus a:addr1vxytw7x… resolved -> Coinbase,https://tracer.adagenesistransparency.com,the_red_or_blue_pill_study_participants,2026-06-18,STRONG_INFERENCE
addr1v985g9aksvtq97t8zft6tmj50n2872jx0sk9kemegsx3pqcv8985k,,Coinbase,deposit_address,study method: 1 validated deposit(s) from 1 participant wallet(s); terminus a:addr1vxytw7x… resolved -> Coinbase,https://tracer.adagenesistransparency.com,the_red_or_blue_pill_study_participants,2026-06-18,STRONG_INFERENCE
addr1v9h4avku6aawfvngc9wgn44c6k3pmtqdcg0c6hm9vqdm83cdfv5n5,,Coinbase,deposit_address,study method: 1 validated deposit(s) from 1 participant wallet(s); terminus a:addr1vxytw7x… resolved -> Coinbase,https://tracer.adagenesistransparency.com,the_red_or_blue_pill_study_participants,2026-06-24,STRONG_INFERENCE
addr1v9h8m5vvapeg5lahavyltt7qrmak7wtcrhwf494nvnj9qzgjsz9np,,Coinbase,deposit_address,study method: 1 validated deposit(s) from 1 participant wallet(s); terminus a:addr1vxytw7x… resolved -> Coinbase,https://tracer.adagenesistransparency.com,the_red_or_blue_pill_study_participants,2026-06-23,STRONG_INFERENCE
addr1v9j9ww8yyj2x9guaheejgp4at8rfx3y32u99mn43ztjvj7skd8gjw,,Coinbase,deposit_address,study method: 1 validated deposit(s) from 1 participant wallet(s); terminus a:addr1vxytw7x… resolved -> Coinbase,https://tracer.adagenesistransparency.com,the_red_or_blue_pill_study_participants,2026-06-22,STRONG_INFERENCE
addr1v9juh8xdjt9q39q3aeavwrq892664me5a37aea4ee8f29nqxhqhs4,,Coinbase,deposit_address,study method: 1 validated deposit(s) from 1 participant wallet(s); terminus a:addr1vxytw7x… resolved -> Coinbase,https://tracer.adagenesistransparency.com,the_red_or_blue_pill_study_participants,2026-06-17,STRONG_INFERENCE
addr1v9m603t0z8axyvstwef4lhrtzharhv0mts9zv5t0ldcfgcc5pjetu,,Coinbase,deposit_address,study method: 1 validated deposit(s) from 1 participant wallet(s); terminus a:addr1vxytw7x… resolved -> Coinbase,https://tracer.adagenesistransparency.com,the_red_or_blue_pill_study_participants,2026-06-20,STRONG_INFERENCE
addr1v9qk7p76d8hjs3hh7s4rvugkuxjrdefvlvsk4vtwfhpa5tqpkja6t,,Coinbase,deposit_address,study method: 1 validated deposit(s) from 1 participant wallet(s); terminus a:addr1vxytw7x… resolved -> Coinbase,https://tracer.adagenesistransparency.com,the_red_or_blue_pill_study_participants,2026-06-19,STRONG_INFERENCE
addr1v9r8psfnlhzmycwn7zrzejktgzmww7y9p7tfcmtled29arcgldf6j,,UEX.us,deposit_address,study method: 1 validated deposit(s) from 1 participant wallet(s); terminus a:addr1v9r8psf… unresolved_below_threshold,https://tracer.adagenesistransparency.com,the_red_or_blue_pill_study_participants,2026-07-23,WORKING_HYPOTHESIS
addr1vx0pc9ueevcadt7mwcprd89md2fn8eqdq5kret0w00zarfc0s750d,,Coinbase,deposit_address,study method: 1 validated deposit(s) from 1 participant wallet(s); terminus a:addr1vxytw7x… resolved -> Coinbase,https://tracer.adagenesistransparency.com,the_red_or_blue_pill_study_participants,2026-06-19,STRONG_INFERENCE
addr1vx9eaw0kmfq388c5743cktmmn9hces0h0qun8y20umsjensnuytxp,,Coinbase,deposit_address,study method: 1 validated deposit(s) from 1 participant wallet(s); terminus a:addr1vxytw7x… resolved -> Coinbase,https://tracer.adagenesistransparency.com,the_red_or_blue_pill_study_participants,2026-06-18,STRONG_INFERENCE
addr1vxcs0p3xq8hatxv07dmr8uvl2g8wlasdx5udr8la3hsuh3q9lnkvu,,Coinbase,deposit_address,study method: 1 validated deposit(s) from 1 participant wallet(s); terminus a:addr1vxytw7x… resolved -> Coinbase,https://tracer.adagenesistransparency.com,the_red_or_blue_pill_study_participants,2026-06-20,STRONG_INFERENCE
addr1vxe0rtdm6vslrxk2w2d5auqzxktmyhednjrr9canyfrvx8caxmqqp,,Coinbase,deposit_address,study method: 1 validated deposit(s) from 1 participant wallet(s); terminus a:addr1vxytw7x… resolved -> Coinbase,https://tracer.adagenesistransparency.com,the_red_or_blue_pill_study_participants,2026-06-19,STRONG_INFERENCE
addr1vxs8fe0uhjar9hr8g7h3l6hgt7utng7e58280pnnrpp28gc0jryua,,Coinbase,deposit_address,study method: 1 validated deposit(s) from 1 participant wallet(s); terminus a:addr1vxytw7x… resolved -> Coinbase,https://tracer.adagenesistransparency.com,the_red_or_blue_pill_study_participants,2026-06-17,STRONG_INFERENCE
addr1vxsaw8z0cl6h6j9q0f8u2jn9e0lhg9zcvw98mp3yqn65jxsqwqee9,,Coinbase,deposit_address,study method: 1 validated deposit(s) from 1 participant wallet(s); terminus a:addr1vxytw7x… resolved -> Coinbase,https://tracer.adagenesistransparency.com,the_red_or_blue_pill_study_participants,2026-06-19,STRONG_INFERENCE
addr1vxt60d6de5jwncx8d6sdq4dxm5rratep8z6y6g29z4sadgsaj4ncf,,Coinbase,deposit_address,study method: 1 validated deposit(s) from 1 participant wallet(s); terminus a:addr1vxytw7x… resolved -> Coinbase,https://tracer.adagenesistransparency.com,the_red_or_blue_pill_study_participants,2026-06-17,STRONG_INFERENCE
addr1vy0hh6xg90gpsetcdqllyx4tv37gplztjzpv45s87xmmj7qz0sg65,,Coinbase,deposit_address,study method: 2 validated deposit(s) from 1 participant wallet(s); terminus a:addr1vxytw7x… resolved -> Coinbase,https://tracer.adagenesistransparency.com,the_red_or_blue_pill_study_participants,2026-07-06,STRONG_INFERENCE
addr1vyav5s7p8d7sar0u7kv5l7mf2sfgv8q47geyj3u3yreezvc2zd4q9,,Coinbase,deposit_address,study method: 1 validated deposit(s) from 1 participant wallet(s); terminus a:addr1vxytw7x… resolved -> Coinbase,https://tracer.adagenesistransparency.com,the_red_or_blue_pill_study_participants,2026-06-18,STRONG_INFERENCE
addr1vyfpe2qrel4n6qns3enqusjs62gsh6wdwhruaw9h36hy8rq927fll,,Coinbase,deposit_address,study method: 2 validated deposit(s) from 1 participant wallet(s); terminus a:addr1vxytw7x… resolved -> Coinbase,https://tracer.adagenesistransparency.com,the_red_or_blue_pill_study_participants,2026-06-19,STRONG_INFERENCE
addr1vygguq8sqkgpc22qyq86u3jpsh3nfxgg0fvmgldmwnwlxesadydhx,,Binance,deposit_address,study method: 3 validated deposit(s) from 1 participant wallet(s); terminus a:addr1vygguq8… unresolved_below_threshold,https://tracer.adagenesistransparency.com,the_red_or_blue_pill_study_participants,2026-06-20,WORKING_HYPOTHESIS
addr1vygh5z0yneazanzp0pjvyzpmh64mq3s8fy6ys7jx6lqh9kqupgerq,,Binance,deposit_address,study method: 1 validated deposit(s) from 1 participant wallet(s); terminus a:addr1vygh5z0… unresolved_below_threshold,https://tracer.adagenesistransparency.com,the_red_or_blue_pill_study_participants,2026-06-17,WORKING_HYPOTHESIS
addr1vyz7nxd6lktfeyzlglqvxjtg87axuezayt0w6q5g8dpckwggpr9uc,,Coinbase,deposit_address,study method: 1 validated deposit(s) from 1 participant wallet(s); terminus a:addr1vxytw7x… resolved -> Coinbase,https://tracer.adagenesistransparency.com,the_red_or_blue_pill_study_participants,2026-06-21,STRONG_INFERENCE
