epoch_no,start_time,end_time,blk_count,tx_count,out_ada,fees_ada,treasury_ada,reserves_ada,rewards_pot_ada,utxo_ada,deposits_stake_ada,pots_fees_ada
0,2017-09-23 21:44:51,2017-09-28 21:44:31,21587,33,10378568796,3.458053,,,,,,
1,2017-09-28 21:44:51,2017-10-03 21:44:31,21590,12870,101402912214,1033.002678,,,,,,
2,2017-10-03 21:44:51,2017-10-08 21:44:31,21599,4292,63479608908,503.075439,,,,,,
3,2017-10-08 21:44:51,2017-10-13 21:44:31,21598,3293,41495794265,426.081777,,,,,,
4,2017-10-13 21:44:51,2017-10-18 21:44:31,21601,3524,56099901221,534.384914,,,,,,
5,2017-10-18 21:44:51,2017-10-23 21:44:31,21599,2608,26501823739,394.113514,,,,,,
6,2017-10-23 21:44:51,2017-10-28 21:44:31,21601,2404,20047784722,376.856464,,,,,,
7,2017-10-28 21:44:51,2017-11-02 21:44:31,21600,2645,141738338747,426.958601,,,,,,
8,2017-11-02 21:44:51,2017-11-07 21:44:31,21601,1989,12976783872,318.476948,,,,,,
9,2017-11-07 21:44:51,2017-11-12 21:44:31,21601,2225,17256206984,356.218433,,,,,,
10,2017-11-12 21:44:51,2017-11-17 21:44:31,21601,2080,24982128905,336.871339,,,,,,
11,2017-11-17 21:44:51,2017-11-22 21:44:31,21594,2570,24328886482,425.042257,,,,,,
12,2017-11-22 21:44:51,2017-11-27 21:44:31,21600,3363,15578162710,563.251590,,,,,,
13,2017-11-27 21:44:51,2017-12-02 21:44:31,21599,11949,59702502611,2019.279136,,,,,,
14,2017-12-02 21:44:51,2017-12-07 21:44:31,21600,14065,105431415523,2404.351008,,,,,,
15,2017-12-07 21:44:51,2017-12-12 21:44:31,21597,13487,60988599698,2316.080241,,,,,,
16,2017-12-12 21:44:51,2017-12-17 21:44:31,21599,27826,123964040271,4798.725744,,,,,,
17,2017-12-17 21:44:51,2017-12-22 21:44:31,21598,40972,97196496874,7007.563656,,,,,,
18,2017-12-22 21:44:51,2017-12-27 21:44:31,21601,24555,35902611009,4187.895410,,,,,,
19,2017-12-27 21:44:51,2018-01-01 21:44:31,21597,22136,33234287941,3786.897619,,,,,,
20,2018-01-01 21:44:51,2018-01-06 21:44:31,21601,15278,23015805448,2615.359653,,,,,,
21,2018-01-06 21:44:51,2018-01-11 21:44:31,21599,21655,35816106158,3708.172798,,,,,,
22,2018-01-11 21:44:51,2018-01-16 21:44:31,21596,26396,27203526427,4523.696405,,,,,,
23,2018-01-16 21:44:51,2018-01-21 21:44:31,21599,22391,20522364287,3836.191709,,,,,,
24,2018-01-21 21:44:51,2018-01-26 21:44:31,21600,14366,22526189027,2487.052118,,,,,,
25,2018-01-26 21:44:51,2018-01-31 21:44:31,21594,13616,13900722596,2367.565195,,,,,,
26,2018-01-31 21:44:51,2018-02-05 21:44:31,21600,13451,18990219012,2345.776166,,,,,,
27,2018-02-05 21:44:51,2018-02-10 21:44:31,21600,11764,424616166074,2569.129311,,,,,,
28,2018-02-10 21:44:51,2018-02-15 21:44:31,21601,12247,390366619371,2154.338991,,,,,,
29,2018-02-15 21:44:51,2018-02-20 21:44:31,21600,11665,334686909910,2051.266576,,,,,,
30,2018-02-20 21:44:51,2018-02-25 21:44:31,21600,9775,240519924925,1715.506921,,,,,,
31,2018-02-25 21:44:51,2018-03-02 21:44:31,21601,15869,378195329178,2793.062685,,,,,,
32,2018-03-02 21:44:51,2018-03-07 21:44:31,21598,13325,224304381077,2345.621089,,,,,,
33,2018-03-07 21:44:51,2018-03-12 21:44:31,21596,13352,184047057976,2354.883552,,,,,,
34,2018-03-12 21:44:51,2018-03-17 21:44:31,21594,11714,93476401677,2070.489051,,,,,,
35,2018-03-17 21:44:51,2018-03-22 21:44:31,21600,14112,76842334014,2485.350592,,,,,,
36,2018-03-22 21:44:51,2018-03-27 21:44:31,21601,11263,52598797255,1992.838691,,,,,,
37,2018-03-27 21:44:51,2018-04-01 21:44:31,21600,9069,41700160879,1599.795723,,,,,,
38,2018-04-01 21:44:51,2018-04-06 21:44:31,21601,12084,32069258741,2132.043977,,,,,,
39,2018-04-06 21:44:51,2018-04-11 21:44:31,21599,9813,14422707991,1730.349126,,,,,,
40,2018-04-11 21:44:51,2018-04-16 21:44:31,21599,13433,42286401501,2382.798666,,,,,,
41,2018-04-16 21:44:51,2018-04-21 21:44:31,21597,15361,38279864684,2732.052331,,,,,,
42,2018-04-21 21:44:51,2018-04-26 21:44:31,21599,13176,14569634850,2340.350054,,,,,,
43,2018-04-26 21:44:51,2018-05-01 21:44:31,21599,15559,22252205050,2774.581052,,,,,,
44,2018-05-01 21:44:51,2018-05-06 21:44:31,21601,11490,15547839277,2039.746956,,,,,,
45,2018-05-06 21:44:51,2018-05-11 21:44:31,21599,11257,21999158417,2001.594482,,,,,,
46,2018-05-11 21:44:51,2018-05-16 21:44:31,21598,9283,15745951370,1640.955574,,,,,,
47,2018-05-16 21:44:51,2018-05-21 21:44:31,21600,8095,6273355219,1435.650706,,,,,,
48,2018-05-21 21:44:51,2018-05-26 21:44:31,21601,9559,7306962297,1686.781627,,,,,,
49,2018-05-26 21:44:51,2018-05-31 21:44:31,21583,10495,8361760832,1862.774748,,,,,,
50,2018-05-31 21:44:51,2018-06-05 21:44:31,21563,8835,8616999517,1560.412182,,,,,,
51,2018-06-05 21:44:51,2018-06-10 21:44:31,21599,6240,5241184284,1097.622501,,,,,,
52,2018-06-10 21:44:51,2018-06-15 21:44:31,21599,9000,126213867399,1614.602208,,,,,,
53,2018-06-15 21:44:51,2018-06-20 21:44:31,21599,6028,277557056612,1071.343473,,,,,,
54,2018-06-20 21:44:51,2018-06-25 21:44:31,21597,7000,378625746298,1231.973491,,,,,,
55,2018-06-25 21:44:51,2018-06-30 21:44:31,21599,6811,344665435374,1219.416500,,,,,,
56,2018-06-30 21:44:51,2018-07-05 21:44:31,21600,7797,280549304643,1376.493215,,,,,,
57,2018-07-05 21:44:51,2018-07-10 21:44:31,21601,5639,165341763047,992.146314,,,,,,
58,2018-07-10 21:44:51,2018-07-15 21:44:31,21600,5990,169157491090,1053.171469,,,,,,
59,2018-07-15 21:44:51,2018-07-20 21:44:31,21589,8956,179147577716,1589.754497,,,,,,
60,2018-07-20 21:44:51,2018-07-25 21:44:31,21600,9203,102776891092,1624.169913,,,,,,
61,2018-07-25 21:44:51,2018-07-30 21:44:31,21598,5729,30824680322,1013.460644,,,,,,
62,2018-07-30 21:44:51,2018-08-04 21:44:31,21595,5855,29602273476,1030.752179,,,,,,
63,2018-08-04 21:44:51,2018-08-09 21:44:31,21591,4523,13563515182,803.026127,,,,,,
64,2018-08-09 21:44:51,2018-08-14 21:44:31,21591,6929,87287839622,1226.561200,,,,,,
65,2018-08-14 21:44:51,2018-08-19 21:44:31,21588,6920,61924981366,1225.243549,,,,,,
66,2018-08-19 21:44:51,2018-08-24 21:44:31,21587,5989,43238186814,1095.797120,,,,,,
67,2018-08-24 21:44:51,2018-08-29 21:44:31,21590,6760,23064099661,1396.270550,,,,,,
68,2018-08-29 21:44:51,2018-09-03 21:44:31,21569,6398,11225329497,1139.070493,,,,,,
69,2018-09-03 21:44:51,2018-09-08 21:44:31,21591,7001,10539081339,1257.039509,,,,,,
70,2018-09-08 21:44:51,2018-09-13 21:44:31,21588,7628,15374957101,1362.522295,,,,,,
71,2018-09-13 21:44:51,2018-09-18 21:44:31,21589,6325,11887664365,1122.629210,,,,,,
72,2018-09-18 21:44:51,2018-09-23 21:44:31,21590,8094,8501917152,1459.549954,,,,,,
73,2018-09-23 21:44:51,2018-09-28 21:44:31,21587,7944,11209871978,1416.312395,,,,,,
74,2018-09-28 21:44:51,2018-10-03 21:44:31,21558,7058,9023714437,1255.611630,,,,,,
75,2018-10-03 21:44:51,2018-10-08 21:44:31,21590,6017,15732724630,1068.203894,,,,,,
76,2018-10-08 21:44:51,2018-10-13 21:44:31,21594,5741,20086931314,1024.898038,,,,,,
77,2018-10-13 21:44:51,2018-10-18 21:44:31,21585,7006,26228290124,1273.877897,,,,,,
78,2018-10-18 21:44:51,2018-10-23 21:44:31,21582,5835,12093791393,1036.953636,,,,,,
79,2018-10-23 21:44:51,2018-10-28 21:44:31,21589,5960,9890668018,1053.825707,,,,,,
80,2018-10-28 21:44:51,2018-11-02 21:44:31,21587,6092,11874241443,1101.940736,,,,,,
81,2018-11-02 21:44:51,2018-11-07 21:44:31,21586,7043,14657399160,1249.718806,,,,,,
82,2018-11-07 21:44:51,2018-11-12 21:44:31,21588,6088,14878676076,1086.257992,,,,,,
83,2018-11-12 21:44:51,2018-11-17 21:44:31,21593,6934,38865199703,1232.294405,,,,,,
84,2018-11-17 21:44:51,2018-11-22 21:44:31,20686,3291,16021217795,576.491360,,,,,,
85,2018-11-22 21:44:51,2018-11-27 21:44:31,21584,5578,13598095083,989.428267,,,,,,
86,2018-11-27 21:44:51,2018-12-02 21:44:31,21588,6809,6154360146,1208.108005,,,,,,
87,2018-12-02 21:44:51,2018-12-07 21:44:31,21586,8452,5161822931,1857.668838,,,,,,
88,2018-12-07 21:44:51,2018-12-12 21:44:31,21597,5902,4191326755,1039.082860,,,,,,
89,2018-12-12 21:44:51,2018-12-17 21:44:31,21595,6890,316949535017,1283.338169,,,,,,
90,2018-12-17 21:44:51,2018-12-22 21:44:31,21601,9410,141542529016,1704.438739,,,,,,
91,2018-12-22 21:44:51,2018-12-27 21:44:31,21601,8495,18119740707,1546.873504,,,,,,
92,2018-12-27 21:44:51,2019-01-01 21:44:31,21601,7121,8168216979,1273.424654,,,,,,
93,2019-01-01 21:44:51,2019-01-06 21:44:31,21601,7948,4874764968,1429.284447,,,,,,
94,2019-01-06 21:44:51,2019-01-11 21:44:31,21600,9713,8181453261,1757.079307,,,,,,
95,2019-01-11 21:44:51,2019-01-16 21:44:31,21601,7059,7101488987,1574.816800,,,,,,
96,2019-01-16 21:44:51,2019-01-21 21:44:31,21600,8086,10238086312,1472.075967,,,,,,
97,2019-01-21 21:44:51,2019-01-26 21:44:31,21599,6671,7047911450,1191.801438,,,,,,
98,2019-01-26 21:44:51,2019-01-31 21:44:31,21601,8221,17585023936,1484.117910,,,,,,
99,2019-01-31 21:44:51,2019-02-05 21:44:31,21600,6045,9749530882,1092.692917,,,,,,
100,2019-02-05 21:44:51,2019-02-10 21:44:31,21601,6716,4774232447,1219.405092,,,,,,
101,2019-02-10 21:44:51,2019-02-15 21:44:31,21599,6836,4792168592,1234.891071,,,,,,
102,2019-02-15 21:44:51,2019-02-20 21:44:31,21601,8097,4273556766,1469.409862,,,,,,
103,2019-02-20 21:44:51,2019-02-25 21:44:31,21601,7384,4562711857,1343.947986,,,,,,
104,2019-02-25 21:44:51,2019-03-02 21:44:31,21600,6930,4367031747,1350.682619,,,,,,
105,2019-03-02 21:44:51,2019-03-07 21:44:31,21600,6806,5326926737,1427.594658,,,,,,
106,2019-03-07 21:44:51,2019-03-12 21:44:31,21601,10093,12045353925,2038.137135,,,,,,
107,2019-03-12 21:44:51,2019-03-17 21:44:31,21601,10437,10653903556,2051.173522,,,,,,
108,2019-03-17 21:44:51,2019-03-22 21:44:31,21594,12290,86196356644,2404.568610,,,,,,
109,2019-03-22 21:44:51,2019-03-27 21:44:31,21601,14982,46408085420,3035.492317,,,,,,
110,2019-03-27 21:44:51,2019-04-01 21:44:31,21599,16950,15179346888,3552.148208,,,,,,
111,2019-04-01 21:44:51,2019-04-06 21:44:31,21601,21086,72874279577,4134.303005,,,,,,
112,2019-04-06 21:44:51,2019-04-11 21:44:31,21598,13926,77980298859,2728.498131,,,,,,
113,2019-04-11 21:44:51,2019-04-16 21:44:31,21601,10929,16720833408,2176.364591,,,,,,
114,2019-04-16 21:44:51,2019-04-21 21:44:31,21601,12468,11392386931,2464.271497,,,,,,
115,2019-04-21 21:44:51,2019-04-26 21:44:31,21599,14046,9839129041,2690.631892,,,,,,
116,2019-04-26 21:44:51,2019-05-01 21:44:31,21601,10256,7720442470,1924.204057,,,,,,
117,2019-05-01 21:44:51,2019-05-06 21:44:31,21597,12441,7888595073,2372.870247,,,,,,
118,2019-05-06 21:44:51,2019-05-11 21:44:31,21601,13306,4680985732,2524.978223,,,,,,
119,2019-05-11 21:44:51,2019-05-16 21:44:31,21600,19884,8886853050,3857.704990,,,,,,
120,2019-05-16 21:44:51,2019-05-21 21:44:31,21597,17302,11733772311,3363.288411,,,,,,
121,2019-05-21 21:44:51,2019-05-26 21:44:31,21601,16811,12768996157,3231.919658,,,,,,
122,2019-05-26 21:44:51,2019-05-31 21:44:31,21600,19809,9675667612,3804.470869,,,,,,
123,2019-05-31 21:44:51,2019-06-05 21:44:31,21600,18347,8850393847,3499.911417,,,,,,
124,2019-06-05 21:44:51,2019-06-10 21:44:31,21590,15579,6530242276,2929.742585,,,,,,
125,2019-06-10 21:44:51,2019-06-15 21:44:31,21600,15512,10307981755,3086.761426,,,,,,
126,2019-06-15 21:44:51,2019-06-20 21:44:31,21601,14740,9842221536,2901.038828,,,,,,
127,2019-06-20 21:44:51,2019-06-25 21:44:31,21601,17417,11492010941,3358.415211,,,,,,
128,2019-06-25 21:44:51,2019-06-30 21:44:31,21601,17844,14375263557,3428.606435,,,,,,
129,2019-06-30 21:44:51,2019-07-05 21:44:31,21601,14959,24909084897,2874.181504,,,,,,
130,2019-07-05 21:44:51,2019-07-10 21:44:31,21599,15795,24722562845,2964.060631,,,,,,
131,2019-07-10 21:44:51,2019-07-15 21:44:31,21601,14540,16949547240,2734.022347,,,,,,
132,2019-07-15 21:44:51,2019-07-20 21:44:31,21601,13579,11064487735,2539.011346,,,,,,
133,2019-07-20 21:44:51,2019-07-25 21:44:31,21600,10826,9644902429,1995.520934,,,,,,
134,2019-07-25 21:44:51,2019-07-30 21:44:31,21599,9036,5119520431,1671.625688,,,,,,
135,2019-07-30 21:44:51,2019-08-04 21:44:31,21601,10740,5395179145,1995.869928,,,,,,
136,2019-08-04 21:44:51,2019-08-09 21:44:31,21601,11696,6724972829,2256.961435,,,,,,
137,2019-08-09 21:44:51,2019-08-14 21:44:31,21601,9049,3782280399,1703.631861,,,,,,
138,2019-08-14 21:44:51,2019-08-19 21:44:31,21601,9484,4288383473,1773.448065,,,,,,
139,2019-08-19 21:44:51,2019-08-24 21:44:31,21601,8851,4437365896,1649.443606,,,,,,
140,2019-08-24 21:44:51,2019-08-29 21:44:31,21601,9655,5855240090,1800.478560,,,,,,
141,2019-08-29 21:44:51,2019-09-03 21:44:31,21599,8621,5351079668,1649.609388,,,,,,
142,2019-09-03 21:44:51,2019-09-08 21:44:31,21601,8707,7094480947,1656.110928,,,,,,
143,2019-09-08 21:44:51,2019-09-13 21:44:31,21600,7917,9943158844,1529.157114,,,,,,
144,2019-09-13 21:44:51,2019-09-18 21:44:31,21601,8640,4066854292,1703.006417,,,,,,
145,2019-09-18 21:44:51,2019-09-23 21:44:31,21601,7573,8803502038,1442.660636,,,,,,
146,2019-09-23 21:44:51,2019-09-28 21:44:31,21600,9642,6036815355,1820.347324,,,,,,
147,2019-09-28 21:44:51,2019-10-03 21:44:31,21601,7433,4243652530,1392.481746,,,,,,
148,2019-10-03 21:44:51,2019-10-08 21:44:31,21601,9387,2748568452,1715.216106,,,,,,
149,2019-10-08 21:44:51,2019-10-13 21:44:31,21599,6597,4407485865,1240.080758,,,,,,
150,2019-10-13 21:44:51,2019-10-18 21:44:31,21601,7075,3404041770,1360.792917,,,,,,
151,2019-10-18 21:44:51,2019-10-23 21:44:31,21601,7571,2654692167,1421.658239,,,,,,
152,2019-10-23 21:44:51,2019-10-28 21:44:31,21601,11061,5629131278,2095.302665,,,,,,
153,2019-10-28 21:44:51,2019-11-02 21:44:31,21600,8776,9596534547,1736.117854,,,,,,
154,2019-11-02 21:44:51,2019-11-07 21:44:31,21601,9830,8743704888,1861.113210,,,,,,
155,2019-11-07 21:44:51,2019-11-12 21:44:31,21601,13306,12071601524,2580.066982,,,,,,
156,2019-11-12 21:44:51,2019-11-17 21:44:31,21601,8934,6215676028,1710.346269,,,,,,
157,2019-11-17 21:44:51,2019-11-22 21:44:31,21600,9575,8223365164,1822.836013,,,,,,
158,2019-11-22 21:44:51,2019-11-27 21:44:31,21601,10270,18600515822,1960.470457,,,,,,
159,2019-11-27 21:44:51,2019-12-02 21:44:31,21601,13681,57679286266,2597.206280,,,,,,
160,2019-12-02 21:44:51,2019-12-07 21:44:31,21085,6080,21506071300,1139.646775,,,,,,
161,2019-12-07 21:44:51,2019-12-12 21:44:31,21601,6273,8660830527,1185.143982,,,,,,
162,2019-12-12 21:44:51,2019-12-17 21:44:31,21601,7721,33253203146,1456.964312,,,,,,
163,2019-12-17 21:44:51,2019-12-22 21:44:31,21601,7741,21714983859,1454.655575,,,,,,
164,2019-12-22 21:44:51,2019-12-27 21:44:31,21601,6829,7513426209,1278.618969,,,,,,
165,2019-12-27 21:44:51,2020-01-01 21:44:31,21601,6553,5582485976,1236.216259,,,,,,
166,2020-01-01 21:44:51,2020-01-06 21:44:31,21601,6702,7832404072,1263.691615,,,,,,
167,2020-01-06 21:44:51,2020-01-11 21:44:31,21601,8050,9863061760,1518.035379,,,,,,
168,2020-01-11 21:44:51,2020-01-16 21:44:31,21601,9057,10413242913,1714.484244,,,,,,
169,2020-01-16 21:44:51,2020-01-21 21:44:31,21601,10005,10583462928,1901.803736,,,,,,
170,2020-01-21 21:44:51,2020-01-26 21:44:31,21601,7922,7376066177,1479.203577,,,,,,
171,2020-01-26 21:44:51,2020-01-31 21:44:31,21601,13337,32017048640,6842.436272,,,,,,
172,2020-01-31 21:44:51,2020-02-05 21:44:31,21601,14296,12022981784,2752.686250,,,,,,
173,2020-02-05 21:44:51,2020-02-10 21:44:31,21601,15507,11942041306,2966.570176,,,,,,
174,2020-02-10 21:44:51,2020-02-15 21:44:31,21577,18469,11484493981,3555.197049,,,,,,
175,2020-02-15 21:44:51,2020-02-20 21:44:31,21600,16076,8057409088,3126.918667,,,,,,
176,2020-02-20 21:44:51,2020-02-25 21:44:31,21600,12985,10750973154,2456.842065,,,,,,
177,2020-02-25 21:44:51,2020-03-01 21:44:31,21600,14822,12073646065,2922.577027,,,,,,
178,2020-03-01 21:44:51,2020-03-06 21:44:31,21600,12981,8584970240,2595.486425,,,,,,
179,2020-03-06 21:44:51,2020-03-11 21:44:31,21597,13819,12684795101,2754.237879,,,,,,
180,2020-03-11 21:44:51,2020-03-16 21:44:31,21600,20678,47472357073,4279.166907,,,,,,
181,2020-03-16 21:44:51,2020-03-21 21:44:31,21600,15283,24092753799,3207.625486,,,,,,
182,2020-03-21 21:44:51,2020-03-26 21:44:31,21600,13497,21680014929,2825.468616,,,,,,
183,2020-03-26 21:44:51,2020-03-31 21:44:31,21600,13313,26043893490,2872.175700,,,,,,
184,2020-03-31 21:44:51,2020-04-05 21:44:31,21600,11204,9989748000,2642.316241,,,,,,
185,2020-04-05 21:44:51,2020-04-10 21:44:31,21587,12246,14440991530,2915.517825,,,,,,
186,2020-04-10 21:44:51,2020-04-15 21:44:31,21600,10496,8306421508,2626.858580,,,,,,
187,2020-04-15 21:44:51,2020-04-20 21:44:31,21596,11565,10679638488,3298.397978,,,,,,
188,2020-04-20 21:44:51,2020-04-25 21:44:31,21600,15360,18034142688,4233.457670,,,,,,
189,2020-04-25 21:44:51,2020-04-30 21:44:31,21597,19738,27176074280,5268.428284,,,,,,
190,2020-04-30 21:44:51,2020-05-05 21:44:31,21600,15252,9777757889,4319.180415,,,,,,
191,2020-05-05 21:44:51,2020-05-10 21:44:31,21600,17354,9214549967,5057.763378,,,,,,
192,2020-05-10 21:44:51,2020-05-15 21:44:31,21599,16378,8239077070,4974.463284,,,,,,
193,2020-05-15 21:44:51,2020-05-20 21:44:31,21600,16181,16116221450,5229.589091,,,,,,
194,2020-05-20 21:44:51,2020-05-25 21:44:31,21598,16891,11991948057,5385.130954,,,,,,
195,2020-05-25 21:44:51,2020-05-30 21:44:31,21559,21949,28601404893,6732.064087,,,,,,
196,2020-05-30 21:44:51,2020-06-04 21:44:31,21600,32469,166020080883,9463.587217,,,,,,
197,2020-06-04 21:44:51,2020-06-09 21:44:31,21597,23588,57201766088,9487.793013,,,,,,
198,2020-06-09 21:44:51,2020-06-14 21:44:31,21600,21776,22808675337,6701.550912,,,,,,
199,2020-06-14 21:44:51,2020-06-19 21:44:31,21589,20370,49858212970,6604.336118,,,,,,
200,2020-06-19 21:44:51,2020-06-24 21:44:31,21600,18045,29643885159,6282.045146,,,,,,
201,2020-06-24 21:44:51,2020-06-29 21:44:31,21543,18234,26674498981,6496.336435,,,,,,
202,2020-06-29 21:44:51,2020-07-04 21:44:31,21596,25411,75732674783,8244.061985,,,,,,
203,2020-07-04 21:44:51,2020-07-09 21:44:31,21600,36127,98879984772,10964.300497,,,,,,
204,2020-07-09 21:44:51,2020-07-14 21:44:31,21600,24082,41251310917,7890.836804,,,,,,
205,2020-07-14 21:44:51,2020-07-19 21:44:31,21600,21935,37650161481,7843.256241,,,,,,
206,2020-07-19 21:44:51,2020-07-24 21:44:31,21591,20166,18077465252,7377.174619,,,,,,
207,2020-07-24 21:44:51,2020-07-29 21:44:31,21544,27210,152024071569,8077.348910,,,,,,
208,2020-07-29 21:44:51,2020-08-03 21:44:31,21556,53708,18082439244,10670.212208,,,,,,
209,2020-08-03 21:44:51,2020-08-08 21:44:31,21570,36916,156423261665,7666.346424,8332814,13286160713,593536826,31111517965,441012,10670.212208
210,2020-08-08 21:44:51,2020-08-13 21:44:31,21547,36267,107200143335,7770.532273,16306644,13278197553,277915861,31427038405,533870,7666.346424
211,2020-08-13 21:44:51,2020-08-18 21:44:28,21315,29083,66089740942,6517.886228,24275596,13270236767,164918966,31539966264,594636,7770.532273
212,2020-08-18 21:44:51,2020-08-23 21:44:26,21280,24691,39331228907,5578.218279,32239292,13262280842,147882943,31556964153,626252,6517.886228
213,2020-08-23 21:44:51,2020-08-28 21:44:25,21442,29348,28704281757,7100.593256,40198464,13247093198,133110645,31578940376,651738,5578.218279
214,2020-08-28 21:44:51,2020-09-02 21:44:24,21452,32374,67884126854,7501.833746,48148336,13230232788,121337582,31599599756,674438,7100.593256
215,2020-09-02 21:44:51,2020-09-07 21:44:23,21572,32538,62380614021,8110.049274,55876298,13212986171,117660526,31612774464,695040,7501.833746
216,2020-09-07 21:44:58,2020-09-12 21:44:23,21217,23374,22711441813,5935.808427,63707722,13195031639,122159720,31618386635,706174,8110.049274
217,2020-09-12 21:44:51,2020-09-17 21:44:22,20728,20379,11972700978,5075.696054,71629614,13176528835,127730158,31623386398,719058,5935.808427
218,2020-09-17 21:44:51,2020-09-22 21:44:22,20511,18439,18884590748,4547.068473,79429791,13157936081,134680553,31627219255,729244,5075.696054
219,2020-09-22 21:44:51,2020-09-27 21:44:20,21427,20239,19083308578,4970.020516,87229346,13139088246,142759608,31630183215,735038,4547.068473
220,2020-09-27 21:44:51,2020-10-02 21:44:19,21627,19534,12708523642,5135.934788,94812346,13120582266,151012138,31632848506,739774,4970.020516
221,2020-10-02 21:44:51,2020-10-07 21:44:22,21547,16365,14661316269,3913.521858,102526033,13101550251,159661582,31635508458,748540,5135.934788
222,2020-10-07 21:44:51,2020-10-12 21:44:25,21466,19298,16854292321,4499.540105,110388072,13082116350,168031500,31638704636,755528,3913.521858
223,2020-10-12 21:44:51,2020-10-17 21:44:16,21374,18098,15617686729,4423.831286,118208699,13062655957,175136507,31643231839,762498,4499.540105
224,2020-10-17 21:44:51,2020-10-22 21:44:28,21324,17527,13228947318,4124.509016,125940339,13042967906,184638096,31645683072,766164,4423.831286
225,2020-10-22 21:44:51,2020-10-27 21:44:46,21298,17856,7849943934,4203.312194,133613085,13023198387,193254697,31649159822,769884,4124.509016
226,2020-10-27 21:44:51,2020-11-01 21:44:12,21439,19122,9868535709,4393.720890,141320961,13003168357,167787052,31686947705,771722,4203.312194
227,2020-11-01 21:44:51,2020-11-06 21:44:14,21125,22103,28722505797,4962.718967,148966611,12983158508,176804988,31690281489,784010,4393.720890
228,2020-11-06 21:44:51,2020-11-11 21:44:47,21171,31103,10233796013,6777.734939,156672156,12963125293,186224573,31693168373,804642,4962.718967
229,2020-11-11 21:44:51,2020-11-16 21:44:07,21229,23712,8256404576,5316.818724,164146740,12943288528,194073824,31697652763,831368,6777.734939
230,2020-11-16 21:44:51,2020-11-21 21:44:42,21244,31432,13518402099,7168.655203,171650774,12923287136,203907240,31700304312,845220,5316.818724
231,2020-11-21 21:44:57,2020-11-26 21:44:03,21089,48347,19692027708,11110.141677,179282860,12901374615,213480340,31704997390,857626,7168.655203
232,2020-11-26 21:44:51,2020-12-01 21:44:22,21149,45940,32641203269,10681.640345,186903589,12879420805,219649377,31713139771,875348,11110.141677
233,2020-12-01 21:44:51,2020-12-06 21:44:38,21065,35641,19630936333,8173.077946,194427117,12857569397,219718299,31727370177,904328,10681.640345
234,2020-12-06 21:44:51,2020-12-11 21:44:50,21046,33953,23265770079,8006.069382,201938554,12835708802,222159622,31739256933,927916,8173.077946
235,2020-12-11 21:45:01,2020-12-16 21:43:48,21203,34170,20015673252,8115.520823,209567888,12813555587,208042607,31767870176,955736,8006.069382
236,2020-12-16 21:44:51,2020-12-21 21:44:06,20915,32737,17576846558,7838.075567,217021606,13112607632,207948933,31461432544,981170,8115.520823
237,2020-12-21 21:44:51,2020-12-26 21:44:33,21440,38103,92200457858,8966.791630,224755310,13092064399,216290651,31465901346,980456,7838.075567
238,2020-12-26 21:44:55,2020-12-31 21:43:55,21245,49613,45425627530,11693.879197,232303491,13070468429,213704762,31482519232,995120,8966.791630
239,2020-12-31 21:44:51,2021-01-05 21:44:23,21258,59712,76530562323,14161.113125,240110310,13047906930,217754208,31493208256,1008602,11693.879197
240,2021-01-05 21:44:51,2021-01-10 21:44:06,21428,85930,80832930649,20069.060896,247808784,13025619520,223313217,31502217301,1027018,14161.113125
241,2021-01-10 21:45:01,2021-01-15 21:44:48,21399,64234,58439001397,14690.681083,255497936,13001889546,223770798,31517758610,1063042,20069.060896
242,2021-01-15 21:44:51,2021-01-20 21:44:36,21418,74057,63148817438,16905.060417,261254564,12977832637,234492886,31525316490,1088732,14690.681083
243,2021-01-20 21:44:51,2021-01-25 21:44:50,21586,58682,44531349200,13368.193376,268861913,12953750797,241624641,31534623878,1121866,16905.060417
244,2021-01-25 21:44:51,2021-01-30 21:44:38,21491,59591,29427703691,13516.792921,276588876,12929566121,252049567,31540628778,1153290,13368.193376
245,2021-01-30 21:44:51,2021-02-04 21:43:27,21485,88703,52975770722,20044.918510,284352138,12905245994,254780856,31554431181,1176314,13516.792921
246,2021-02-04 21:44:51,2021-02-09 21:44:27,21327,142367,143252676044,31528.825577,292077855,12880948865,262287982,31563439011,1226242,20044.918510
247,2021-02-09 21:44:51,2021-02-14 21:44:03,21508,176490,75933109763,38567.858687,299811858,12856514256,267480498,31574888509,1273350,31528.825577
248,2021-02-14 21:45:10,2021-02-19 21:44:47,21356,151466,71532250660,32686.545278,307469332,12832265659,266226328,31592654255,1345858,38567.858687
249,2021-02-19 21:44:51,2021-02-24 21:44:33,21376,185379,66651221762,40504.763143,315149769,12807979500,272470858,31602933413,1433774,32686.545278
250,2021-02-24 21:44:51,2021-03-01 21:44:44,20991,192598,48999055713,41831.556274,322747474,12783925491,273932988,31617822285,1531256,40504.763143
251,2021-03-01 21:44:51,2021-03-06 21:44:46,21324,157658,26435938741,34501.532516,330358412,12759915293,276901946,31631163898,1618620,41831.556274
252,2021-03-06 21:44:51,2021-03-11 21:44:19,21085,139593,19251481091,30758.641553,337791818,12736017186,283800249,31640636357,1719888,34501.532516
253,2021-03-11 21:44:51,2021-03-16 21:44:49,20922,145874,28210159664,32480.018212,345342264,12711785646,291682768,31649353451,1805112,30758.641553
254,2021-03-16 21:44:51,2021-03-21 21:44:22,20713,195957,40616180002,43609.040032,352786796,12688276934,288238037,31668786813,1878940,32480.018212
255,2021-03-21 21:44:51,2021-03-26 21:44:36,21268,168880,18208826054,36360.919507,360161955,12665043040,295345314,31677462380,1943702,43609.040032
256,2021-03-26 21:44:51,2021-03-31 21:44:45,21059,143164,11176034067,30633.912084,367449804,12641992243,305176413,31683353428,1991750,36360.919507
257,2021-03-31 21:48:20,2021-04-05 21:44:46,20836,183620,20749457990,39170.561174,374930989,12618536191,312525818,31691929262,2047106,30633.912084
258,2021-04-05 21:45:46,2021-04-10 21:44:39,21021,172429,19169937409,37979.106429,382322104,12595569991,320845650,31699132694,2090390,39170.561174
259,2021-04-10 21:47:06,2021-04-15 21:44:37,20796,201504,21371941615,43782.816741,389627105,12572853460,329061894,31706291031,2128532,37979.106429
260,2021-04-15 22:08:57,2021-04-20 21:44:27,21047,216117,29480393439,46907.924914,396980740,12549908795,333362938,31717532013,2171730,43782.816741
261,2021-04-20 21:45:05,2021-04-25 21:44:45,21087,194471,25993539292,41390.363617,404243605,12527064254,341822380,31724617701,2205152,46907.924914
262,2021-04-25 21:47:01,2021-04-30 21:44:44,21194,178588,19373557332,37980.832313,411581611,12503994895,352250316,31729889180,2242608,41390.363617
263,2021-04-30 21:45:27,2021-05-05 21:44:49,21111,227361,18055591131,48870.395213,418916131,12480979869,359582983,31738198715,2284322,37980.832313
264,2021-05-05 21:47:27,2021-05-10 21:44:37,21127,269945,32875005393,57777.594620,426275063,12457884526,369361835,31744108688,2321018,48870.395213
265,2021-05-10 21:45:31,2021-05-15 21:44:40,21427,309042,37863332127,65968.954839,433592879,12434957915,371397335,31757623627,2370466,57777.594620
266,2021-05-15 21:49:56,2021-05-20 21:44:38,21404,317020,43872580429,68417.656270,440912465,12411854286,363190542,31781565847,2410892,65968.954839
267,2021-05-20 21:44:51,2021-05-25 21:44:45,21702,243673,35306324336,52698.878516,448318488,12388414463,368417515,31792309289,2471828,68417.656270
268,2021-05-25 21:45:09,2021-05-30 21:44:29,21413,208164,26570138232,44159.912128,455707939,12365028524,374694770,31801995103,2520964,52698.878516
269,2021-05-30 21:45:17,2021-06-04 21:44:32,21509,197254,16574349843,41817.190370,463139475,12341518728,381442799,31811284168,2570670,44159.912128
270,2021-06-04 21:46:23,2021-06-09 21:43:58,21395,174334,12213404539,36489.177917,470491973,12318321891,387643104,31820879267,2621948,41817.190370
271,2021-06-09 21:44:58,2021-06-14 21:44:19,21410,145244,12686700013,30802.442909,477865672,12295113816,396054789,31828268078,2661156,36489.177917
272,2021-06-14 21:45:23,2021-06-19 21:44:47,21499,135373,10640794328,29593.210504,485181573,12270780513,406702420,31834612442,2692250,30802.442909
273,2021-06-19 21:45:24,2021-06-24 21:44:49,21464,150752,15740586909,32570.360903,492487924,12247689463,417614163,31839445639,2733218,29593.210504
274,2021-06-24 21:45:55,2021-06-29 21:44:31,21521,133041,11764235372,28650.900551,499813627,12224475924,410924510,31861992307,2761062,32570.360903
275,2021-06-29 21:47:35,2021-07-04 21:44:46,21505,136339,13402253806,29088.470734,507109702,12201340390,420825192,31867912617,2783448,28650.900551
276,2021-07-04 21:45:46,2021-07-09 21:44:43,21298,144737,12581437591,30139.500685,514411352,12178189995,424004916,31880547304,2817344,29088.470734
277,2021-07-09 21:46:07,2021-07-14 21:44:48,21323,135191,9892737538,28508.156761,521694330,12155122185,431339681,31888968904,2844760,30139.500685
278,2021-07-14 21:45:00,2021-07-19 21:44:39,21352,133567,7769775574,28124.230492,528893184,12132264814,431874776,31904072524,2866194,28508.156761
279,2021-07-19 21:46:59,2021-07-24 21:44:41,21404,131829,10662572700,27651.228864,530611693,12109284817,443904929,31913279232,2891206,28124.230492
280,2021-07-24 21:45:36,2021-07-29 21:44:44,21204,137225,13309464382,31570.674668,537801015,12086332559,448770431,31924159314,2909030,27651.228864
281,2021-07-29 21:46:38,2021-08-03 21:44:42,21411,141713,9992892114,30198.103953,544993458,12063362663,455829281,31932848625,2934402,31570.674668
282,2021-08-03 21:44:51,2021-08-08 21:44:46,21452,157622,10815888046,33861.288926,552109061,12040662412,462002294,31942238457,2957578,30198.103953
283,2021-08-08 21:46:08,2021-08-13 21:44:15,21412,224809,15130164534,48375.612297,559301274,12017762413,467566742,31952349092,2986618,33861.288926
284,2021-08-13 21:46:01,2021-08-18 21:44:48,21517,243991,15100874235,53114.389397,566496519,11994919914,468159498,31967363548,3012146,48375.612297
285,2021-08-18 21:45:28,2021-08-23 21:44:42,21201,325005,29360018344,69484.110281,573642248,11972182166,470432892,31980647659,3041920,53114.389397
286,2021-08-23 21:46:15,2021-08-28 21:44:47,21504,363721,28461885468,80116.415019,580813476,11949345586,472950702,31993740078,3080674,69484.110281
287,2021-08-28 21:47:10,2021-09-02 21:44:45,21065,401343,74754307452,86536.781869,587866686,11927003667,477204075,32004737520,3107936,80116.415019
288,2021-09-02 21:45:01,2021-09-07 21:44:48,21136,475383,120564869081,99992.854778,595010656,11904389292,474456504,32022916175,3140836,86536.781869
289,2021-09-07 21:45:31,2021-09-12 21:44:47,21195,501443,30450853050,105082.493097,601999673,11882381120,479778869,32032565537,3174808,99992.854778
290,2021-09-12 21:47:46,2021-09-17 21:44:49,21320,423156,28653067841,88193.252097,609002818,11860319467,487198478,32040161506,3212648,105082.493097
291,2021-09-17 21:46:33,2021-09-22 21:44:36,21261,415399,27614827534,88508.486990,616008493,11838146882,490023550,32052486634,3246248,88193.252097
292,2021-09-22 21:46:03,2021-09-27 21:44:36,21264,448774,19991338651,94575.307119,623039920,11815842838,498168882,32059581576,3278276,88508.486990
293,2021-09-27 21:46:53,2021-10-02 21:44:37,21243,449404,22488409375,92010.214941,630037264,11793690428,500909737,32071955172,3312824,94575.307119
294,2021-10-02 21:50:11,2021-10-07 21:44:31,20960,411754,19661047455,85521.391572,637024173,11771504388,506871250,32081169476,3338702,92010.214941
295,2021-10-07 21:44:59,2021-10-12 21:44:44,21081,366276,17543807969,78295.367024,643991465,11749349765,510970938,32092240169,3362142,85521.391572
296,2021-10-12 21:44:59,2021-10-17 21:44:14,20849,355932,15479627251,76580.372441,650852643,11727557414,518656595,32099476313,3378738,78295.367024
297,2021-10-17 21:47:15,2021-10-22 21:44:43,21168,355992,16636669339,78382.709752,657738964,11705653358,523763589,32109362856,3404652,76580.372441
298,2021-10-22 21:47:43,2021-10-27 21:44:45,20840,467116,19151222142,98589.384465,664536271,11684019539,531168571,32116786911,3410326,78382.709752
299,2021-10-27 21:46:25,2021-11-01 21:44:45,20982,589639,33269848016,124341.767708,671319247,11343887070,856974682,32124291439,3428972,98589.384465
300,2021-11-01 21:49:05,2021-11-06 21:44:35,21225,391299,41397840177,88206.195240,677910511,11323054368,542059490,32453404577,3446712,124341.767708
301,2021-11-06 21:46:27,2021-11-11 21:44:15,20989,451157,33148201916,97036.953903,684275368,11302106993,550977747,32459090460,3461226,88206.195240
302,2021-11-11 21:46:52,2021-11-16 21:44:14,21203,1033931,39411705509,202279.497524,690958636,11280717437,552712467,32472031367,3483056,97036.953903
303,2021-11-16 21:45:05,2021-11-21 21:44:23,20948,488235,31808650631,103395.856418,697557179,11259657629,550941494,32488129471,3511948,202279.497524
304,2021-11-21 21:44:55,2021-11-26 21:43:39,21095,1566974,41119279093,308293.830822,704231213,11238469926,557390353,32496268002,3537110,103395.856418
305,2021-11-26 21:45:18,2021-12-01 21:44:40,21025,769219,31316579883,156264.770889,710796084,11217568743,558359890,32509401283,3565706,308293.830822
306,2021-12-01 21:46:31,2021-12-06 21:44:50,21141,531293,38644324751,114439.696442,717435151,11196633068,561282258,32520899716,3593542,156264.770889
307,2021-12-06 21:45:26,2021-12-11 21:43:57,20910,604359,29271525505,127647.415455,724010388,11175759253,567722755,32528780025,3613138,114439.696442
308,2021-12-11 21:45:50,2021-12-16 21:43:58,21033,427399,18080504621,103811.542089,730601616,11154816240,571916869,32538902663,3634964,127647.415455
309,2021-12-16 21:45:46,2021-12-21 21:44:45,20804,553388,13560377046,134784.675796,737110558,11134121506,575244074,32549773970,3646080,103811.542089
310,2021-12-21 21:46:06,2021-12-26 21:44:36,21045,475918,12210427847,116225.490530,743638102,11113347477,577913892,32561299999,3665746,134784.675796
311,2021-12-26 21:45:00,2021-12-31 21:44:46,21090,452652,12815272308,107642.266965,750091386,11092893737,582685200,32570532888,3680564,116225.490530
312,2021-12-31 21:44:58,2022-01-05 21:44:40,20821,501383,12414570555,135522.429378,756609426,11072246018,577024431,32590321105,3691378,107642.266965
313,2022-01-05 21:45:31,2022-01-10 21:44:33,20267,643762,12799132333,182577.641027,763121538,11051631534,579836463,32601567115,3707828,135522.429378
314,2022-01-10 21:46:48,2022-01-15 21:44:03,20390,643632,20300614124,192127.658577,769551577,11031385419,578245335,32616900037,3735054,182577.641027
315,2022-01-15 21:46:27,2022-01-20 21:44:38,20182,906299,31390388454,269870.823296,775800361,11011700945,566407247,32642139577,3759742,192127.658577
316,2022-01-20 21:44:59,2022-01-25 21:44:50,20141,841394,53565358148,252763.162151,782079043,10992003610,563985677,32657820789,3841010,269870.823296
317,2022-01-25 21:45:22,2022-01-30 21:44:31,20478,756297,37775838105,252123.552102,788297676,10972584901,562382857,32672588710,3893092,252763.162151
318,2022-01-30 21:45:49,2022-02-04 21:44:26,20284,655198,34544504179,233870.176809,794490732,10953227839,566512050,32681602194,3915062,252123.552102
319,2022-02-04 21:45:26,2022-02-09 21:44:03,20414,650534,40813881112,242157.748335,800775097,10933650872,571754897,32689654872,3930392,233870.176809
320,2022-02-09 21:45:46,2022-02-14 21:44:31,20284,601903,105085917821,233553.475002,806985388,10914331395,577641621,32696853359,3946080,242157.748335
321,2022-02-14 21:45:00,2022-02-19 21:44:23,20096,643509,100258938411,243949.058349,805605093,10894905350,590419674,32704874454,3961876,233553.475002
322,2022-02-19 21:45:01,2022-02-24 21:44:29,20393,627687,94279133814,241654.937960,811794261,10875612783,592167821,32716201635,3979552,243949.058349
323,2022-02-24 21:48:43,2022-03-01 21:44:42,20573,559393,110428025685,226099.862852,816782078,10856555550,598042421,32724392240,3986056,241654.937960
324,2022-03-01 21:45:52,2022-03-06 21:44:45,20380,557373,164146022298,218116.421930,822987530,10837286616,603629306,32731876011,3994438,226099.862852
325,2022-03-06 21:45:28,2022-03-11 21:44:47,20541,460050,215789830534,197003.983114,829237847,10817894578,589369717,32759281322,3998420,218116.421930
326,2022-03-11 21:48:10,2022-03-16 21:44:08,20534,592413,197989314693,226748.921164,835407607,10798756715,593184263,32768450206,4004206,197003.983114
327,2022-03-16 21:45:06,2022-03-21 21:44:10,20346,568933,282038373010,229617.380821,841610184,10779457383,593960367,32780739089,4006228,226748.921164
328,2022-03-21 21:45:16,2022-03-26 21:43:35,20579,550807,227059210495,227208.702587,847806215,10760324733,601827825,32785792975,4018634,229617.380821
329,2022-03-26 21:44:51,2022-03-31 21:44:35,20353,546489,305422090960,232457.560903,853941152,10741397940,604388769,32796014502,4030428,227208.702587
330,2022-03-31 21:46:34,2022-04-05 21:44:35,20685,499577,227835307466,215991.479619,860166383,10722297918,609032481,32804235595,4035164,232457.560903
331,2022-04-05 21:45:02,2022-04-10 21:44:42,20704,450346,234802085034,176480.861305,866276896,10702736716,614139457,32812593238,4037702,215991.479619
332,2022-04-10 21:46:19,2022-04-15 21:44:42,20391,584705,225986048271,211816.288426,872471871,10682871684,612735925,32827704099,4039940,176480.861305
333,2022-04-15 21:47:28,2022-04-20 21:44:48,20290,573296,167258482645,209376.078021,878653308,10662954751,616559980,32837574563,4045582,211816.288426
334,2022-04-20 21:45:15,2022-04-25 21:44:50,20232,515610,131645454661,192921.162356,884736527,10643350776,622896940,32844755849,4050532,209376.078021
335,2022-04-25 21:45:07,2022-04-30 21:44:36,20446,584346,138040819556,205828.054439,890778684,10623895506,629909087,32851166289,4057512,192921.162356
336,2022-04-30 21:45:16,2022-05-05 21:44:43,20500,529384,154117532953,192024.791502,896791000,10604486698,634456643,32859998951,4060880,205828.054439
337,2022-05-05 21:47:30,2022-05-10 21:44:32,20794,478517,149145009689,173248.817607,902856543,10584926320,478112824,33029849140,4063148,192024.791502
338,2022-05-10 21:46:50,2022-05-15 21:44:36,20640,542058,155826482334,172421.937813,908925569,10565374768,484594633,33036876403,4055378,173248.817607
339,2022-05-15 21:51:33,2022-05-20 21:43:05,20678,488198,129202035918,168281.312815,915064914,10545586696,485934577,33049183983,4057408,172421.937813
340,2022-05-20 21:45:55,2022-05-25 21:44:42,20670,435077,113925539277,160002.862256,921148142,10526055083,491248043,33057322846,4057604,168281.312815
341,2022-05-25 21:46:06,2022-05-30 21:44:47,20708,477842,111703429187,169007.597834,927231127,10506491829,497940255,33064119557,4057230,160002.862256
342,2022-05-30 21:46:12,2022-06-04 21:44:08,20990,470464,117853542836,163696.811862,900379780,10487149571,536768018,33071477029,4056594,169007.597834
343,2022-06-04 21:45:16,2022-06-09 21:44:47,20994,463239,106038169691,162340.782180,906447015,10467739665,541185425,33080410342,4053856,163696.811862
344,2022-06-09 21:46:36,2022-06-14 21:44:35,20776,394771,111074952035,138919.762103,912584296,10448049960,548046449,33087098160,4058794,162340.782180
345,2022-06-14 21:45:06,2022-06-19 21:44:39,21030,339988,112014580790,121086.316506,918713205,10428470111,524924606,33123689790,4063368,138919.762103
346,2022-06-19 21:48:19,2022-06-24 21:44:28,20578,319881,85677697088,116216.272055,924761379,10409105745,528068105,33133875758,4067926,121086.316506
347,2022-06-24 21:45:00,2022-06-29 21:44:42,19345,346770,84116477098,122720.682635,930867659,10389506871,534639976,33140794656,4074622,116216.272055
348,2022-06-29 21:45:32,2022-07-04 21:43:45,19978,335679,105527891208,123792.277750,936834109,10370377950,541108007,33147484850,4072364,122720.682635
349,2022-07-04 21:45:30,2022-07-09 21:44:47,20972,358347,78723297205,125541.678700,942432272,10352411930,546514582,33154441148,4076276,123792.277750
350,2022-07-09 21:45:34,2022-07-14 21:44:42,20958,315748,87420866687,115135.305638,948203440,10333899043,553806216,33159884972,4080786,125541.678700
351,2022-07-14 21:45:36,2022-07-19 21:44:07,20893,389952,124871344044,141792.415732,954249374,10314641203,554482657,33172428055,4083576,115135.305638
352,2022-07-19 21:44:58,2022-07-24 21:44:17,20575,380463,81655274996,134611.424626,960277877,10295428287,560332039,33179737022,4082982,141792.415732
353,2022-07-24 21:47:00,2022-07-29 21:44:31,20232,333919,106911651322,121313.174941,966281864,10276330879,568037532,33185128018,4087096,134611.424626
354,2022-07-29 21:44:51,2022-08-03 21:44:50,20498,397134,82328003842,146116.971676,972182783,10257589127,573627046,33192389382,4090350,121313.174941
355,2022-08-03 21:45:02,2022-08-08 21:44:46,20825,340089,60625504814,127309.306074,977973385,10239288793,575471835,33203028574,4091296,146116.971676
356,2022-08-08 21:45:00,2022-08-13 21:44:46,20782,323867,57510233171,116037.863239,983837644,10220679892,583035916,33208223860,4095378,127309.306074
357,2022-08-13 21:46:53,2022-08-18 21:44:42,20692,342561,55010016773,125139.811300,989776810,10201748723,589255323,33215004894,4098212,116037.863239
358,2022-08-18 21:44:58,2022-08-23 21:44:46,21169,341618,53530066868,122422.588869,995690025,10182918483,591894462,33225269669,4102220,125139.811300
359,2022-08-23 21:45:52,2022-08-28 21:42:39,21023,320500,52059343026,113844.382083,1001568454,10164188969,599735769,33230273473,4110912,122422.588869
360,2022-08-28 21:45:32,2022-09-02 21:44:28,21226,319465,66982837686,116644.395040,1007570211,10145052425,597172632,33245976004,4114884,113844.382083
361,2022-09-02 21:49:50,2022-09-07 21:44:46,21242,326137,62121616151,116245.201535,1013519055,10126038387,597720910,33258487979,4117024,116644.395040
362,2022-09-07 21:56:05,2022-09-12 21:44:47,21266,297134,50709125607,105632.674757,1019513670,10106899741,605793314,33263558832,4118198,116245.201535
363,2022-09-12 21:53:14,2022-09-17 21:44:21,21361,271609,52367504905,96402.895987,1025501175,10087736963,602648251,33279886967,4121012,105632.674757
364,2022-09-17 21:45:01,2022-09-22 21:44:47,20964,310613,48650561375,108558.934873,1031482493,10068593370,608161241,33287545788,4120706,96402.895987
365,2022-09-22 21:46:27,2022-09-27 21:44:36,21027,295792,44651234350,104151.206114,1037476762,10049419651,613424966,33295446300,4123762,108558.934873
366,2022-09-27 21:45:11,2022-10-02 21:44:26,21098,348994,46387092663,118397.841967,1043351944,10030500599,621023593,33300894343,4125370,104151.206114
367,2022-10-02 21:45:57,2022-10-07 21:44:31,20902,316483,41268329353,108742.623350,1049235663,10011568005,625502011,33309449336,4126586,118397.841967
368,2022-10-07 21:45:45,2022-10-12 21:44:36,21103,324010,38563980412,107883.932533,1055149630,9992648701,632833973,33315124312,4134642,108742.623350
369,2022-10-12 21:45:08,2022-10-17 21:44:34,21048,385470,53997777807,128070.030085,1060989483,9973897045,638007176,33322864494,4133918,107883.932533
370,2022-10-17 21:48:28,2022-10-22 21:44:24,21170,457692,48437550491,152923.380161,1066870216,9954979170,599141508,33374750286,4130750,128070.030085
371,2022-10-22 21:46:23,2022-10-27 21:44:30,20982,482453,50348309722,156667.997533,1072721304,9936114350,602619014,33384258033,4134376,152923.380161
372,2022-10-27 21:44:55,2022-11-01 21:44:35,21095,428636,51207060826,135182.484587,1078611969,9917197168,606094941,33393802526,4136728,156667.997533
373,2022-11-01 21:44:51,2022-11-06 21:44:46,21095,417406,49607685362,132842.803910,1084442000,9898528859,611809805,33400935217,4148936,135182.484587
374,2022-11-06 21:44:51,2022-11-11 21:44:47,20881,363881,75810590163,113974.926022,1090284059,9879803953,619347812,33406278153,4153180,132842.803910
375,2022-11-11 21:48:29,2022-11-16 21:44:38,20731,367258,88897116679,108476.815659,1056673749,9861116545,658427429,33419510489,4157814,113974.926022
376,2022-11-16 21:46:42,2022-11-21 21:44:19,20525,394766,66095389145,113192.136071,1062423482,9842652064,624097965,33466554152,4163860,108476.815659
377,2022-11-21 21:50:06,2022-11-26 21:44:28,21014,427507,91517863973,130798.478937,1068123742,9824321020,629186127,33474087548,4168372,113192.136071
378,2022-11-26 21:45:36,2022-12-01 21:43:59,21006,341268,58501201470,106316.486792,1073761279,9806194894,628369193,33487372087,4171748,130798.478937
379,2022-12-01 21:45:29,2022-12-06 21:43:55,20948,338491,64897975429,109851.370234,1079524910,9787739043,632074217,33496379749,4175764,106316.486792
380,2022-12-06 21:45:07,2022-12-11 21:44:45,21270,331323,48309292268,105673.704020,1085266054,9769359543,635180193,33505907717,4176642,109851.370234
381,2022-12-11 21:51:19,2022-12-16 21:44:04,20976,418468,50719861032,125323.734583,1090977795,9751099859,641415210,33512218654,4182808,105673.704020
382,2022-12-16 21:46:16,2022-12-21 21:44:40,21186,364530,47645950459,118921.741629,1096769891,9732579730,642894835,33523449865,4180354,125323.734583
383,2022-12-21 21:45:35,2022-12-26 21:44:46,20917,315814,38696021442,108281.387091,1102477861,9714372538,649052109,33529795332,4183238,118921.741629
384,2022-12-26 21:45:28,2022-12-31 21:43:57,20998,330287,43353179953,115005.681766,1108231314,9696062028,655223447,33536184114,4190816,108281.387091
385,2022-12-31 21:44:55,2023-01-05 21:44:42,21174,360365,46236384155,127566.331717,1113894700,9677898230,652486666,33551411252,4194146,115005.681766
386,2023-01-05 21:44:51,2023-01-10 21:44:22,20893,428509,53435171651,144027.011453,1119569091,9659613007,655936708,33560555952,4197676,127566.331717
387,2023-01-10 21:46:08,2023-01-15 21:44:49,21065,389223,60411874080,126905.468922,1125283442,9641213380,658738025,33570418158,4202968,144027.011453
388,2023-01-15 21:48:10,2023-01-20 21:44:39,21194,346785,60398689652,117656.039688,1130915187,9623238621,656815928,33584688783,4214576,126905.468922
389,2023-01-20 21:48:38,2023-01-25 21:44:33,20811,338858,60501983019,115998.871359,1136579323,9605003170,662071591,33592014077,4214182,117656.039688
390,2023-01-25 21:46:08,2023-01-30 21:44:37,20916,351917,70899247390,118283.250151,1142264336,9586693645,667453172,33599254785,4218064,115998.871359
391,2023-01-30 21:46:15,2023-02-04 21:44:37,21084,441211,92524788844,146394.866089,1147834888,9568737676,672588603,33606499680,4220870,118283.250151
392,2023-02-04 21:48:54,2023-02-09 21:44:34,20579,403692,107395985749,134519.828370,1153424016,9550707326,672976451,33618527325,4218486,146394.866089
393,2023-02-09 21:46:32,2023-02-14 21:44:50,20821,342053,95262571200,110204.364303,1159053623,9532573494,676750612,33627263754,4223998,134519.828370
394,2023-02-14 21:46:16,2023-02-19 21:44:43,20553,300303,120057607324,98381.165945,1164535620,9514934935,681890668,33634301137,4227436,110204.364303
395,2023-02-19 21:44:59,2023-02-24 21:44:48,21034,289491,109977568456,92866.059325,1170067020,9497133409,688283111,33640189711,4228366,98381.165945
396,2023-02-24 21:47:42,2023-03-01 21:44:38,21174,308357,100466857070,95935.934203,1175513742,9479585690,693163096,33647412772,4231834,92866.059325
397,2023-03-01 21:45:54,2023-03-06 21:44:50,21003,287849,117709951461,94512.063494,1181075985,9461815546,694562898,33658215572,4234062,95935.934203
398,2023-03-06 21:46:33,2023-03-11 21:44:09,21190,277507,127361998600,91606.923726,1186758136,9443972567,691064539,33673874155,4236090,94512.063494
399,2023-03-11 21:48:16,2023-03-16 21:44:34,20970,306486,145160573959,100057.069132,1192381616,9426301010,694320911,33682669063,4235794,91606.923726
400,2023-03-16 21:48:38,2023-03-21 21:44:34,21062,335752,141102954941,107737.939769,1198058433,9408537858,698908549,33690158981,4236122,100057.069132
401,2023-03-21 21:45:15,2023-03-26 21:44:25,20869,302002,130682175039,98420.247794,1203571262,9391113276,703851955,33697118997,4236772,107737.939769
402,2023-03-26 21:46:12,2023-03-31 21:44:44,21128,253864,124860622322,81843.315874,1209099799,9373759521,709807852,33703002120,4232288,98420.247794
403,2023-03-31 21:49:49,2023-04-05 21:44:31,20893,276814,130837682844,89160.098747,1214559938,9356641772,710642463,33713843561,4230422,81843.315874
404,2023-04-05 21:45:37,2023-04-10 21:44:09,20828,242851,120639852072,81840.980787,1220072850,9339311033,713940297,33722352282,4234378,89160.098747
405,2023-04-10 21:45:36,2023-04-15 21:44:43,20811,288208,154870592730,95730.080127,1225541031,9322254273,714726123,33733157244,4239488,81840.980787
406,2023-04-15 21:46:34,2023-04-20 21:44:45,20954,268036,136142077216,89563.158021,1230997736,9305382923,717900141,33741381308,4242162,95730.080127
407,2023-04-20 21:46:22,2023-04-25 21:44:32,21107,266509,121822429953,89902.825527,1236437635,9288701771,722987845,33747540893,4242294,89563.158021
408,2023-04-25 21:46:35,2023-04-30 21:44:42,21176,247207,125446553716,81606.583481,1241944161,9272157715,725820617,33755739949,4247654,89902.825527
409,2023-04-30 21:47:21,2023-05-05 21:44:13,21000,308718,140466376407,112970.641738,1247455874,9255427816,730593733,33762192588,4248382,81606.583481
410,2023-05-05 21:45:10,2023-05-10 21:44:27,20933,393568,153813088314,144531.788134,1244154790,9238655018,741097012,33771729944,4250266,112970.641738
411,2023-05-10 21:46:15,2023-05-15 21:44:41,21418,320430,123110712072,113966.019030,1249688146,9222302989,745894935,33777719510,4249888,144531.788134
412,2023-05-15 21:46:10,2023-05-20 21:43:39,20966,327949,156445485959,117744.837387,1255205719,9206053137,747019049,33787356737,4251392,113966.019030
413,2023-05-20 21:47:36,2023-05-25 21:44:33,21252,405070,220004855460,149969.305714,1261091761,9189561743,720807062,33824169985,4251704,117744.837387
414,2023-05-25 21:46:32,2023-05-30 21:44:42,21215,444338,330158448807,164499.006117,1266965540,9173472879,719198692,33835943610,4269310,149969.305714
415,2023-05-30 21:45:29,2023-06-04 21:44:50,20820,490273,340656360587,178691.909769,1272798632,9157220397,715366210,33850180850,4269412,164499.006117
416,2023-06-04 21:46:57,2023-06-09 21:44:47,21143,459276,271718768317,169559.835776,1278342807,9141408670,717048887,33858755658,4265286,178691.909769
417,2023-06-09 21:47:26,2023-06-14 21:44:28,20947,375738,229341415830,134243.110070,1283676764,9126046645,716184680,33869651580,4270772,169559.835776
418,2023-06-14 21:44:54,2023-06-19 21:44:13,21066,328689,211945372457,120268.372942,1289082659,9110127202,714074379,33882308828,4272688,134243.110070
419,2023-06-19 21:45:21,2023-06-24 21:44:39,20685,358311,213187909626,128880.013669,1294423170,9094338749,720079184,33886765663,4272966,120268.372942
420,2023-06-24 21:45:05,2023-06-29 21:44:38,20649,381428,209606012393,141402.900482,1299778626,9078521499,719471403,33897828288,4271304,128880.013669
421,2023-06-29 21:46:01,2023-07-04 21:44:43,20907,369999,193876500832,135605.137798,1305029316,9063032558,724956779,33902564403,4275542,141402.900482
422,2023-07-04 21:45:05,2023-07-09 21:44:48,21026,393560,196015338300,146019.384340,1310263864,9047622200,726668517,33911031123,4278692,135605.137798
423,2023-07-09 21:44:51,2023-07-14 21:44:36,20898,440283,194244728235,158543.961356,1315551036,9032034293,732064172,33915922602,4281878,146019.384340
424,2023-07-14 21:44:58,2023-07-19 21:44:40,21035,357976,151691098747,126583.595594,1320864397,9016392244,735901608,33922399913,4283294,158543.961356
425,2023-07-19 21:45:17,2023-07-24 21:44:37,21054,363198,180341413397,132388.057408,1326160702,9000866603,735829491,33932731395,4285226,126583.595594
426,2023-07-24 21:45:42,2023-07-29 21:44:44,20990,354148,151093339729,126908.377168,1331451254,8985278127,721804000,33957047033,4287198,132388.057408
427,2023-07-29 21:45:43,2023-08-03 21:44:49,21085,324427,141011344982,111377.755881,1336737021,8969722014,724979118,33964147523,4287416,126908.377168
428,2023-08-03 21:44:55,2023-08-08 21:44:29,21049,343684,142826819271,123472.666660,1341996676,8954215877,720685692,33978693689,4296688,111377.755881
429,2023-08-08 21:45:12,2023-08-13 21:44:32,21105,268374,121040973717,95911.502104,1347267485,8938829164,709591875,33999888473,4299530,123472.666660
430,2023-08-13 21:45:03,2023-08-18 21:44:28,21089,267744,120339806375,92908.383223,1352522451,8923448700,709181555,34010452337,4299046,95911.502104
431,2023-08-18 21:44:53,2023-08-23 21:44:20,20920,249407,105338733216,85200.251438,1357779072,8908035375,695031906,34034760486,4300254,92908.383223
432,2023-08-23 21:44:52,2023-08-28 21:44:44,20294,231353,101099939508,81096.601264,1363023110,8892643599,699079769,34040865669,4302652,85200.251438
433,2023-08-28 21:45:05,2023-09-02 21:44:21,20936,291722,111085040415,97181.599871,1368214254,8877370346,704540451,34045487533,4306320,81096.601264
434,2023-09-02 21:45:09,2023-09-07 21:44:50,20986,235503,102045173716,80850.640036,1373239820,8862589414,705711057,34054059823,4302704,97181.599871
435,2023-09-07 21:45:30,2023-09-12 21:44:43,21021,243515,102492333099,80726.565041,1378419161,8847342747,711256823,34058596958,4303460,80850.640036
436,2023-09-12 21:45:10,2023-09-17 21:44:44,21262,226919,89408617168,76712.051292,1383599670,8832022059,707179780,34072813078,4304686,80726.565041
437,2023-09-17 21:44:58,2023-09-22 21:43:46,21255,223934,94767063080,75841.342949,1388777092,8816766951,711695883,34078376518,4306844,76712.051292
438,2023-09-22 21:45:05,2023-09-27 21:44:41,20984,279913,119379120885,94494.265027,1394003371,8801415189,716999881,34083197664,4308054,75841.342949
439,2023-09-27 21:45:09,2023-10-02 21:44:42,21209,297109,128027211512,104217.504420,1399218565,8786093762,720153558,34090129515,4310106,94494.265027
440,2023-10-02 21:44:51,2023-10-07 21:43:27,21134,277367,128908393767,95326.704362,1404363573,8770985210,722576908,34097659294,4310798,104217.504420
441,2023-10-07 21:45:01,2023-10-12 21:44:33,21271,269273,110825792523,94168.039957,1409557057,8755712247,670920981,34159403575,4310814,95326.704362
442,2023-10-12 21:45:12,2023-10-17 21:44:02,20981,291448,94019566789,102416.026622,1364721053,8740627073,726175665,34164085040,4297000,94168.039957
443,2023-10-17 21:45:40,2023-10-22 21:44:05,21157,253478,104296428859,89675.434107,1369908625,8725270759,682098483,34218320790,4298926,102416.026622
444,2023-10-22 21:45:08,2023-10-27 21:44:39,21097,303107,125462723038,104860.675153,1375019903,8710191636,687093120,34223304341,4301324,89675.434107
445,2023-10-27 21:45:10,2023-11-01 21:44:49,20936,274087,117257762939,95519.681541,1380197545,8694963288,685157370,34235272144,4304792,104860.675153
446,2023-11-01 21:46:00,2023-11-06 21:44:41,21014,297377,141546854300,103376.974891,1385334936,8679810673,680584286,34249867357,4307228,95519.681541
447,2023-11-06 21:45:50,2023-11-11 21:44:49,21214,302829,132373995170,104111.334647,1390422659,8664777303,674002579,34266384158,4309924,103376.974891
448,2023-11-11 21:46:14,2023-11-16 21:44:12,21134,293835,118059162440,102026.957711,1395516870,8649726898,676791262,34273550075,4310784,104111.334647
449,2023-11-16 21:44:57,2023-11-21 21:44:43,21025,284057,119283701112,97810.290193,1400647066,8634608907,677067796,34283261807,4312398,102026.957711
450,2023-11-21 21:44:51,2023-11-26 21:44:36,20874,261868,110560632083,89061.401822,1405748421,8619584135,680322965,34289935730,4310940,97810.290193
451,2023-11-26 21:44:58,2023-12-01 21:44:22,21110,306235,111773416029,100347.025883,1410808637,8604731077,683149172,34296909335,4312718,89061.401822
452,2023-12-01 21:44:52,2023-12-06 21:44:48,21301,345563,152740877823,121425.743292,1415822553,8589957180,683515231,34306289847,4314842,100347.025883
453,2023-12-06 21:45:15,2023-12-11 21:44:42,20926,473615,215957066315,169299.131726,1420889750,8575057375,685963960,34313652666,4314824,121425.743292
454,2023-12-11 21:46:00,2023-12-16 21:44:34,21160,459281,186243233284,166398.424201,1426000643,8560024969,680977602,34328509345,4318142,169299.131726
455,2023-12-16 21:44:53,2023-12-21 21:44:19,21198,453454,181541758102,164148.391587,1431025090,8545305926,681975905,34337206256,4320424,166398.424201
456,2023-12-21 21:45:01,2023-12-26 21:44:25,20977,416022,155039368700,146643.347671,1436093216,8530456126,682921292,34346039152,4326066,164148.391587
457,2023-12-26 21:45:09,2023-12-31 21:44:29,21328,464626,170504586397,165239.539583,1441157257,8515623736,685272596,34353472533,4327234,146643.347671
458,2023-12-31 21:45:01,2024-01-05 21:44:41,21021,427089,159374594704,150603.248974,1446160833,8501083191,679371976,34368890926,4327834,165239.539583
459,2024-01-05 21:45:31,2024-01-10 21:44:46,20957,421387,145044109721,149502.178144,1451242730,8486301515,681642238,34376332357,4330556,150603.248974
460,2024-01-10 21:45:09,2024-01-15 21:44:47,20863,420768,124593313184,149921.795091,1456239280,8471762024,685035779,34382480982,4332432,149502.178144
461,2024-01-15 21:45:12,2024-01-20 21:44:46,20734,374017,127831965354,130779.342061,1461210460,8457302540,685137367,34391865220,4334490,149921.795091
462,2024-01-20 21:44:58,2024-01-25 21:44:39,20927,352162,132998575450,125330.099819,1466149537,8442920926,688714385,34397745723,4338650,130779.342061
463,2024-01-25 21:45:36,2024-01-30 21:44:40,20404,315429,117760329627,110907.245455,1471045158,8428636512,686499980,34409353644,4339376,125330.099819
464,2024-01-30 21:45:37,2024-02-04 21:44:42,20730,340234,115844528417,116912.422703,1475975213,8414256055,689703958,34415611941,4341926,110907.245455
465,2024-02-04 21:45:14,2024-02-09 21:44:29,20872,342914,122720530224,117812.147465,1480770939,8400262854,689816390,34424690912,4341992,116912.422703
466,2024-02-09 21:45:19,2024-02-14 21:44:35,20923,347241,128055283691,121919.432526,1485636515,8386071088,683527776,34440303385,4343424,117812.147465
467,2024-02-14 21:45:05,2024-02-19 21:44:37,21160,337319,146304615418,115983.833237,1490528575,8371794056,685977787,34447233362,4344300,121919.432526
468,2024-02-19 21:45:22,2024-02-24 21:44:26,21307,339236,158870655741,116201.496061,1495424476,8357522743,684705431,34457885926,4345440,115983.833237
469,2024-02-24 21:45:02,2024-02-29 21:44:46,21263,365139,165719379510,121519.980918,1500366891,8343083956,688313147,34463774234,4345570,116201.496061
470,2024-02-29 21:45:58,2024-03-05 21:44:44,21311,403952,182377761596,133408.580939,1505337916,8328570504,688386887,34473239887,4343286,121519.980918
471,2024-03-05 21:45:28,2024-03-10 21:43:29,21235,388963,173069126080,136006.087043,1510300485,8314145263,682883291,34488195087,4342466,133408.580939
472,2024-03-10 21:45:06,2024-03-15 21:44:18,20954,371308,157256649670,123634.509077,1463134694,8299712464,732634335,34500038690,4343810,136006.087043
473,2024-03-15 21:45:26,2024-03-20 21:44:35,20984,311957,160327280571,105972.074454,1468083520,8285364057,680638346,34561445954,4344488,123634.509077
474,2024-03-20 21:45:05,2024-03-25 21:44:43,20927,247259,125518872234,83019.604600,1472947334,8271283701,682032895,34569285202,4344896,105972.074454
475,2024-03-25 21:45:00,2024-03-30 21:44:49,21227,287074,134259809781,98050.528642,1477802106,8257181621,684674385,34575916444,4342424,83019.604600
476,2024-03-30 21:44:55,2024-04-04 21:44:37,20964,296447,136099299727,102081.461302,1482630528,8243160250,687587202,34582181611,4342358,98050.528642
477,2024-04-04 21:44:52,2024-04-09 21:44:35,20970,275822,139341412960,94128.682735,1487521974,8228975392,689710394,34589346620,4343538,102081.461302
478,2024-04-09 21:45:10,2024-04-14 21:44:17,21243,276916,143895040230,98481.346800,1492348597,8214994323,693324154,34594893991,4344806,94128.682735
479,2024-04-14 21:44:58,2024-04-19 21:44:26,21400,262660,131604860488,88531.121892,1497165314,8201129719,697101679,34600155389,4349418,98481.346800
480,2024-04-19 21:45:02,2024-04-24 21:44:14,21339,240963,130358466951,84012.172874,1502038292,8187070477,698324509,34608125375,4352816,88531.121892
481,2024-04-24 21:45:14,2024-04-29 21:44:36,21405,217547,121722267240,75889.828347,1506941119,8172897979,702553539,34613168879,4354472,84012.172874
482,2024-04-29 21:45:31,2024-05-04 21:44:43,21526,223524,114423479021,75526.246011,1511816217,8158797580,706363651,34618588753,4357910,75889.828347
483,2024-05-04 21:45:56,2024-05-09 21:44:50,21547,216815,116245104196,75117.947461,1516694508,8144675913,710284252,34623906307,4363494,75526.246011
484,2024-05-09 21:45:14,2024-05-14 21:44:46,21461,224270,110708116882,78770.930119,1521584235,8130526818,715763346,34627686791,4363692,75117.947461
485,2024-05-14 21:44:54,2024-05-19 21:44:49,21147,244981,109011280091,83167.097183,1526471045,8116368194,717665052,34635048623,4368316,78770.930119
486,2024-05-19 21:45:38,2024-05-24 21:44:16,21204,244729,123811163420,81838.755765,1531331316,8102288065,720976427,34640951147,4369878,83167.097183
487,2024-05-24 21:45:20,2024-05-29 21:44:11,21041,202648,95164125425,68506.507251,1536114019,8088437919,723065214,34647930579,4370430,81838.755765
488,2024-05-29 21:44:57,2024-06-03 21:44:22,21196,211969,106513266555,69507.849957,1540899755,8074565827,724168259,34655929053,4368600,68506.507251
489,2024-06-03 21:45:07,2024-06-08 21:44:44,21268,240957,117131273886,79007.776775,1545637400,8060828529,726349706,34662746129,4368728,69507.849957
490,2024-06-08 21:45:00,2024-06-13 21:44:40,21149,211484,101592549659,70416.209324,1550401608,8047010081,728109367,34670031476,4368460,79007.776775
491,2024-06-13 21:44:55,2024-06-18 21:44:34,20872,216630,102797020199,72079.705835,1555176059,8033172146,721530778,34685681893,4368708,70416.209324
492,2024-06-18 21:44:58,2024-06-23 21:44:40,21131,403855,109826186111,142923.441716,1559918120,8019423455,721350664,34694866605,4369076,72079.705835
493,2024-06-23 21:45:12,2024-06-28 21:44:33,20982,398226,105294714922,141437.820728,1564590698,8005883735,725809206,34699204535,4368902,142923.441716
494,2024-06-28 21:44:55,2024-07-03 21:44:36,21272,293756,97716662348,97664.600823,1569327676,7992233702,729063878,34704862175,4371130,141437.820728
495,2024-07-03 21:44:57,2024-07-08 21:44:31,21128,242938,103474705338,82024.444572,1574019542,7978730256,730537673,34712244332,4370532,97664.600823
496,2024-07-08 21:45:12,2024-07-13 21:43:52,21102,272484,111793078779,89490.892177,1476619446,7965004592,835937554,34717984737,4371646,82024.444572
497,2024-07-13 21:45:15,2024-07-18 21:44:47,21284,246173,99096748643,78462.502268,1481317014,7951386217,739032145,34823801321,4373812,89490.892177
498,2024-07-18 21:46:38,2024-07-23 21:44:48,21156,217778,86505694130,67012.196188,1486007060,7937815231,741719775,34830004888,4374584,78462.502268
499,2024-07-23 21:45:05,2024-07-28 21:44:28,21176,201669,81774162951,62216.157710,1490725022,7924170546,744737949,34835924249,4375222,67012.196188
500,2024-07-28 21:44:53,2024-08-02 21:44:43,21278,216886,88318975773,67528.053731,1495403948,7910589154,749264597,34840305883,4374202,62216.157710
501,2024-08-02 21:45:16,2024-08-07 21:44:44,21414,216520,124147665219,68222.967808,1500074612,7897001506,750405013,34848077513,4373828,67528.053731
502,2024-08-07 21:44:52,2024-08-12 21:44:18,20928,177945,104209392047,55252.759780,1504763227,7883390526,754700016,34852706699,4371308,68222.967808
503,2024-08-12 21:44:52,2024-08-17 21:44:13,21314,163965,93702100263,50465.238805,1509473320,7869740168,758083573,34858274849,4372838,55252.759780
504,2024-08-17 21:46:31,2024-08-22 21:44:35,21010,163553,82703426975,50135.685073,1514131702,7856412006,755662375,34869371209,4372242,50465.238805
505,2024-08-22 21:44:59,2024-08-27 21:44:43,21180,187207,80786762971,57700.605861,1518869033,7842889285,735432584,34898387367,4371596,50135.685073
506,2024-08-27 21:45:19,2024-09-01 21:44:50,21449,193373,77449940680,59492.203551,1523532096,7829573342,738598721,34903866918,4371222,57700.605861
507,2024-09-01 21:45:46,2024-09-06 21:44:09,20803,349397,93559917746,116094.310914,1528154948,7816251181,737075132,34914088331,4370916,59492.203551
508,2024-09-06 21:45:01,2024-09-11 21:44:04,21025,275085,90506941200,93107.532403,1532828946,7802782713,739573455,34920087054,4372738,116094.310914
509,2024-09-11 21:45:07,2024-09-16 21:44:40,21173,203346,92634087875,69661.135669,1537376976,7789809997,739980853,34928082919,4373648,93107.532403
510,2024-09-16 21:44:57,2024-09-21 21:44:45,21110,178413,99349159257,132156.650545,1541947684,7776682558,742343135,34934284640,4372322,69661.135669
511,2024-09-21 21:44:54,2024-09-26 21:44:48,21137,177834,86696790656,65976.001813,1546537961,7763466535,745131679,34939946173,4373496,132156.650545
512,2024-09-26 21:44:55,2024-10-01 21:44:44,21198,196397,104082795287,68232.433058,1551120139,7750347819,744291088,34949383758,4374220,65976.001813
513,2024-10-01 21:45:00,2024-10-06 21:44:44,21455,155526,88173949626,52697.610335,1555688467,7737238848,745796852,34956414642,4370458,68232.433058
514,2024-10-06 21:45:01,2024-10-11 21:44:49,21310,172108,83225349323,58567.071839,1560274087,7724114066,749671153,34961093448,4368548,52697.610335
515,2024-10-11 21:45:39,2024-10-16 21:44:45,21170,174897,86415376333,59638.626715,1564893381,7710840812,752217615,34967190802,4368824,58567.071839
516,2024-10-16 21:44:52,2024-10-21 21:44:32,21239,200786,88437979296,65707.612499,1569476292,7697681961,753731871,34974248104,4368134,59638.626715
517,2024-10-21 21:45:03,2024-10-26 21:43:12,21527,195379,94271774270,69465.379538,1574027227,7684715051,755404881,34980974700,4368934,65707.612499
518,2024-10-26 21:45:46,2024-10-31 21:44:50,21099,206251,92506672130,72593.325622,1578692757,7671724883,757902857,34986894173,4369364,69465.379538
519,2024-10-31 21:45:39,2024-11-05 21:44:44,20902,211528,92920949742,72701.133032,1583319124,7658581736,758163741,34995041872,4369934,72593.325622
520,2024-11-05 21:44:57,2024-11-10 21:44:16,21119,362224,134757580148,125348.359030,1587845139,7645768723,758393097,35002992146,4367694,72701.133032
521,2024-11-10 21:45:17,2024-11-15 21:44:30,20997,376080,135286923892,126106.389542,1592331641,7633094001,750986744,35018528522,4363744,125348.359030
522,2024-11-15 21:45:18,2024-11-20 21:44:49,20982,529151,159129875522,180613.758365,1596870443,7620302864,744087709,35033776787,4360590,126106.389542
523,2024-11-20 21:44:57,2024-11-25 21:44:48,20783,613398,180053603934,200786.096558,1601367031,7607610747,732971954,35052930436,4356218,180613.758365
524,2024-11-25 21:44:51,2024-11-30 21:44:24,21127,518431,152965708712,178596.662776,1605867364,7595003223,720202556,35073778164,4349906,200786.096558
525,2024-11-30 21:44:59,2024-12-05 21:43:48,20983,624145,191145267259,211458.647448,1610327842,7582597266,716059158,35085884197,4349940,178596.662776
526,2024-12-05 21:44:58,2024-12-10 21:44:27,20920,553866,117197277059,190021.074276,1614845026,7570016745,707962984,35102215550,4343236,211458.647448
527,2024-12-10 21:44:57,2024-12-15 21:44:41,20956,469514,86599039532,158411.032771,1619326628,7557630419,705371594,35112728715,4344122,190021.074276
528,2024-12-15 21:45:07,2024-12-20 21:44:48,21310,394232,84751297190,132087.308893,1623777941,7545301818,706692636,35119317308,4336886,158411.032771
529,2024-12-20 21:45:08,2024-12-25 21:44:41,21286,408033,59864279905,113830.599860,1628218659,7533008056,707711492,35126169612,4341094,132087.308893
530,2024-12-25 21:45:22,2024-12-30 21:44:44,21208,310115,48955288477,103650.666676,1632716817,7520543391,709962326,35131891445,4343690,113830.599860
531,2024-12-30 21:45:22,2025-01-04 21:44:49,21341,313591,61924020874,107386.764248,1637199824,7508122102,710026718,35139781274,4332432,103650.666676
532,2025-01-04 21:45:01,2025-01-09 21:44:40,21481,266633,63036022828,92068.198245,1641656329,7495773912,706535416,35151153813,4331644,107386.764248
533,2025-01-09 21:44:53,2025-01-14 21:44:37,21360,284715,55846812811,97834.822698,1646135440,7483332054,707444102,35158211529,4333806,92068.198245
534,2025-01-14 21:45:19,2025-01-19 21:44:39,21503,388506,77581066549,135143.065318,1650631986,7470819003,709375961,35164286309,4333906,97834.822698
535,2025-01-19 21:44:57,2025-01-24 21:44:12,21217,304984,65271830434,102941.304846,1655096894,7458430105,710200653,35171343598,4333608,135143.065318
536,2025-01-24 21:45:11,2025-01-29 21:43:58,21594,275701,55962709713,93384.750236,1659589824,7445967856,709311060,35180226133,4336686,102941.304846
537,2025-01-29 21:45:00,2025-02-03 21:44:16,21406,343437,70676819876,117841.394966,1664007113,7433694306,711652597,35185844017,4337082,93384.750236
538,2025-02-03 21:44:55,2025-02-08 21:44:28,21058,228593,68179961895,76469.312907,1668494670,7421230710,711827828,35193500774,4339676,117841.394966
539,2025-02-08 21:44:52,2025-02-13 21:44:26,21472,208373,57540310695,67915.279673,1672936804,7408926927,716016143,35197202832,4341324,76469.312907
540,2025-02-13 21:44:59,2025-02-18 21:44:29,21480,226056,50474687544,76503.073588,1677291582,7396826609,719663384,35201193526,4345984,67915.279673
541,2025-02-18 21:44:55,2025-02-23 21:44:30,21172,218271,50369982949,74074.183501,1681719994,7384491693,723957599,35204786637,4346574,76503.073588
542,2025-02-23 21:45:05,2025-02-28 21:44:13,21284,219645,75844996430,73755.360046,1686145489,7372161972,729161267,35207580216,4348482,74074.183501
543,2025-02-28 21:45:04,2025-03-05 21:44:30,21124,313588,89119885734,99113.874767,1690501545,7360009982,732008043,35212423444,4350230,73755.360046
544,2025-03-05 21:45:25,2025-03-10 21:44:39,21022,206166,64915637895,66943.752902,1694874111,7347811045,728013860,35224212741,4350630,99113.874767
545,2025-03-10 21:45:09,2025-03-15 21:44:08,21155,165083,48357281154,63417.467271,1699217929,7335771117,729318345,35230631107,4353058,66943.752902
546,2025-03-15 21:44:57,2025-03-20 21:44:18,21611,139396,42102257400,53377.937268,1703528717,7323776142,732834080,35234797228,4354916,63417.467271
547,2025-03-20 21:44:57,2025-03-25 21:44:41,21583,151359,39722885837,54873.551989,1707859323,7311783104,736357079,35238941063,4357554,53377.937268
548,2025-03-25 21:44:58,2025-03-30 21:44:36,21359,139625,38738351621,53136.772606,1712261860,7299564319,740907464,35242104181,4358802,54873.551989
549,2025-03-30 21:44:59,2025-04-04 21:44:40,21283,147850,52114914957,56324.445971,1716669383,7287372980,722782059,35268011575,4362866,53136.772606
550,2025-04-04 21:44:51,2025-04-09 21:44:41,21209,174358,58287520860,67431.504009,1721027451,7275303870,724274620,35274323539,4364196,56324.445971
551,2025-04-09 21:45:18,2025-04-14 21:44:16,21426,140488,45680036975,53017.461145,1726047078,7263297722,724551797,35281021302,4363670,67431.504009
552,2025-04-14 21:45:00,2025-04-19 21:43:43,21391,132481,35373833674,50927.072843,1730343069,7251344362,726125845,35287114427,4365780,53017.461145
553,2025-04-19 21:45:24,2025-04-24 21:44:47,21536,170385,41190795852,64560.236707,1734673185,7239343896,730610100,35290300163,4368228,50927.072843
554,2025-04-24 21:45:15,2025-04-29 21:44:47,21572,178635,51325328396,68441.198106,1739008616,7227379990,730138838,35298485422,4368574,64560.236707
555,2025-04-29 21:45:29,2025-05-04 21:44:45,21273,158950,42118300729,59835.064481,1743348402,7215372883,733483410,35302796704,4368160,68441.198106
556,2025-05-04 21:45:10,2025-05-09 21:44:49,21601,177849,48999707363,66709.040539,1747689209,7203284394,735394881,35308636904,4369776,59835.064481
557,2025-05-09 21:44:57,2025-05-14 21:44:38,21213,200198,44179122168,71848.824176,1751960845,7191306922,738379583,35312950699,4370742,66709.040539
558,2025-05-14 21:45:10,2025-05-19 21:44:08,21414,172848,37865510138,65678.280212,1756292565,7179190548,738902179,35320106571,4371288,71848.824176
559,2025-05-19 21:45:07,2025-05-24 21:44:49,21104,179408,33964200925,65549.685494,1760542592,7167304152,742489563,35324161323,4371692,65678.280212
560,2025-05-24 21:45:03,2025-05-29 21:44:32,21359,159524,29630530695,58785.812262,1764858485,7155310770,739811559,35334514487,4371648,65549.685494
561,2025-05-29 21:45:01,2025-06-03 21:44:50,21487,164677,39829230645,62471.219138,1769070988,7143512060,744175597,35337743183,4371886,58785.812262
562,2025-06-03 21:44:52,2025-06-08 21:43:57,21488,152205,37420956929,57692.892585,1773324624,7131582408,747557550,35342129025,4372422,62471.219138
563,2025-06-08 21:45:28,2025-06-13 21:44:49,21361,169718,38050504752,64359.325919,1777598307,7119603165,750416320,35346979015,4375000,57692.892585
564,2025-06-13 21:45:32,2025-06-18 21:44:34,21290,143408,35898362574,55090.590473,1781861639,7107661936,748928006,35356538085,4377476,64359.325919
565,2025-06-18 21:45:01,2025-06-23 21:44:15,21465,152083,46860930646,58995.932473,1786094571,7095848084,748489700,35364662597,4377458,55090.590473
566,2025-06-23 21:45:23,2025-06-28 21:44:28,21314,144965,39467096975,54808.134305,1790306195,7084099837,748658570,35372023764,4378138,58995.932473
567,2025-06-28 21:45:04,2025-07-03 21:44:39,21432,168672,53725852933,63574.235309,1794545873,7072264095,752026369,35376156273,4378582,54808.134305
568,2025-07-03 21:45:09,2025-07-08 21:44:35,21535,130770,44810577436,42082.504265,1798748405,7060557088,751527407,35384048918,4380108,63574.235309
569,2025-07-08 21:45:05,2025-07-13 21:44:18,21408,197266,72694462402,63716.182250,1802968321,7048808450,754927333,35388198743,4381570,42082.504265
570,2025-07-13 21:45:10,2025-07-18 21:44:07,21089,220818,59942910419,68454.908159,1807198754,7036998224,755230900,35395351626,4381280,63716.182250
571,2025-07-18 21:45:23,2025-07-23 21:44:42,21364,205775,52939887715,63477.229627,1809902011,7025299386,757282173,35398491999,4380476,68454.908159
572,2025-07-23 21:45:06,2025-07-28 21:44:40,21634,170031,43478499719,53229.217424,1814040155,7013758119,754686553,35408492715,4380980,63477.229627
573,2025-07-28 21:45:06,2025-08-02 21:44:40,21154,193803,43316504801,61937.643084,1818223499,7002095664,757772093,35412895645,4381870,53229.217424
574,2025-08-02 21:46:03,2025-08-07 21:44:35,21382,196073,39443972280,62802.372716,1822441340,6990408282,759559640,35418267109,4382692,61937.643084
575,2025-08-07 21:44:51,2025-08-12 21:44:37,21275,211687,45730895757,66532.247801,1658127995,6978937918,926576271,35427329008,4384506,62802.372716
576,2025-08-12 21:45:04,2025-08-17 21:44:35,21545,245317,58716877189,75915.892399,1584160945,6967366713,833041502,35609095291,4386016,66532.247801
577,2025-08-17 21:45:08,2025-08-22 21:44:05,21373,176663,44921065356,55328.601600,1570300038,6955875028,769563934,35698219658,4382426,75915.892399
578,2025-08-22 21:45:01,2025-08-27 21:44:25,21305,153372,36405109012,47010.291572,1568521697,6944275079,756986141,35724891763,4384992,55328.601600
579,2025-08-27 21:44:51,2025-09-01 21:44:48,21554,149791,34417600821,46412.472884,1572662240,6932775767,757399047,35731844808,4385628,47010.291572
580,2025-09-01 21:44:58,2025-09-06 21:43:03,21348,177067,33457124665,58327.682843,1576779032,6921352512,755535929,35740930891,4366724,46412.472884
581,2025-09-06 21:45:15,2025-09-11 21:44:47,21324,177472,35079054898,57537.854339,1580938085,6909811397,736982885,35767053300,4367006,58327.682843
582,2025-09-11 21:45:08,2025-09-16 21:44:34,21124,181836,39014790197,57734.386029,1585153252,6898408691,731045005,35780279480,4367534,57537.854339
583,2025-09-16 21:44:54,2025-09-21 21:44:29,21080,157928,31509706177,48723.360631,1589258269,6887049750,726479806,35791993628,4369312,57734.386029
584,2025-09-21 21:45:23,2025-09-26 21:44:39,21289,162382,47001094416,51248.384697,1593319662,6875794228,725120202,35800453490,4371194,48723.360631
585,2025-09-26 21:44:57,2025-10-01 21:43:39,21403,144745,40458353771,44618.509705,1597361049,6864609755,718872832,35813736847,4372768,51248.384697
586,2025-10-01 21:45:29,2025-10-06 21:44:49,21420,151826,37681705307,45555.492079,1601435553,6853355358,720903546,35818890118,4375306,44618.509705
587,2025-10-06 21:45:11,2025-10-11 21:44:23,21440,168428,59245082745,54886.069365,1605524808,6842045700,719711381,35827299998,4376558,45555.492079
588,2025-10-11 21:45:16,2025-10-16 21:44:44,21581,155278,56238480945,49657.867107,1609611091,6830769985,719786327,35834505705,4376006,54886.069365
589,2025-10-16 21:45:04,2025-10-21 21:44:25,21062,143078,46930489969,46453.119234,1613712038,6819500412,720296289,35841169113,4375990,49657.867107
590,2025-10-21 21:45:28,2025-10-26 21:44:48,21622,144612,47616845336,46605.229614,1617815369,6808177357,717989073,35850699610,4375638,46453.119234
591,2025-10-26 21:45:30,2025-10-31 21:44:43,21347,166389,53552360887,51397.454507,1621814227,6797156812,721048081,35854459397,4378378,46605.229614
592,2025-10-31 21:45:16,2025-11-05 21:44:20,21206,187191,66457285257,60932.802982,1625906547,6785833746,722276763,35860558784,4377262,51397.454507
593,2025-11-05 21:44:51,2025-11-10 21:43:27,21463,152713,39830511687,47653.517462,1629946262,6774679983,723656579,35866283823,4376420,60932.802982
594,2025-11-10 21:44:57,2025-11-15 21:44:17,21302,141790,44748685141,44455.688444,1633953924,6763629580,726035533,35871059005,4377804,47653.517462
595,2025-11-15 21:44:54,2025-11-20 21:44:49,21501,175629,66874615238,57827.752720,1638001270,6752442686,726525533,35877707945,4383110,44455.688444
596,2025-11-20 21:44:55,2025-11-25 21:44:19,19469,142883,40189593052,48285.543063,1642011577,6741353528,721553880,35889744277,4383410,57827.752720
597,2025-11-25 21:44:51,2025-11-30 21:44:40,21256,136228,29131847287,41803.003800,1646055930,6730183427,724590209,35893941446,4386200,48288.354577
598,2025-11-30 21:45:34,2025-12-05 21:44:28,21441,151371,47404925448,47673.835280,1644709422,6720091665,731383002,35898690326,4388282,41803.003800
599,2025-12-05 21:44:52,2025-12-10 21:44:40,21374,196418,103184247517,65522.546433,1648689009,6709188390,734279289,35902711181,4387958,47673.835280
600,2025-12-10 21:45:01,2025-12-15 21:44:01,21200,233095,97658947087,82838.816735,1652701177,6698238054,733396975,35910312071,4388200,65522.546433
601,2025-12-15 21:44:58,2025-12-20 21:44:14,21137,221414,79843795457,76494.630069,1656699208,6687334717,729374118,35921121858,4388760,82838.816735
602,2025-12-20 21:44:51,2025-12-25 21:44:49,21520,221788,101550974142,77071.184121,1660661823,6676530726,731293973,35925947465,4390518,76494.630069
603,2025-12-25 21:45:03,2025-12-30 21:44:50,21323,163321,74720693827,54032.156910,1664603074,6665779427,731447170,35932600980,4392778,77071.184121
604,2025-12-30 21:44:57,2026-01-04 21:44:47,21368,170795,76493006135,53769.560843,1668608511,6654841030,727621836,35943276887,4397704,54032.156910
605,2026-01-04 21:44:52,2026-01-09 21:44:37,21340,153207,63195394285,50030.306787,1672567635,6643984742,726761914,35951226975,4403964,53769.560843
606,2026-01-09 21:45:21,2026-01-14 21:44:46,21729,118453,46437179039,38343.554507,1606528228,6633151875,797215580,35957655322,4397464,50030.306787
607,2026-01-14 21:45:07,2026-01-19 21:44:25,21336,121153,46110174384,39018.273269,1610475230,6622348091,800482255,35961056222,4397358,38343.554507
608,2026-01-19 21:45:05,2026-01-24 21:44:06,20964,124736,43650080228,40098.421924,1614459422,6611432787,733225010,36035240284,4399478,39018.273269
609,2026-01-24 21:44:56,2026-01-29 21:44:37,21040,124639,47688994611,40050.797135,1618388734,6600707555,735430106,36040029487,4400520,40098.421924
610,2026-01-29 21:44:55,2026-02-03 21:44:47,20911,187728,73709603258,64848.742443,1622244173,6590161148,736028298,36046116263,4405066,40050.797135
611,2026-02-03 21:45:28,2026-02-08 21:44:45,21082,189187,70653809766,64349.910572,1626107445,6579581543,731585655,36057347728,4406780,64848.742443
612,2026-02-08 21:44:55,2026-02-08 21:59:51,57,463,100457482,141.953798,1629946049,6569080556,733366692,36062130319,4406534,64349.910572
613,2026-02-13 21:44:52,2026-02-16 20:46:44,12398,74034,22591708636,23493.480730,1634730620,6558529839,735134165,36066145197,4408240,44439.845470
614,2026-02-18 21:46:13,2026-02-23 03:18:52,18047,100367,31924849797,32373.210765,1638585447,6548040565,738409768,36069809187,4409322,37710.317796
615,2026-02-23 21:44:53,2026-02-28 21:44:49,21337,134210,45494472619,42279.800991,1642455038,6537512841,740738910,36074136490,4410846,38373.711261
616,2026-02-28 21:45:58,2026-03-05 21:44:31,21378,118042,38964328729,36973.074186,1646349604,6526859580,742765126,36078864112,4411298,42279.800991
617,2026-03-05 21:45:09,2026-03-10 21:44:07,20970,100462,32418026008,31660.713213,1650231853,6516240756,743283461,36084984315,4415136,36977.678045
618,2026-03-10 21:44:57,2026-03-15 21:16:56,21183,125653,43523324073,41375.138637,1654111958,6505611847,747323503,36087496075,4416956,31661.206813
619,2026-03-15 21:44:58,2026-03-20 21:44:43,21112,118539,42456904366,37112.078113,1657910754,6495142906,750744770,36090735751,4417784,41534.723039
620,2026-03-20 21:44:53,2026-03-25 21:44:49,21180,113057,38411449200,36043.727992,1661779430,6484531379,751688662,36096440526,4417392,37112.078113
621,2026-03-25 21:45:07,2026-03-30 21:44:49,21528,120358,49187681000,38909.161729,1655471611,6474009732,765516567,36099543042,4418004,36043.727992
622,2026-03-30 21:44:56,2026-04-04 21:44:25,21488,129608,58625563569,41523.451663,1659308023,6463482214,767246321,36104403019,4416514,38909.161729
623,2026-04-04 21:45:12,2026-04-09 21:44:41,21425,105851,41551004156,32892.246911,1663540425,6452821151,768053755,36110020282,4416864,41523.451663
624,2026-04-09 21:45:39,2026-04-14 21:44:49,21242,103321,43008640139,32479.207184,1617406021,6442229140,821196210,36113714118,4416120,32892.246911
625,2026-04-14 21:45:12,2026-04-19 21:44:41,21159,109578,40832400065,34667.900224,1613549979,6431642041,782885972,36166667714,4416316,32479.207184
626,2026-04-19 21:45:08,2026-04-24 21:44:14,21108,120293,32824756392,39737.903986,1617354049,6421178542,774470022,36181739618,4417102,34667.900224
627,2026-04-24 21:45:22,2026-04-29 21:44:48,21281,118358,31139981824,40264.213910,1621148478,6410741061,777967629,36184080568,4418026,39737.903986
628,2026-04-29 21:45:08,2026-05-04 21:44:20,21468,103093,29130447406,33446.257668,1624922431,6400352756,780314291,36188245156,4418602,40264.213910
629,2026-05-04 21:44:57,2026-05-09 21:43:53,21006,126341,38200462615,41229.873902,1628737336,6389903206,781369128,36193530884,4417500,33446.257668
630,2026-05-09 21:45:19,2026-05-14 21:44:50,21094,115837,33863516732,36690.770765,1632620643,6379378184,780249498,36200982332,4419112,41229.873902
631,2026-05-14 21:44:51,2026-05-19 21:44:44,20935,112349,29231298213,36567.589295,1636361177,6369105672,776301995,36211366780,4417684,36690.770765
632,2026-05-19 21:45:10,2026-05-24 21:44:34,21472,134039,37572002889,46087.635341,1640103136,6358812710,779164780,36214956113,4416694,36567.589295
633,2026-05-24 21:44:52,2026-05-29 21:43:58,21047,136208,40460732799,45535.736851,1643810583,6348638317,782316411,36218050029,4416572,46087.635341
634,2026-05-29 21:44:51,2026-06-03 21:44:39,21533,146051,57726596132,49372.933737,1516100747,6338196997,917039101,36222179309,4416310,45535.736851
635,2026-06-03 21:45:10,2026-06-08 21:44:49,21114,202896,107195909422,71893.066947,1512017193,6327972211,926414431,36227309440,4414852,49372.933737
636,2026-06-08 21:45:43,2026-06-13 21:44:42,21217,122377,51632883329,39472.525257,1515821425,6317537685,925262133,36235172255,4413110,71893.066947
637,2026-06-13 21:44:55,2026-06-18 21:44:25,21121,132127,52468811034,42031.796719,1486632641,6307350175,826656960,36373183721,4414530,39472.525257
638,2026-06-18 21:44:52,2026-06-23 21:44:50,21344,125172,116424312276,42314.408424,1490365079,6297113693,829167006,36377168477,4420214,42031.796719
639,2026-06-23 21:45:00,2026-06-28 21:44:37,21430,125335,90885390274,37867.906892,1471083729,6286998923,850860858,36383968860,4419816,42314.408424
640,2026-06-28 21:44:53,2026-07-03 05:56:06,18575,99447,76273546826,34706.190742,1464901791,6276810051,851042397,36399761513,4419380,37867.906892
