hop,destination,enterprise_only,txs,total_ada
1,addr1v95sf69jcfhnmknvffwmfvlvnccatqwfjcyh0nlfc6gh5scta2yzg,t,626,1101916778.441875
1,addr1v9u7va2sktlnz8dp3qadpnxxlv4m03672jy6elmntlxxs7q9nnwl9,t,1416,792034119.565017
1,addr1vypr00ss7hkqejmvh53xkyf0p9q0a4z2uprxmx6njc463vgst3pe4,t,58,27265013.110101
1,addr1v8v3auqmw0eszza3ww29ea2pwftuqrqqyu26zvzjq9dt2ncydzvs5,t,58,8477453.249359
1,stake1uxnfyqhzlqkhnapsj4lx4atsk0qv6meyggmh56pnmueecwg8xa9gt,f,2,6999999.639958
1,stake1u80ynx47qt2dt2w7vmazw9qpdyd6d8fr44jtejphzun5m6sdd05an,f,9,4781565.379811
1,stake1u9qsg4p603amlkmrvnhzfme87gf82fj6f3asvxzhx6yk7ms6xjjfa,f,3,4678311.193164
1,stake1uyzawt8zx5wzt6el0v2pjy5ftlrdfze0vw5tn4g5a9zg3ssd3acff,f,3,4659109.773710
1,stake1u99yurkzdur22pazfpfthe2gu3rausz6cfll0fnc9w46flcnllj43,f,2,4552538.874260
1,addr1v8nuaewwcsuu69jpgxjyayq3pyeqly5ftsxrsalnf2s353sul0t0x,t,1,3299494.996519
1,stake1u8tkr4lx97lkqw77apqcwfzkncfmd68xcarg9h2zeht2dxgh29hgn,f,4,3203213.741864
1,addr1vyykn570e6x0weurljw8dlra8xux24025xaawny309kpe9scylfv7,t,1,3144814.019652
1,stake1u9xkxdzv8f275qx8scx8v7qt0qrzyf804lczcp0fayq375s4d6az0,f,2,2782326.831514
1,addr1v8ujjewjl28fghnuza7ce0vgdy30z3zkw8tpdxptgzz5wmga6aj69,t,1,2781743.303192
1,addr1vyw0yprjs9djdyjkkujgfwte487z7jr6qp7jef0uef5axqqttxhf2,t,2,2714063.730156
1,addr1v8kd4pahsj0rsr5hrxpuaj0735tgjfdljesp7p8xa0jn6mcpy7k8k,t,1,2710809.312052
1,stake1uxz94d5eke582wwjc4f4n7ec6ddkdeldw4xk66yupx76fssl3r6f3,f,2,2603506.819979
1,stake1uynsac74dcvw940vk86wgkzxu80emld2tmwlwut470h5t5q026fhw,f,1,2457765.602169
1,addr1vyz8c8mt6msgcee4uw953q5wqz2e0pm2x3h26zwapnwsj3gal78st,t,1,2414572.597330
1,addr1vyyh499hk97j72ugcrylmr2l8t0yuyw83g4kzeuzyhrw32g622nzw,t,1,2414572.597330
1,addr1vyt0j08qntyndlcdspl6xwa0gcadrlwmugyj2htxap3enqgcu6c7f,t,229,2398168.957514
1,stake1u9cun6zrn0rllpdtvj0par7m57752tp583vvsf3rhgnahtqxyd2qc,f,2,2386458.431844
1,stake1uyd3ccjka7d7ykkyglmqr4j7zjudz08f7vun6pegp33ffxgvg2jyu,f,2,2310997.714132
1,stake1uyv7u4rpvcv5vpv03ugf6rr8ydt3qyjy682xfkzs4snyqss7zayjf,f,1,2246458.548498
1,addr1vx69usam0yyklpmxyknnzt0vurguqlxn848ckayvuq96p9qs6hp00,t,1,2214818.459112
1,addr1v9dh893nd5r63stnda3866rwjmjcwuakft8u5sdxfunyjkqlumhxc,t,1,2153037.106417
1,stake1u833p40y8cm07ra9wgrqgp70z6khc5pttrena97c6en6p8c7pzxda,f,11,2140863.129488
1,addr1v8449883nj6kw0w0p98rsddfhsyc58uaz6f6yh8ld7t4cxgs053aq,t,1,2083705.885387
1,addr1vxwcyr225eaz97dqjldvkdw7t63ep5v32k87sf04mrw7k6gsc0zn5,t,2,1988564.330289
1,stake1ux739px6jsqdewgg0n53dpamgpl58kyyulhpr6wksxu2yssa8t5ry,f,2,1754999.639958
1,stake1uy0hctwkd0kqxry2xk95gvkednek4n0zvfy4cpxwhh875xqkdsp36,f,1,1747529.384106
1,stake1uyl9hhfw6ypjl482w8xmcyujzdkfchwwqhxtkwxsjq5ffmqrjh9fh,f,1,1744155.000000
1,stake1u8jq7pjswms7l4cv6ccr38x9wyrnvsucg4vlrc4kfgxscaqpyk9vq,f,3,1710000.000000
1,stake1u8wstmnw7dyrynp5yw9pxzjtnmr8uq57rk5d6uua5d2l0scjyd5x7,f,1,1679398.181621
1,stake1u8nfjumfactw34nck4hpsrrz8vtcvqjx25rg3ejwmdgjk4g7hf2wr,f,1,1657327.097757
1,addr1vyupysg8ylzwn6pl79r2m6fdcgeqyvvf3uwplzyqsrhvxrce0nsht,t,1,1534224.371944
1,addr1vx4wd0gc4dswuxy0trxuuhagee35vamxfdj2ekklnyk2zyckz26mt,t,2,1527874.106796
1,addr1vyuf5parrp0ws2534q8k7kxe8sy54d7sfz9x39n4swzt5lchztamx,t,1,1466803.212700
1,addr1vyflacymn47fjh4up24h2j0egqgq2sr3q32jvajtvp7re3sl3fzqk,t,1,1463145.674244
1,addr1v8wlxcl6lhnjtmrg6ysmglkh7x2ty8xh3n32xqh7wn9z3psw3zjhm,t,1,1450258.261512
1,addr1vysqyu9lf7nvwa0e8gse0nrjle4yw5decxyu58yk0c6taqqry3nwz,t,1,1359500.286711
1,stake1ux5l2qysp6nwjfgq6tza3v8wztgpww77rnp0la0fhujnk5srddjj7,f,3,1348819.459937
1,addr1v82a238a2zaehrpqtyfc2z6xgmnw8wfu8apx6qmz83s3tlq23g0ze,t,1,1339438.691836
1,stake1u8m8lgr5u65kdhc3u2p7ahxdtj7cwh2lxgjemy7975emyqs80f929,f,1,1296867.693832
1,addr1v85em8t6qs543rf4rfr4duxx4pzvn0mh02a8dgsaf994v2cqnqg3x,t,1,1267008.090843
1,addr1v9df7ytsp6q8uulf82jkuydww6xe0w8lu4hx2tz30xveh6cctt29a,t,1,1261385.700000
1,addr1vyatyh5z6eltfp77fwnhzehp4wcqjv3n6mu2nlc9ezxrqysje4xpl,t,1,1229058.482278
1,stake1u94hd85km4c2dsvu59pfmwzqjjdqm6ph2xlqpuyg4wc77ds6gq28k,f,1,1208151.594156
1,addr1vylwq3ju4danq6vh8u0fthrlvzl8dpdtgc3k30w28y4qlrqguv730,t,1,1207336.751864
1,addr1vy9tqffrlwwg4hccqthkur6lmvrmuk6lp7d3s8lyj4wjvccyqlgpj,t,1,1192826.805660
1,addr1v837ppgk0ak8raxmyju0ldvpdcnhfqlz7rk79auqza50s8ckz7h2e,t,1,1187550.773293
1,addr1vy6jx9pplune3c0te4tva9sdl6tpae5dy492y0apw0x66gsn740gf,t,2,1170775.212763
1,DdzFFzCqrhsnfp4ikZndgVnS46P7oin2vY5vM7uwqNMY3G5kSC3NEjmSTVaau4HipTc2frntqUZqTjouNRFfr8j38rqWxirKnTtBqzbh,t,8,1152251.100000
1,addr1v9lendytst27cpcrht4w57fvytx4eq5tfua8aps05vz7tyg3r3ev3,t,1,1105301.268642
1,addr1v9xhzs3wfglha049pammce977z6kvvya5qnwcx0husuk6xshu826k,t,1,1090843.415496
1,stake1u82k3t706l77fncvq2fn49specvp2q74dvlf7jkdur8wkwqf9u75v,f,2,1046759.376339
1,addr1vxjsphers4fpq2vh0udrzlx0smt8yrzpt6n6897kdl0q0ycnryxtf,t,1,1016008.262486
1,stake1u9m8u3ffrgf95u3g2ts3p7z6cmu53j96qeygea2d7uvz6yg7ldm8p,f,1,999969.819979
1,addr1v96uruh83prh8p97mu6sgr2hqvspsjncl3z4pzhslm84wscec07xt,t,1,931417.043482
1,addr1vxy9ag8nc823k0l760ku8vsks835mg67ggwhfsdp60mcc6qpjh6nh,t,1,931068.585553
1,addr1vxs7vl5jtpgapdhqlkwvp94yythf2vahdc3wpm0ayc3fcega0a4x7,t,1,931068.585553
1,addr1v8wj5p3h0ykjdnljcykxyg43r0wxz4ud0pf8a7g6qv0gmgs0xdxm6,t,1,914170.715123
1,addr1v829lmpl02phgmkt8p20neply4t0nwp0v8gxu5wpnzzvssqanr8hm,t,3,896504.459937
1,addr1vx3ysxp5pcljxq0jzcyf5ey2tqm92tlqrkppy978hd3e67smlye8l,t,1,830507.462275
1,DdzFFzCqrht3Gmi2RUHN8f728jPQCmpRnMibYjnQc6yp1gcbvENcEdG4kYqSbS9sQs5k9A2wmueUFm75eqhuN9DH88X4WFPZ6iGuR9Rj,t,6,828724.719874
1,stake1uy0zkxq405sfdd63ruvcmfrm7gn0fht9my5muwyn7dselcgvsqynq,f,1,782725.777018
1,addr1v99sgxhuz3m788cnq8ctcw409alrvw0dqqugy6jzwuda8ycp0hs4u,t,1,660223.856353
1,addr1v8lm07yhemdx6e8wp04g48gvuekv4a79x7p8yetkst088lcahsjxh,t,1,651915.147460
1,addr1v9vllawe5j85r9a6mx2vm79at8zrl8c6dqs7qs9fvgkwufc8z5h0d,t,1,651624.222888
1,addr1v90d2qf0v874vdh5mn6gcls450e9l0a0lnem4w4fm8cgcsgt6ygv9,t,1,618004.561117
1,DdzFFzCqrhsqKhoiZ3Xz2LoKpj8idvnxp4yn5kGheJKnNV3vRyuTasNubsR23oCcV5ZGQRU58FYqpPVSEvj2ierUBYNUifG8WLfebgnA,t,2,613282.639958
1,DdzFFzCqrht4AGyMQYosUtQzNNGdEqmN1vaV8Jm2jFEkbBrPZVw7PikpGpdQJNcBHj2NtFc1rgZ4x25fPEVxUbkyTxncVC4P4vYQFQtV,t,1,598951.819979
1,stake1ux24wray2ta04tp2n2lpwpy5psesalc0qv2lvyze3rqw9mqjp2ylt,f,2,595810.898377
1,addr1vxtmfg4x5jp3pe6dnys29l2phxr6qhvl3ryzmra0r8x92tcuak87f,t,1,594243.291186
1,stake1uycma904el6899l0jeqasttsxdqf0zxptl3tkyshfpylxhqk0mf36,f,1,590001.976058
1,stake1uyg58xvhn7pmal7k0ml8d45jnvc30dla44r5lpsfv2z5r0gr93jsa,f,1,564308.819979
1,addr1vxpkhjptu6zk3phtqgc6skwzyg80w2nyt9hryc6d87t0yngex02cc,t,1,554937.503917
1,addr1v9rnwlx7q4y0r8ef7h6ek8qp4keuuqh8drhttfkptr4vtssfgam3l,t,1,545217.713621
1,stake1uyr5350dfv7vmt7zaszcjw94smurkgy38llumya0wufgudslnha9t,f,1,539999.819979
1,stake1u8l5a3p8lku6s39eqzwtavasj9lhmjp6wspdesqud44ttaqr4jdkq,f,1,501782.000000
1,stake1uxfx3dfqhs5u6x67ykenp2k2radu3tp37j9y7s8p95pf6rslpacpn,f,1,499999.819979
1,stake1u9w0syrmgll8gwg86wchp7vvdfem45w8hx6c5lalkjjgv0qc5e9ju,f,1,499999.819979
1,DdzFFzCqrhstvpmi9sY98KekyFgJBFA1ddRRMmVxpLSyArxMmFrPmLgtr2JbcLRNHMVPJcn6gSJCFwHBBxVwezV8t82uCmP1Dna1sfwo,t,5,493459.099895
1,addr1vyvumhr57gvmkk5st7p3ujlazacmxt8hv78j0pj8lh6gq5qfeexjh,t,1,490417.532012
1,DdzFFzCqrhsyRqsGUzp5uEANkjN294rfCkuLSmBAABX8uVf6jjMPRPEgnA7wTw9PUzCuvokHma9hqrRTjsoX7P9Bf7bxKmaYrWopw9Ey,t,2,466345.639958
1,addr1vxny5zhaerwzjumh4a094lxrn7h276d9vj8l0d0gzxscm2qytefk5,t,1,449383.857733
1,addr1vx9pxvq7q7gjlputskayvpa0r6ye3vcq0hpam35fc3v9dvs966w5e,t,3,440848.100000
1,addr1v8m6py73y76n9tyactudu8w7pjh2flpjwlcjecje6mazh0cqxus4n,t,4,408886.279916
1,DdzFFzCqrht5J3LVR1WYDsUvxVqa8dvkKLnUwLejYEZLDrGS1boxzXDarWssRmS6771KaatiUJrYD7AMEbcqxPgD2spwPnPCinhNWjj2,t,1,404123.097332
1,stake1uxny3gcykgt5qxsyuwvw48exx56wf8rnhhdk7tjqplqkwfqvng56a,f,1,400000.000000
1,addr1vyjm7x8eh6apn50pqz7lsvdq289m427vk0g5mgnj8aar9lc430ch2,t,5,388013.099895
1,addr1v87s0zpd6f3wvlkg5uwc8tyt0xa25kzw5wy08403t4552cgsdwt4s,t,1,385357.960998
1,stake1uy6ntuel4dghfatzg6f4tnyspe9tyk9swunrl4jnze2r9rg73pvlj,f,1,383797.870169
1,addr1v80xf7597uqf0s5r74vvvlt5uspus2gzsddah5tmn4yj55gnkyzv9,t,1,358876.400000
1,stake1u8fjlrychu852t3cy90h6wyt6wlsld46nr0k4eavjezz8mgxyxwdd,f,1,356799.819979
1,addr1v93sezjgfs0kds2up27elfs084hksf3fdev4l54k2y2g6xgp8xh4t,t,1,350757.402880
1,addr1v85cz5m6n8la3wp7xl9hhjpy64nzuy0h423v7spmccs2ygceawd5n,t,4,349999.279916
1,stake1uxw8tfdg5r5d88y2ljcfdm4spfqw94qg3qfs4ha3rm9uynqplzn6s,f,1,349448.658327
1,stake1u870q3tlyku4un99j8whjyr5fzygcw5939qm7nrq7rc49gqkm3w29,f,1,311016.478477
1,addr1vy897kf234tgu2vkf4gzm3hk9cm22056syzcyvswq0u5kmctvfvf6,t,1,299661.918593
1,addr1v8jhmcr40naeteml9c5ttt45slxz87vvpzyq8rxrv47j8tslx83tn,t,1,284824.018579
1,addr1vxxr5mupwxmfgty3a9cv63naznp0nmrkglyj3swl9jyc08sen0jqn,t,1,284662.444993
1,Ae2tdPwUPEZ8a63pbDPDcz3aEHXipqdbaQyFLYL9SQsRvQrW9UJeppAqeZg,t,2,267414.639958
1,stake1u9f32k37g3yx2yrynm42qfe4454wfwxvjz7n2ttkg7q5lfgu5m38y,f,1,250869.260953
1,DdzFFzCqrhsxNzbjWVrr9xv4nU1Y3SKJSjkkjGuq1U2TZobYK2NevNeVqDrJy3TcDRbjesjCa52u5yZvdk1Vy2SCVXDFusFS4Nm2N1ox,t,5,238110.600000
1,DdzFFzCqrhsyj89nBnnHRDFEu3UGgHRHYo5b9vLeoPxex2ZfuXjxTvqLJdwe8hDk4XX46u2VURKrsTT2BfUyH24rsieGV984EZx2A6PV,t,1,233579.819979
1,DdzFFzCqrhss6cSSQcAZu8jHgRACQiVUw2QJNpYUGF49xqp5eMpfDhXScFAPS7u2YEK5Wek2UsJwFfmkJYoTU5oNQGPFUBoaZPz86Qfx,t,1,230163.819979
1,addr1v8uh9qn77jjnr0cphnvyhv9rlqhaytxr04au2z5slewnmwg94lzqz,t,2,219376.100000
1,stake1u8xnvj99yft37zff02ag4fuhwj5qzp3qjrzuk7cd4wm2m3c8a4fur,f,2,215260.639958
1,stake1u9xuuarxury6acd82efafgav5zxv8jjn9kx7dgnc7vqmxgca6vspq,f,1,206690.298227
1,addr1vxp9slw23f02tyyd5t4y0rftcpqpqz29cshrsrchudc0ecgydzye8,t,1,206653.087344
1,Ae2tdPwUPEZ2vx6VDn44iuaUPqmNxVdittFPkAFkGgkMk4oce7aqvycLeHc,t,1,201764.819979
1,stake1u8afgl4qdnf2rrrusasm6lp9dn6jljcq49n4dmhtddncxdqr9nvsv,f,1,199999.819979
1,Ae2tdPwUPEZHk6pFXcpemVWuumbHpgYhQLCwRMc6cqhx5qbVArpLbUmm5a1,t,2,198889.639958
1,DdzFFzCqrhsoDehMNNjTRxuTiRiLtSvaDvxwX2Hfq5wBmRBLYupcmD4yFwJP5DAGyXKGSJt9jwhxDUrkuxazqufTy6xkWVSETRjVs5uc,t,2,196255.639958
1,DdzFFzCqrhsf2bdWwUShg1PkwKTxyj3bx79sae2kBf2Creg7uCEPj4XxgvfDpLoHdWBN6i5bpGoYYTMnvSViwqM2dxwNJmfgVYcigRbM,t,2,194859.639958
1,addr1v80vf2qt9mnks7lx9lgjy4gdtwhwc8cak42vgcsrj97uefqpjqqfm,t,3,180019.800000
1,DdzFFzCqrhsdoHH4z1vVtB1U85KwVyNmnNYuZUKVeobNX8RQqUdvBdTSeofDR4Cm2yF3CShrMJ7HUhdXyeCE5ZZ2LxaCc1TT8twpREQs,t,1,179000.800000
1,addr1vy9f652enncwd9pxtgea093zhacu7zdw3kf5tf4h5cffkrgf7w2hf,t,1,178789.179159
1,addr1v88twt64y3tscy8evuqgsc33t9crdqphqmugn0e5tuzc7vsdwcwp9,t,2,171060.639958
1,stake1u8yuspwf57pxkwc9z6kakax4d2wuslwrlv5rjqhr25lsr6sjaul23,f,1,165144.208808
1,stake1uxm5ev2utpuy0rdw3lf0vjetmpt7v93mxvzn9kt5z3f4mds0an2eu,f,1,164209.141396
1,stake1uylkstu095tffff43d0nfn39tyn5q0gtc8yynggq34c4llc7jname,f,1,154214.598474
1,Ae2tdPwUPEYzoSkAhMyank7VY2NL6Z7Fm3mkagM5LHgz6qvRkYMxbq9fHSQ,t,1,147929.819979
1,Ae2tdPwUPEZ9tdPvpm4toYuR7eyrGbE95aHqBzc4AVYamEASDMucsWXb44r,t,1,146478.819979
1,stake1uxlcagysjnuqw4j975kamfyxkhje7f2lv3n6ggjl57fdrfqmtms8l,f,1,143505.627750
1,stake1uy3cd7a52klyn93nge3hmggkfa4ae6wvau3f8ftvt2gdn7gw0k0d7,f,1,137442.638501
1,DdzFFzCqrhspc5f8uRDykAco1M8DFLwJFiBL7kepKJHmvfWwnc6RnT9rAvzKGhPEEs5jCieXnChqFyhkwwThoVk1RbcmViyxDn5dVLaA,t,2,136442.539958
1,stake1u8snnxwcrqvdnw3m33f03wrtgfzec8qjax7m48nurama99g3gr9y8,f,1,135952.497418
1,stake1u9xqp52j65ha8kwvk688qn664yrsqgu4vr5c3zx4lg7trmcgf4xqq,f,1,126532.320647
1,DdzFFzCqrhsvpBJsPDEU6Jhzp2womDCJXweuBi3bYk7dgD6qXDV2AaNLmX8godve8uV6At9dVnEXWZh9CWQiKcKJNeEDjtXR643qqzPA,t,1,119999.819979
1,addr1v8w5vz7njmr92crlejmqnq44wqf6nqtxhkzjxdtmrh92ygckk8394,t,1,118139.800000
1,DdzFFzCqrhsiVPA6CsfEcvcrgHgvVCsY8okQYcn7BuD4YPdZWEh41RhtpsAMWxxDBct2GK6Y3TNpQiKhMa6fMZ5afHCvBD2mW9unEhFB,t,1,117300.549606
1,stake1ux6mcvk5ceas4szrn3up0msnhpx5v3k65etw9t7rdfnxzmgp7ezem,f,1,116846.767314
1,DdzFFzCqrht3PZTtdDCQmvQgqmpdi932AAxq2MUVpfeQY2LWcf2oof7PFwzYFP59hR7MVcCJVLHGFhcpgSzhrbcDsGnUUFmoxFNaaYuG,t,4,116521.079916
1,stake1uyfps59p9zdx33kqwm0lhkpeqvuw27m27ah4jsrrz3tmwqcw2grgu,f,1,115823.817292
1,addr1vy52t2lhnufqvlwt6h9p7atur2etct4mv3lcyu2mzhtpd8qwm8t8r,t,1,109243.819979
1,stake1ux9t5mhysan8wrvfy8qy2t0zxxpyl780ul8qkrjx89zv9jgd4cqpm,f,1,104570.411472
1,stake1u8vdhpdgys5nfj9p2509nr88cmfg7rdwu0rv7thhq09qwqqs095e7,f,1,103957.868812
1,stake1uxl7qg8qmp8mxncy28zmyrctsg6mypgz9g3p252750q730syyrvjp,f,1,102500.033968
1,addr1v9wyfclghs2ntlet6hega6kuawc2u76n5cspw2xtlczydjqfx8pjz,t,1,99999.800000
1,stake1u9a6s26js7zfe696xgpx557tzkk69m0twsurrypa78ck0vqly86gw,f,1,99996.900000
1,Ae2tdPwUPEYwYnk66MguaXuqjR3K1MauWTU3MvpfJZvSTYTyZrvBtt3AreC,t,1,92999.639639
1,stake1uyn0pncn4v5gnlydyqkkyr85nrwtm8gn9pacu72n8tajrxcq868j6,f,1,92236.300000
1,stake1uyadsqqp3yjs8xln8u52ly6w4ld7522vfds40px4rttrdqcla3l7q,f,1,89150.691112
1,addr1v82qk5zpvzn3kg06rq97xft44d745f33uszp6yf3a9v3dwgdky9er,t,1,87312.600000
1,DdzFFzCqrhsvDzxVWn9cUDm69Ju9sUuAsWykXRBKMfnrWRFuJ9VNsemLd5hgQFoeB91aEnNQWngv22K1DGiUYxuCe6MyfmrNEBrqJixP,t,1,86104.819979
1,DdzFFzCqrhtAFcg63JEBkcgiu4NSd37wxgEszxMMFFQFvsduu2h5RgiHUBtbWUAR2oQhCxTsH29g7HQMvWBgHUtvbE9We4MfrdA7fRhc,t,1,85958.000000
1,stake1u88t7cqsqgkjw5p958h28zdukkfhzm5s78syjyvsy9dmmeg5mdghr,f,1,85101.387276
1,addr1v8ag68puv7wgr04d843jvslczd3rcmqvea87p9zerh8jxnc02rjwv,t,1,84298.819979
1,stake1ux9ajvh2s3xtyf77hfkchtupk0gvsgn7tqtt2l6dg6923jc6mq7z8,f,1,81021.200000
1,addr1vyj2tcn4urf2lnk6ljaksuhw7c3k5zj0ljtmznkc8hfuq7skxjykv,t,1,79999.819979
1,DdzFFzCqrhsi5ZDMDfBXJsc8jRvs82ype5zrFNG1oNftmctvkc82juu6Cpn25mupYQaSfxaVWz9Jwah1bk5271nBAbUWApvgjLPBBuFb,t,1,79358.387808
1,stake1u9rw4qpzmjx9lqxrvlxmqugaum5j2vwvcv95v3kth45m8tcm3rhvy,f,1,75231.000000
1,DdzFFzCqrhsxcLJz33C51k2mCtgRkZTg46CD3iU42L2KMnNhMC4LMgL8RnPXZTKtVvypEcMNfJPfvjQxngbrp56oeqdQqG4kTYExdeQX,t,1,73533.118216
1,DdzFFzCqrhsq1aUmraFqXbND39YmynSD8z8DY9cQpHQrtgWfgmF3dRAdo2HkFDAcECranwmJoRc7JVFWPAq4Yi3i8zRzybawEstc3EV3,t,1,66826.719979
1,stake1u8cmtpvqpvuux660kvlvw4apwm7ycp76xj7a74mxm2u0khqr66m5f,f,1,63053.000000
1,addr1v80a4zscnj5tld2758xf77dj0rxh6pkmpe0uge35whug6wsqzvxch,t,1,61052.900000
1,DdzFFzCqrhtCavFKK1BKCbbzHeGtstbkf6i9sEyMRKKPMvoB4x4FBM6qCwWveRwBXS3C5uc1tgCmhCLUb31LZxW2Ggsg2rizRaxX9qm9,t,1,58340.535869
1,stake1uy940gj7d8c8r0dhs80mx0zgpcc03gl8glcvahth5nmur2q482k4d,f,1,58052.719979
1,stake1u9lzyzvz9ylv0muatdx8xaqhqc9tnl3c8gttpucnv45v3lc7jymge,f,1,55951.881382
1,stake1uya3z89kc976lsz35q9y4agwth7wfsqeftgu6mlvpt8wa5sq5w0fh,f,1,53764.477145
1,DdzFFzCqrhsjixDzdBFaQr8jEkCzBvfbNKRCsRjrMoWqHoKUH2Zon83f9WU1j4doW4m56fGtGvzC6aE5txttcERYdFR8FNhsiWKdmKa8,t,1,52560.875550
1,Ae2tdPwUPEZFCi2VoBR7JnCJ8nm6qJUqkbk1AfPre9dQ6f2cH1GXiE7HpBe,t,1,52260.819979
1,stake1ux05s6luagku6jz2kf2mqnrcqrjuggrfuheqpne8pl33g6qm2d98e,f,1,49903.739543
1,stake1uxh0tzd9w8x7hefwlsg3q0g33l6p8ttee0k56wr8qzl2sxg3raqzg,f,1,48056.685043
1,stake1uxca6c8k2t6qn9nasznhwsvjg65d2qu9xguhn3wrxj47rwc2v65yk,f,1,46889.820000
1,addr1v8d3gky44ystmfp7x7drskqyrfy2hy657jydrvjg7hxkt6qaaryql,t,1,45331.385007
1,stake1u8t263fpp583wgc8eal0qa9ylmar3ps59qfqnf0f7umqg8cglum8e,f,1,43989.905830
1,stake1u8r0trmsvz9qyenapvyrklcnfuvc90p57tqqhszhpg70qrqwan65l,f,1,43487.319979
1,stake1u9r46kv7gz5fv98qd96980svzz3xyz3zgkk8t3thfquhthqj3c03z,f,1,42490.861674
1,stake1u9a37zuxrkyqm4927j4tgmd6j3k3eljz3rklfrypwnz657s9p5tg4,f,1,42095.413149
1,stake1u9lhmgs3dhnmll5aj7sxz6tzct07k9c4usd24xz3khp66xgv28llh,f,1,41904.819979
1,DdzFFzCqrht8G5cUu2WHH8mV8kMduvP8gBtnM3vMrUKvXPKY3hbTVrqCJkNHmR2AhWH4xQjMzAw3GqLixDfk6bkvXQD4XiLH5ZFb3gcy,t,1,41900.000000
1,stake1u9nfscsjpf2kkms5wfufv6nhnp9jy55z76j296q4030kvjqrwplm0,f,1,40636.694908
1,DdzFFzCqrht3zBDUQMX2aGsytydwES48eVcw39dVazgp8jrgyWqiKVqdgmpWuMNpaB5VTkzCZhBVEEvpL2GQjbwQFt2djJxrzgeraaWW,t,1,40537.000000
1,DdzFFzCqrhsvATFCLdGjKzU7B74RbxRdwHTvm2QvrMurWepNv22omCZkNLXChPT68F8YGF9W9xjmBX4L1StvegzCWHgsSkFH1XLgMEhL,t,1,40077.726500
1,stake1u8hz67hwpzm6rd0mwyxc0q8we3wcdlnrxvjq5ym85a88n0qpeqrm7,f,1,40046.348631
1,stake1uyek2mcydlfe0lgp5gwkgqpkvkrls9eqmtml5nadaeyz3lqenqjg9,f,1,39366.298570
1,stake1ux5r7myfhycj234wpqyhh3h8skgwvq0hsstpw52f66857uq95cas6,f,2,39204.562257
1,stake1u9cu48hw3n0vyrw3t056hr3gml09mdjju675w9l6zt85d0qkhsrln,f,1,38462.934733
1,stake1uxy6k4xlvlgtaj6jpd57lt5s4aleg23r7d8f6qv0gq4k7ycuwfx73,f,1,34885.639958
1,DdzFFzCqrhsm6UjM6UYEG2i9HW28qaeeGJdMLHn8awUV36YE7SJA48AE45RZ5zDFH8pyiHgHgzpPQPDigWPQxDNq5LYtsGSgR4UWVHXZ,t,1,32656.684471
1,stake1u99xze2fmwsxj594dnuucx4ceqc9wx6mu909puky0n3p27sp8k64u,f,1,31611.918085
1,stake1u8ymfssspscfqnup2pznar6grn7a30tzx6euyxz7y4vnk3sc0qmf7,f,1,31601.250894
1,stake1u8x33mcg4gnm308rvgjwfp4n9e5fe4u6kx5rqfyynq6fvyqat8u4h,f,1,30822.965737
1,stake1u9h7gaqnpw3drdntf0l4s85smzaea2449qrzgz4zuf6a4pc0wmtuj,f,1,29595.827901
1,DdzFFzCqrhsqMHZJwrF9xLBNZcB7YSLf9BMGmD6X9tcvWZ5NGstpQvCmi5uiPv1FyTHMJDq7pgadwRZpCFW2F49ZZ5qkog7Fw2nK1XMa,t,1,28817.819979
1,stake1uxhleqhp2w6tkvlvc5xm3pvvgfyg72hjjk747yky4hu8fss83l0es,f,1,28549.962434
1,addr1v8jcnsmuprfzgsfg2g4uvg65xf3etu7dje0qrpndu5w69jqtrcr2m,t,1,28207.519979
1,stake1uyfd38f3xq9tnr9nu905d8pczxcedz8pfelz0rcvzr3y09cklgpdx,f,1,27562.442818
1,stake1u9cdfr0c8e5f4qwk5tj2mlx4u3m85pdcj0vpdmn30cykduc2xjvql,f,1,27200.000000
1,DdzFFzCqrhspY37dK3wZKrwK2y5jCFLyLz5tNkwgNBnpWub3PuXDnwWPvaWduo1Ey18gFJNEur97KvZ33D1QPYchZz2iWFdwhKEcDQAh,t,1,26756.300000
1,DdzFFzCqrhseGfj2GyQsyb3y36RfCHqLKVCFCVQSwKdBK7nDNxa73EfiPHJpJZviCUcx2Apd6y7c86KbHQ3fBDPaxLqhf9g3XxqPKvbs,t,1,26575.919979
1,stake1uynjcr9gje68xuzcf0mwpkwqahew3r3v3m7jpwvsffhvhdctrjdnr,f,1,26400.000000
1,stake1uxfjpdacmkmgmvvvhvg4uhnplcp7jef5uqdwawnq2ns44hg2gxaf5,f,1,25959.710244
1,stake1uyds27pj66xjwrv4ardqzqdedq2ew9az8ev6h28x6ejj9ls46t0ff,f,1,25637.812421
1,stake1u8n2h359m2ydyngumt9qwwldjh8ej42k92vknhecjujumyqp0tczz,f,1,24533.871676
1,stake1uyxfp3365u2uwp26ced67c9vq4nee5g6a9urqcx5tr2c5aqz5f3jp,f,1,22504.900000
1,Ae2tdPwUPEZGjmz3jS9eEnv9DkWma37dkCVEvyGbSXUr35348Sy7pGThGBN,t,1,22434.099832
2,addr1v95sf69jcfhnmknvffwmfvlvnccatqwfjcyh0nlfc6gh5scta2yzg,t,652,1198111355.336433
2,addr1v9u7va2sktlnz8dp3qadpnxxlv4m03672jy6elmntlxxs7q9nnwl9,t,1104,1118784548.764387
2,addr1v8v3auqmw0eszza3ww29ea2pwftuqrqqyu26zvzjq9dt2ncydzvs5,t,293,350231426.486075
2,addr1vypr00ss7hkqejmvh53xkyf0p9q0a4z2uprxmx6njc463vgst3pe4,t,160,327416848.478019
2,addr1v80xf7597uqf0s5r74vvvlt5uspus2gzsddah5tmn4yj55gnkyzv9,t,1,28481906.005033
2,addr1vy4nmtfc4jfftgqg369hs2ku6kvcncgzhkemq6mh0u3zgpslf59wr,t,10,26779590.012901
2,addr1v94725lv4umktv89cg2t04qjn4qq3p6l6zegvtx5esu2zuqfd487u,t,15,23688096.293492
2,stake1uxf53lmw7479rehspdstly4vqmgrtsuzev5nghplh748wrsz8scjy,f,8,19999391.007177
2,stake1uyr67khpjsten9va8yd383wq7uwpghs6uccn3fe24cxmxugtp7mwk,f,5,13493398.870000
2,stake1uy0zkxq405sfdd63ruvcmfrm7gn0fht9my5muwyn7dselcgvsqynq,f,3,10404040.606341
2,addr1v9xhzs3wfglha049pammce977z6kvvya5qnwcx0husuk6xshu826k,t,4,10089427.286544
2,stake1u833p40y8cm07ra9wgrqgp70z6khc5pttrena97c6en6p8c7pzxda,f,28,9914855.861524
2,stake1u8nfjumfactw34nck4hpsrrz8vtcvqjx25rg3ejwmdgjk4g7hf2wr,f,1,9499999.777680
2,stake1u96zspaqtjrwxyfp7c2cz0d5f95qt040uemmg2nl7flux2gd9spnc,f,3,9077059.000000
2,stake1uxnfyqhzlqkhnapsj4lx4atsk0qv6meyggmh56pnmueecwg8xa9gt,f,4,6833694.751147
2,addr1vyykn570e6x0weurljw8dlra8xux24025xaawny309kpe9scylfv7,t,3,6399266.515568
2,stake1u9cun6zrn0rllpdtvj0par7m57752tp583vvsf3rhgnahtqxyd2qc,f,6,6008370.743306
2,addr1vymu4620q8vqf4xsstfrk6dy72787syvezet8ujsdj2k3jsfvlx47,t,1,6000000.000000
2,stake1u80ynx47qt2dt2w7vmazw9qpdyd6d8fr44jtejphzun5m6sdd05an,f,13,5398404.406936
2,addr1v8mn6dmk7tf9u26kr09a05lmvc9j4k9d940a88ta3hdczqgyt7whl,t,15,4793800.785568
2,stake1uyytcvy907n6zu09zxpjm4rgw44wcheymslkgq2nmyx4sjcygtefd,f,1,4431116.674000
2,stake1uyau4cjuzegpthfmkpeh0cjcy9vcm677dxsy6zwjtny826ca9j3ef,f,1,4062922.000000
2,addr1vx7epefda6wfcd7pqey80qfl8n7zfvv34wlea4v5p7xu5jcl2t9sq,t,1,4035357.621199
2,stake1u87lpc828j62f558svy3dujgfth4kcegx4mdsxdetwhnn3gzvqhgg,f,1,4000000.000000
2,Ae2tdPwUPEZ259XJRGgx4tiPzXSgZvxzxazyBKRyf7xGwhX5xnpaByp68Us,t,2,3762563.300000
2,addr1v8s3r9mugkafdh8zw444a00cagdzl4lny7vwt09nnzvhdqgx84tzg,t,1,3740730.157383
2,addr1v9xq584wzrn7lgaj8ckuzcxzf2g8a957aarcpcglnmkpx5g270ucu,t,1,3671135.357878
2,DdzFFzCqrht7JoCDV2qDFhsMcpt7t7uztXCkPV12iB5G9thiEbfcBywS3Xufw2LSushkeDRZgNQo6p3p1Mc9SB5m8qX8JxC7FUJwMmmn,t,1,3524249.623499
2,stake1u8xnvj99yft37zff02ag4fuhwj5qzp3qjrzuk7cd4wm2m3c8a4fur,f,13,3465054.164776
2,stake1uyzawt8zx5wzt6el0v2pjy5ftlrdfze0vw5tn4g5a9zg3ssd3acff,f,6,3448813.746270
2,addr1v804tgee0m3ww7z93zh64wr9flqh9psdhnxg6cykfudgulg6f633p,t,15,3255326.543911
2,addr1v8366qjrw88tumt7vyvy2yhcyn235mxjclz5rd2vxcycexqzrqm6f,t,1,3233221.686323
2,addr1vymwsqjplenvsln5hv7m0ehguc0qls3a8v2kj5yv36wt9jc8m4wxj,t,1,3131336.081724
2,stake1u9qsg4p603amlkmrvnhzfme87gf82fj6f3asvxzhx6yk7ms6xjjfa,f,3,3104277.589939
2,addr1v82a238a2zaehrpqtyfc2z6xgmnw8wfu8apx6qmz83s3tlq23g0ze,t,2,3066908.741894
2,addr1vy4zzdg4w2ehaqad2cvt88nql7ue55f2qvs2nsm4xjqwnyq3ydgfh,t,1,3037034.379348
2,stake1uxhtp368c69yq0pwecz60xypal554mpwey30uj73cz8r6ccgh4su0,f,2,3000000.000000
2,addr1v8m0dvk84c7hg6rzul6h9f4998vtaqqrupw778vrw3e4ezqck7n2g,t,1,2802949.000000
2,addr1v94t2nv025unydjaacqkja0cvx2yrutakvnqr4v739he7agw73aze,t,1,2730552.681553
2,addr1vyt0j08qntyndlcdspl6xwa0gcadrlwmugyj2htxap3enqgcu6c7f,t,246,2711252.090682
2,addr1v99aa4mtje6yzss08jmrec0r3m6q3c8cmr0htayx66dmtqggfwdua,t,1,2671803.511431
2,addr1v9hmwxg962p0vafrwc3masmk5sv5xj3c48w2yufqcayvmeqgc06cd,t,1,2604925.517239
2,addr1vxjdf39mt8vj0fdv9fez2jxlx3yukmq6aggvty4edy3dcrc0q09yu,t,1,2459435.203058
2,stake1u8tkr4lx97lkqw77apqcwfzkncfmd68xcarg9h2zeht2dxgh29hgn,f,5,2438888.808403
2,stake1uyuznshe6qagevyg85sm2yjelad4wdhjagxap5rvalynyzgmjmhud,f,1,2268717.904287
2,stake1u9xuuarxury6acd82efafgav5zxv8jjn9kx7dgnc7vqmxgca6vspq,f,2,2250119.312869
2,stake1uxz94d5eke582wwjc4f4n7ec6ddkdeldw4xk66yupx76fssl3r6f3,f,2,2200623.405562
2,addr1vyyh499hk97j72ugcrylmr2l8t0yuyw83g4kzeuzyhrw32g622nzw,t,1,2195988.542296
2,stake1u99yurkzdur22pazfpfthe2gu3rausz6cfll0fnc9w46flcnllj43,f,4,2119329.162841
2,stake1u87tyxdzrn9mqth4y5ejm6mcfqnq52dzjvz04n9s8j0fn6sdrxhaw,f,2,2085660.036087
2,stake1uy9eaqnmwjflxpsc8a2w8ezauxfqa9zske2xfsnyua2ld4s4q83dy,f,1,2035128.390000
2,DdzFFzCqrht1vvWSFcqbBW2V6dafoNKUaSZPjCyn53sESG4w7TgdvkxUwi26EUW58iaVRSFhCq15GfmtKcewrXxfoMV8wR2oRGXFmm3F,t,1,2032429.035626
2,addr1v9092zg2ekmrrngpt4pfj9cqcey8wms83j5l9vec0gp707sfy6y93,t,1,2000000.000000
2,DdzFFzCqrhskZbSLv98vsuHMakoadt1gekNumNcKwZkTzjBUQ9Wz4sASTMDCJZYzYEBhDGurxvWKq9HP9LSsmBi23TXPgPD7tDr2UWNw,t,1,2000000.000000
2,Ae2tdPwUPEZ8a63pbDPDcz3aEHXipqdbaQyFLYL9SQsRvQrW9UJeppAqeZg,t,14,1997961.379811
2,stake1uy3t60lcq7sqq3mnahr4kxcf75j2770uv22kj6xr8pslatgfg5rk5,f,2,1949283.038577
2,stake1uxyu2ypd7rptwlneec2dv686szan2zlptsmq63a5safq6ssptphea,f,1,1931515.053798
2,addr1v8dwn3fvrxlysu048nrg07m3y5ujy0qcqq339vu02rrlksq4jyf84,t,1,1929952.428161
2,addr1vxuewrv6quv7mjqg9vrhz4srksvglwsafypj9u0h27llvhsm6frs8,t,2,1910465.712142
2,stake1uxz367wa35qpk7dwgcehms729pjge5pjwzdhlj4jfm0pd9gfytzg2,f,1,1900000.000000
2,stake1u8jq7pjswms7l4cv6ccr38x9wyrnvsucg4vlrc4kfgxscaqpyk9vq,f,3,1887000.575141
2,stake1uy0hctwkd0kqxry2xk95gvkednek4n0zvfy4cpxwhh875xqkdsp36,f,2,1870988.976586
2,stake1uymzp8xqsh6e8x0pw7a5mm3hlfhrsuacy4pwae22jy8uz7qlgfsga,f,1,1869886.716897
2,addr1v9awyew0e9x79ueyl6uvf3mf5lktw085qeqlsafljpfyq7s8es2pt,t,1,1851633.535471
2,stake1uyucxkycrc70349xq3cxzahf4hkytyhr05lntfcg49hqpxsqlrayk,f,11,1810739.970095
2,stake1u85yzeh7haekknx56fcallm3jz7nc7dfmd7x6t4p82z9glgdw59qp,f,1,1789975.000000
2,addr1vydrphu0q9pn99rrtm79ga7kp6v5t28wjxfxc5j5f3964aspv650s,t,1,1740688.272788
2,addr1v8qxp9pka35tu6qh2l4jtdee027t63ydyqcavwqr6lstmmc7xlm6t,t,3,1710000.000000
2,stake1uyd3ccjka7d7ykkyglmqr4j7zjudz08f7vun6pegp33ffxgvg2jyu,f,5,1602197.732988
2,addr1vxwcyr225eaz97dqjldvkdw7t63ep5v32k87sf04mrw7k6gsc0zn5,t,1,1559164.499862
2,addr1vy7dcujse84gex2wyfeytxvwvw76aym0c44px4ghskgpraqprsnyx,t,1,1539320.714439
2,addr1vx9pxvq7q7gjlputskayvpa0r6ye3vcq0hpam35fc3v9dvs966w5e,t,11,1444745.079979
2,addr1vyuf5parrp0ws2534q8k7kxe8sy54d7sfz9x39n4swzt5lchztamx,t,1,1441728.166615
2,stake1u8vdhpdgys5nfj9p2509nr88cmfg7rdwu0rv7thhq09qwqqs095e7,f,1,1433396.156233
2,addr1v86p8j97xd37s2crwpxfs02wudvzp9xxqjm9xdl406u8zhsmcu7qs,t,1,1430264.759254
2,addr1v9v022tns3058wlqlkg68a3zqncvmj6uru4mgmdl3xts2lgc6d3lf,t,1,1419275.050655
2,DdzFFzCqrhspsteMfUyyHBqmLbKZrSXQ8xp4iy4XPKxgUuDNCGsPKuU55SbkDpxJCPN7bSuUJchUTu7gxZM7eTzKWcFjxCEE1JmBUAxZ,t,2,1386772.200000
2,addr1vyflacymn47fjh4up24h2j0egqgq2sr3q32jvajtvp7re3sl3fzqk,t,1,1347214.833136
2,addr1vxtmfg4x5jp3pe6dnys29l2phxr6qhvl3ryzmra0r8x92tcuak87f,t,2,1346107.061747
2,stake1ux5l2qysp6nwjfgq6tza3v8wztgpww77rnp0la0fhujnk5srddjj7,f,5,1343025.267363
2,stake1u82k3t706l77fncvq2fn49specvp2q74dvlf7jkdur8wkwqf9u75v,f,3,1331245.510411
2,Ae2tdPwUPEZFSi1cTyL1ZL6bgixhc2vSy5heg6Zg9uP7PpumkAJ82Qprt8b,t,6,1296143.953132
2,addr1v8ujjewjl28fghnuza7ce0vgdy30z3zkw8tpdxptgzz5wmga6aj69,t,1,1269001.844721
2,stake1uyg58xvhn7pmal7k0ml8d45jnvc30dla44r5lpsfv2z5r0gr93jsa,f,3,1241014.374860
2,addr1vynryean2ftlkj5gp6l3dphm8722xq7zacy0l0f0czkzrpqc5a8rc,t,1,1225546.590174
2,addr1v9dfmtyh9sq3re2y4lj5xzl56aftkmh33f5v7eyat9n8xjc62t28k,t,2,1187161.030086
2,stake1u9xkxdzv8f275qx8scx8v7qt0qrzyf804lczcp0fayq375s4d6az0,f,2,1062530.025390
2,addr1vy6jx9pplune3c0te4tva9sdl6tpae5dy492y0apw0x66gsn740gf,t,1,1046867.898018
2,DdzFFzCqrhsqKhoiZ3Xz2LoKpj8idvnxp4yn5kGheJKnNV3vRyuTasNubsR23oCcV5ZGQRU58FYqpPVSEvj2ierUBYNUifG8WLfebgnA,t,4,1032323.279916
2,stake1ux24wray2ta04tp2n2lpwpy5psesalc0qv2lvyze3rqw9mqjp2ylt,f,3,1026433.269717
2,addr1v95zs2nmve0ndrz2vvwz48ed7vaq9lslchl72ym8qzqlxaquhgqxc,t,1,1024857.445155
2,DdzFFzCqrhsyRqsGUzp5uEANkjN294rfCkuLSmBAABX8uVf6jjMPRPEgnA7wTw9PUzCuvokHma9hqrRTjsoX7P9Bf7bxKmaYrWopw9Ey,t,4,1014125.279916
2,addr1vyu0hct4p2cc386yx6v8shnxcmawn0a7jqpdynh36t4p52spa3v9a,t,1,1006080.858375
2,addr1v9ct5mt977t9r9ws8wa5knmsc279jp2cxzuvak7n54uzhmsgjwhav,t,1,982804.855035
2,addr1vyd6wlmu7nshmysv4jnphhzxagd7nz7h02ejd46x8e8kcrgyrrpj9,t,1,949999.800000
2,stake1u93fwlmwsuyyt325kkd7peqh77lfmvf72e6gksm34ysw5cgvlny2q,f,1,948479.175593
2,addr1vxs7vl5jtpgapdhqlkwvp94yythf2vahdc3wpm0ayc3fcega0a4x7,t,1,931068.585553
2,stake1u9xs3xep7gyjxpxrfv0el7xm2gctntk88ax789zcrlwue3c2xzevu,f,2,875771.327346
2,addr1v9fn5n4efk4hn3nz3fav7fky63g6067avx2t749rad97q6qzxhq9u,t,1,833640.106208
2,Ae2tdPwUPEZBjQqRM7WdP7fCJK4dx5fe6MSMHRoGgvEmuaD1kWxvDcEG2jw,t,1,823820.000000
2,stake1u89xt5ewlfl0ww0a7zvn2ent0cmgl8yhh2865ppwzss9d4gltk92h,f,2,817467.898410
2,DdzFFzCqrhsnfp4ikZndgVnS46P7oin2vY5vM7uwqNMY3G5kSC3NEjmSTVaau4HipTc2frntqUZqTjouNRFfr8j38rqWxirKnTtBqzbh,t,4,807417.300000
2,addr1v8h8dysuycpmtlnfpcwxvdvmgpgaq62glywawdy77ns85vc0swfj9,t,1,803471.174912
2,stake1u8ejjt3u55lepswcfau5sy9j93fyxrvq76gtnahc8hsfnfs3tf70j,f,1,793385.100898
2,addr1v9h7clf7afc44j9wee89fvaw2kehz247v93dkdf92gxnu7ghyspe4,t,1,783049.919539
2,addr1v8adw2u5gm6klh7jr2eye3wq6plnkeuhnj2zqrrmyfv4mqs0yst0c,t,3,775404.493655
2,addr1v86ct350qjdv73m9x76p97xdwvs9q9k0y9mf692ngtsrm4cxrckq7,t,1,774331.669681
2,DdzFFzCqrht3Gmi2RUHN8f728jPQCmpRnMibYjnQc6yp1gcbvENcEdG4kYqSbS9sQs5k9A2wmueUFm75eqhuN9DH88X4WFPZ6iGuR9Rj,t,6,770210.219874
2,addr1v829lmpl02phgmkt8p20neply4t0nwp0v8gxu5wpnzzvssqanr8hm,t,3,766540.459937
2,DdzFFzCqrhsdxoR2ZfmDU9PBQMfpibHddTomuppMNCGFG9un932GVQ2vdSaNS5KbfF5j7RoBqahdtWabrGSLdk7agi8T9M4QAjpn3hDJ,t,1,756343.979364
2,stake1u8zp3xhrfyc8dnp23fdf024g3xnce5lgxe33ak636ufxhngc69s9c,f,1,724100.325604
2,DdzFFzCqrhsfZm9TaC4ZrteyhAvfNVkbzy7qUMt5vWECupVgG3LQUAeALQpYtaZTzwrR4NK7NEy92QMQZEjCAJcgVX5JnGCvy9WUqBnV,t,1,718123.322734
2,addr1vxny5zhaerwzjumh4a094lxrn7h276d9vj8l0d0gzxscm2qytefk5,t,1,710337.950373
2,addr1vyuwtfzt4rrxlq7pa2pwn34hhr7j7h8xtj845qpm0et5nxgyguw05,t,1,690674.477268
2,stake1uylm8x45r7377v7dcykxs8rz72u5ylzjhxtn2ppu55pgnrq3azjcs,f,1,662195.530110
2,stake1u9g3set27nzfff02hctuc8udjxfdzlqc7vn8ydsnepgxq7cx9ws2x,f,1,645738.368189
2,addr1v8r2t2t5s68pnhhxks4sz4d4la8x8gzkz0vn9m70wu0sjeqc4wrhx,t,1,623441.680833
2,addr1v9ur0kp2g2fgusvwuxdrfxz6wcazhszvnv4m0cqwh8pu9kc2dsk3q,t,1,621201.216603
2,addr1v9q7sn4mvrcs23uxqaux2dfpfr62t82ge5t4gyn6mpv3x3qvrv8uz,t,1,606000.000000
2,DdzFFzCqrhstvpmi9sY98KekyFgJBFA1ddRRMmVxpLSyArxMmFrPmLgtr2JbcLRNHMVPJcn6gSJCFwHBBxVwezV8t82uCmP1Dna1sfwo,t,6,591818.919874
2,stake1uycma904el6899l0jeqasttsxdqf0zxptl3tkyshfpylxhqk0mf36,f,1,589901.808973
2,DdzFFzCqrhsxwX3N1srqCv8177X81cpQUsCDfFoRcyiZcWdcB9TRxXxHWGzZ6Z7RQWBw2nBGJhyt1wzdwLLJ4BM86FxJxm2QKwWXrcdH,t,2,587030.239958
2,addr1v8ag68puv7wgr04d843jvslczd3rcmqvea87p9zerh8jxnc02rjwv,t,6,558440.919874
2,stake1u8fjlrychu852t3cy90h6wyt6wlsld46nr0k4eavjezz8mgxyxwdd,f,4,556274.927424
2,stake1u88z7snhc7s7pye6dg3g6hzncfx76whxnd6whllcgrqy74q0tscfa,f,1,549500.000000
2,stake1uxttvx739dt505d6sxvdykj8336utdq2q92jk3sv253zp5qalcz84,f,1,545110.064395
2,stake1u9w0syrmgll8gwg86wchp7vvdfem45w8hx6c5lalkjjgv0qc5e9ju,f,2,543989.287802
2,addr1v8m6py73y76n9tyactudu8w7pjh2flpjwlcjecje6mazh0cqxus4n,t,5,530776.099895
2,addr1v9elh5k74ryg2l5v53zgu3nr6jyuza8vyvx2qnjpupawhhgjxgc6a,t,2,526062.614728
2,stake1u9jf5p23eqzsf84tq4x5csykz4xjkqc9jllh49g7p730xqghkfzd9,f,1,480857.983333
2,stake1u9q6nedpj7kt7pm9sxgtu4sq37jgxk0lyfvs4wvdvz0tm2czk759g,f,1,473124.347123
2,DdzFFzCqrhsrVS8Pkngh1XwJ7vkgpBL28fvy7m5UNDXx1t3nyEdVVPiTsAXE2DaQDfXfWT31o2KbRtd71rRahShePabBY2KUrRNC2Yqn,t,1,468719.946115
2,addr1vylwq3ju4danq6vh8u0fthrlvzl8dpdtgc3k30w28y4qlrqguv730,t,1,455848.639215
2,addr1vxxr5mupwxmfgty3a9cv63naznp0nmrkglyj3swl9jyc08sen0jqn,t,1,454749.103943
2,stake1ux739px6jsqdewgg0n53dpamgpl58kyyulhpr6wksxu2yssa8t5ry,f,3,442392.869233
2,addr1v956e4kczrfcunenrxqzz908dwgct3jp0ll3qtf5tqpf9zqeawd72,t,1,437096.744600
2,addr1vxt0059jpxafdp4mvlq9fekwvlry53ze7p7j6qc5pvk30eguymxfg,t,1,435822.603250
2,addr1vyz8c8mt6msgcee4uw953q5wqz2e0pm2x3h26zwapnwsj3gal78st,t,1,432639.295680
2,DdzFFzCqrhsyj89nBnnHRDFEu3UGgHRHYo5b9vLeoPxex2ZfuXjxTvqLJdwe8hDk4XX46u2VURKrsTT2BfUyH24rsieGV984EZx2A6PV,t,2,422239.639958
2,addr1v85qqqklva26z0enlcnmg6hg9vurm5gsjd3xlgps9gz2g3g3zarux,t,1,419506.891965
2,stake1u9tgxjmnt3u06d55lqgmf6524gk7mx4e06xahu2qrp0q7pgjv6h69,f,2,415000.000000
2,addr1vx4wd0gc4dswuxy0trxuuhagee35vamxfdj2ekklnyk2zyckz26mt,t,2,409946.123683
2,DdzFFzCqrhtBmYcYMCsyLDi4kjTVhSkm9efaY1CFNJ6VYFmBi73US9Z9JCtFZN3ZL8nRgGoVYujqb29R9KKJ6LzWv9CtYrHYrvh7dWhR,t,1,404926.600000
2,stake1u8l5a3p8lku6s39eqzwtavasj9lhmjp6wspdesqud44ttaqr4jdkq,f,1,401931.404429
2,DdzFFzCqrhsoDehMNNjTRxuTiRiLtSvaDvxwX2Hfq5wBmRBLYupcmD4yFwJP5DAGyXKGSJt9jwhxDUrkuxazqufTy6xkWVSETRjVs5uc,t,3,399645.459937
2,stake1uxny3gcykgt5qxsyuwvw48exx56wf8rnhhdk7tjqplqkwfqvng56a,f,1,398999.832915
2,DdzFFzCqrht4AGyMQYosUtQzNNGdEqmN1vaV8Jm2jFEkbBrPZVw7PikpGpdQJNcBHj2NtFc1rgZ4x25fPEVxUbkyTxncVC4P4vYQFQtV,t,1,390689.819979
2,stake1u9syjjz72yumjuus538m0ktrfgm5jy4ly3zy3xk08m8k93c4put4e,f,1,386583.252270
2,addr1vxwl2hcuejm3pev35u0fmx52thgmrt76ag23hw5yeqv4j5qv2r9pz,t,1,385398.468885
2,DdzFFzCqrhsevTUVyqD4c8SFTFx4XBDFQSwaYk2BCc3nZLnri3twWL2hHrBWrWEpRJAseEPx72zAiqvKsM4F9Baask81Cro8DwL7M7X4,t,1,368710.426570
2,DdzFFzCqrhsqMHZJwrF9xLBNZcB7YSLf9BMGmD6X9tcvWZ5NGstpQvCmi5uiPv1FyTHMJDq7pgadwRZpCFW2F49ZZ5qkog7Fw2nK1XMa,t,5,368047.099895
2,addr1vx54jgkre6txzfjcwwj9mjn9vlhz4ahv62msl724zjsnjccz9d6gc,t,1,367000.000000
2,DdzFFzCqrhso56CF9jrcLMgXvL4j2wuhhAUDfGxYFjh3gdAE6QMoJpuyAJJ2nENRBYhQXiUJa4pia5s6UbtfqS2Xrn1iicQWRiZ4gBbj,t,1,365414.382931
2,stake1uxckj58pm0qtah420hzqj96xukvt5ujq63k8tvykp72s7zgt6w8nd,f,1,359000.000000
2,stake1uyudrk6f4hnyg6467keg7sm8akcjpp8gj6jc6xt9wkvp5kgec22dd,f,1,354082.013964
2,stake1u9847t2kk5zjcnwrkqau5vp47s2luzktcpdkargf4x535rspw3a8q,f,5,351408.459937
2,DdzFFzCqrhshffzAJng67FdEfrNrzFVXA1uXjG6ZwG8LyiSX9VRfasAWJacGeFEgcAtCWLSp3pks6ZHYUc5Wvgo5sNi5UsEnLBWPRjQs,t,1,339453.658267
2,addr1v8dy8a6gvlv0kxlpzvly4j5m2el4snewqxef9y4yltkqlygz7q8vg,t,1,338136.190529
2,DdzFFzCqrht1hxUg4iv2iq3kWUpSW8nrSt6ECoAaaDorPNU9mNQecifdRZoC3FcfqWQ4A7R3CpwhAsoiZ81DXunHDxNhHW2CZkscrPSr,t,1,337906.153494
2,addr1v9nn84g3sg9a55cs2x98c8hk0cvztan0xslfz7ahfj8z80s4wvd33,t,1,337435.663770
2,stake1u8snnxwcrqvdnw3m33f03wrtgfzec8qjax7m48nurama99g3gr9y8,f,1,331667.499575
2,addr1vy0wj3jgj2rde0vqfjs4mh43n3hnjgtjejhuhxru0lwnrrq4ym04d,t,2,326238.200000
2,stake1u85leh88caxw6vhzcns32ml8k0wlefgnyxawh059mlzzussaaava9,f,1,313198.616854
2,addr1v8kftzjj2q2sem8r3ev8vufvhqjqzkqr6alep4k0m7e7w7c9h8sfc,t,1,312799.133752
2,stake1u870q3tlyku4un99j8whjyr5fzygcw5939qm7nrq7rc49gqkm3w29,f,1,311283.480327
2,stake1uyk3v57x3rt7km4jjemn5x2lc3zck6nazy0l5rwt4x333sc8al4qg,f,6,300000.000000
2,Ae2tdPwUPEZ9tdPvpm4toYuR7eyrGbE95aHqBzc4AVYamEASDMucsWXb44r,t,4,295831.279916
2,DdzFFzCqrhsxNzbjWVrr9xv4nU1Y3SKJSjkkjGuq1U2TZobYK2NevNeVqDrJy3TcDRbjesjCa52u5yZvdk1Vy2SCVXDFusFS4Nm2N1ox,t,2,295443.000000
2,stake1uymzvsh0e429utyga6trhupy6fk34a3znh8zz3wfkvk5c9qxfpydk,f,4,287825.279916
2,DdzFFzCqrhtD9umjgWEt4DKG6Km4EKUNZboQsZRUi1BttinkGpFMU5X6CqmaGiiMegDbREGFFwHADvs2jwFFzZKs9hFYdJFzAd86wjAR,t,3,287791.459937
2,stake1u9x4mmlumrxtfv7xcthvvhk4qgf7tu2jjetv5d74kxtsu4qs4hv68,f,1,285773.991585
2,stake1uykvs62f57euhat5ypu9yxfske25vy4dtptmxc5crl2m3tczmnasm,f,3,281666.447103
2,stake1u9e2vk2fy225lkqh26u6hxzyqsxxe85sfpy325cesktmlugtjse5z,f,1,277515.819979
2,stake1uyl9hhfw6ypjl482w8xmcyujzdkfchwwqhxtkwxsjq5ffmqrjh9fh,f,1,276856.720907
2,DdzFFzCqrhskNxxVqqknm1Qy18rCTr2338su8SAUTr787wCgSWyMhYZEKAQRskF6TZJkxY8GKFqpPdcvmULyBEPcjM2Mhbg7rJ8jPHqN,t,1,271204.819979
2,stake1u9f32k37g3yx2yrynm42qfe4454wfwxvjz7n2ttkg7q5lfgu5m38y,f,1,261321.562179
2,addr1v9qqjas2rkedtpem88sjh28xez8x8u3vj7ty6ygnfjzacycgcdxt4,t,1,250000.000000
2,addr1vx7j284mqe59w2mka36gf5xq0hvu8ms2989553fk5qh3prcapfpj3,t,2,235372.662600
2,stake1ux5r7myfhycj234wpqyhh3h8skgwvq0hsstpw52f66857uq95cas6,f,3,233830.021749
2,DdzFFzCqrhsjbRW8KN8juJbdwJGn7AqgLkaXFevToDsc3LzgczfBLrbNQo1CZn9iRoYGeoint8u2MDfccaCMUFYzHWUPywa4aHha4avv,t,1,233569.645326
2,Ae2tdPwUPEYzoSkAhMyank7VY2NL6Z7Fm3mkagM5LHgz6qvRkYMxbq9fHSQ,t,2,229470.639958
2,stake1u8n0rkfkt7pvkgw0dmmsrv9lhvytwlc36rcjs948hf56qnsd6xcdx,f,1,229439.030461
2,addr1v83l2mszurn3q7g68xzcee8q24234zenghn3hfhx7gt0xjs3wgl8e,t,1,220179.650000
2,addr1vy52t2lhnufqvlwt6h9p7atur2etct4mv3lcyu2mzhtpd8qwm8t8r,t,2,218579.819979
2,stake1u8yuspwf57pxkwc9z6kakax4d2wuslwrlv5rjqhr25lsr6sjaul23,f,2,212131.792619
2,DdzFFzCqrht6ts5hn4hCFksZ3oTdvc1jvToLJXiPJzu6aWysHE2ifC3iVw8GCJ6hwDd6teZCCtCuDAWjM5psmdx4YjbK5wfbQGTJRU1B,t,1,210502.946162
2,DdzFFzCqrht8fFxd4cXTSatke1aA8XxfzsGgQouj6hexXWdEZuMGKUP43t5kYiWNuxnstQPomM3EqFPZXdNBiER5xBj6g5sZryQziAu7,t,1,209566.483009
2,Ae2tdPwUPEZHk6pFXcpemVWuumbHpgYhQLCwRMc6cqhx5qbVArpLbUmm5a1,t,2,205858.639958
2,DdzFFzCqrht4C2CvQKuCk4vKyjfFQT3NHRV9KmTUNkPDCEP5k65apxBzaTsjLonNgL7XhfEhFYD9Sc9zBtHZ3FUh7AhCSUHz5Yj8i42G,t,1,199999.819979
2,addr1v9zteemnqm87ml20npg2qfu0rhzyfx4jfrlypvyj964aheg8svpy6,t,1,199157.000000
2,stake1u8y4eqkt2xcr8vrm2576qy0z770wpqkv4lhke02pmevyu6gqwjweg,f,1,198323.935961
2,addr1v94hmtz2lwckuqlxefy08zyz20f8zdgz8gvu37thn5k2xes6ysayk,t,2,197829.639958
2,addr1vx3rdxaxgx33n5sxx5lkg0utqepq6q5qdn3erk3e4ff6h4sshxaj4,t,6,196424.719874
2,stake1uxw8tfdg5r5d88y2ljcfdm4spfqw94qg3qfs4ha3rm9uynqplzn6s,f,1,192334.449621
2,stake1u9frvl4a0wgmk4e28gu4asyqrd6ezd3wn3e2wdq4h3hn73q6dxecw,f,2,189243.298704
2,addr1v86r4623x2esthj695mzn4f5ect85uvlt7xz3245e3zkn4qeymc9d,t,3,186416.300000
2,addr1v8xs05fem33jmg9l6sk6gpmfh56snq63tnl606sm3cglaacqvgxh0,t,1,186178.000000
2,stake1u860z40m2kzd54utv28prslhuq5njmh6sjwdl3t9smy966q72dazc,f,1,183999.819979
2,stake1u8ctlkmtyfrv0x8x77upc2vqxax9hdzkf43kzfk04z0ls7s43gaf5,f,1,180930.105363
2,DdzFFzCqrht2srnmPxvMa4WUZcCik6wVhhLAXNx8LkYwLVkJqTcbwCSdWGA4DR2oxdkG6ZaQQZvpvP1JyEAwgjqPoX2hpCewnSrUhvKu,t,1,173441.819979
3,addr1v95sf69jcfhnmknvffwmfvlvnccatqwfjcyh0nlfc6gh5scta2yzg,t,696,1188025772.570641
3,addr1v9u7va2sktlnz8dp3qadpnxxlv4m03672jy6elmntlxxs7q9nnwl9,t,875,1093785260.751065
3,addr1v8v3auqmw0eszza3ww29ea2pwftuqrqqyu26zvzjq9dt2ncydzvs5,t,425,815764138.626121
3,addr1vypr00ss7hkqejmvh53xkyf0p9q0a4z2uprxmx6njc463vgst3pe4,t,229,470230609.129768
3,stake1uyqhe8zfcrs8py6xs9klhtx0q96wq3vzyak6z06ccrj4nxga7emtu,f,3,97651229.492098
3,addr1v8m0dvk84c7hg6rzul6h9f4998vtaqqrupw778vrw3e4ezqck7n2g,t,2,82911977.396442
3,stake1ux3v9cax8px3da46u9l0jjza78zq7ej6r2u3jxkvmaczs6grjkv73,f,1,80000000.000000
3,stake1uymzp8xqsh6e8x0pw7a5mm3hlfhrsuacy4pwae22jy8uz7qlgfsga,f,1,73464600.626930
3,addr1vy4nmtfc4jfftgqg369hs2ku6kvcncgzhkemq6mh0u3zgpslf59wr,t,25,70898160.160040
3,stake1u9vgulrn3al3l9ufwpq7hp0wm8g6nqdduemqn38z7guhn3sk46amt,f,1,70724267.471937
3,Ae2tdPwUPEZFSi1cTyL1ZL6bgixhc2vSy5heg6Zg9uP7PpumkAJ82Qprt8b,t,28,65409199.138820
3,DdzFFzCqrhsfszgyn6hc5jEPHfJ8BmnNHNxxTcoidPnrURntyQGX2MADLV1hVF872oavtxjj1h27pWHdoVhZg2HR5urwhkkBbbm56M3C,t,1,58623419.164740
3,stake1u80ynx47qt2dt2w7vmazw9qpdyd6d8fr44jtejphzun5m6sdd05an,f,29,49575254.040019
3,stake1u9jf5p23eqzsf84tq4x5csykz4xjkqc9jllh49g7p730xqghkfzd9,f,1,47767591.744280
3,Ae2tdPwUPEYwFx4dmJheyNPPYXtvHbJLeCaA96o6Y2iiUL18cAt7AizN2zG,t,3,46039557.667126
3,stake1uxz94d5eke582wwjc4f4n7ec6ddkdeldw4xk66yupx76fssl3r6f3,f,4,43214692.524289
3,addr1v9a8msz7yul8wet770njsfr5aqte89etjj80v6q9lyw5cks0gcuam,t,1,34573518.091210
3,addr1vx44alfg4v3x4c2ynwrdkdq69v83mn0ryyg7v7986phlgkssw8ltt,t,1,34573518.091210
3,stake1uym3nh503jku544302937xnnw50744aj63r6vm0rdq2gaycttg7uf,f,1,34500000.000000
3,stake1uyfxqvu90hd9nlmsc709aklwfequf96juhqljukxr7jzpaqwsh4lp,f,1,34500000.000000
3,stake1u97sjjensye59uvlcgxnacm974kgeenpldlpuayvlp7peeswf2pw8,f,1,34500000.000000
3,addr1v94725lv4umktv89cg2t04qjn4qq3p6l6zegvtx5esu2zuqfd487u,t,28,31972186.939623
3,stake1u96zspaqtjrwxyfp7c2cz0d5f95qt040uemmg2nl7flux2gd9spnc,f,6,29953467.082079
3,stake1uxf53lmw7479rehspdstly4vqmgrtsuzev5nghplh748wrsz8scjy,f,16,29145036.201904
3,addr1v80xf7597uqf0s5r74vvvlt5uspus2gzsddah5tmn4yj55gnkyzv9,t,1,28360990.994275
3,stake1u9w7x0secwr3uz397nl3zw4wc7w9su22rlc7v54p5q425xs9smajj,f,1,27063163.000000
3,stake1u9f9v0z5zzlldgx58n8tklphu8mf7h4jvp2j2gddluemnssjfnkzz,f,35,20256664.605939
3,stake1u8qg0xv5mgwfgqwjs3ks3r8gmj2rzjurq0ydwu3g2tw380g3j6rsl,f,1,16899875.533640
3,stake1u8sxrclt90rvlgj6y9sfpeun3n0e9fxpzjf62q3tenx8zggplypsk,f,2,15071405.550395
3,stake1uyr67khpjsten9va8yd383wq7uwpghs6uccn3fe24cxmxugtp7mwk,f,11,14265052.113638
3,stake1u833p40y8cm07ra9wgrqgp70z6khc5pttrena97c6en6p8c7pzxda,f,73,14250866.328161
3,stake1uyau4cjuzegpthfmkpeh0cjcy9vcm677dxsy6zwjtny826ca9j3ef,f,1,13886465.506360
3,stake1uxnfyqhzlqkhnapsj4lx4atsk0qv6meyggmh56pnmueecwg8xa9gt,f,6,13603298.017931
3,addr1v894f57ef27sk8dzjq06k6p86e0qk3t4q2d4nk5afp9f4rgncazk0,t,1,12936430.900000
3,stake1u9g3set27nzfff02hctuc8udjxfdzlqc7vn8ydsnepgxq7cx9ws2x,f,10,12100595.025368
3,stake1u8mpuh8edfzsfxkun76qj2ajjzt4dj077l6srjj35q4ennsutx4m5,f,1,11497400.879933
3,stake1u89xt5ewlfl0ww0a7zvn2ent0cmgl8yhh2865ppwzss9d4gltk92h,f,6,10838097.999948
3,stake1u9099geul4yunl2p9egn23j8ttqlex632fgq08au8j0m8xgypzvg0,f,1,10416438.162111
3,stake1u8tkr4lx97lkqw77apqcwfzkncfmd68xcarg9h2zeht2dxgh29hgn,f,11,10123883.094680
3,stake1uxttvx739dt505d6sxvdykj8336utdq2q92jk3sv253zp5qalcz84,f,3,9886401.535912
3,addr1v8mn6dmk7tf9u26kr09a05lmvc9j4k9d940a88ta3hdczqgyt7whl,t,31,9829579.162873
3,Ae2tdPwUPEYwNguM7TB3dMnZMfZxn1pjGHyGdjaF4mFqZF9L3bj6cdhiH8t,t,2,9563000.000000
3,stake1uykvs62f57euhat5ypu9yxfske25vy4dtptmxc5crl2m3tczmnasm,f,10,9204573.442258
3,stake1u9rdz0v6y58jx9t3qznpx2qxq5ppcqm6a5gtpe7t63lh9lqv8fg9s,f,2,8233496.693261
3,DdzFFzCqrhtBatWqyFge4w6M6VLgNUwRHiXTAg3xfQCUdTcjJxSrPHVZJBsQprUEc5pRhgMWQaGciTssoZVwrSKmG1fneZ1AeCtLgs5Y,t,13,7796110.548955
3,addr1vyz0g2ttx4tr2vy9galrvul5dma3gp5y23zz7n5zgyq552qjmqpny,t,2,7483338.397241
3,DdzFFzCqrht8U5wCYix5dwKdmgvSPNGmyzmc65tHSnyNg3aQZoL45giwke84LMckmrHhxDyLTeRUBfpf396ieRP3HG2cRCPTLUXD7wAK,t,1,7326966.121563
3,stake1uy0zkxq405sfdd63ruvcmfrm7gn0fht9my5muwyn7dselcgvsqynq,f,1,7066949.244059
3,addr1vxq0mxschnhutlzvzd4nr7puyvvrag4dxj268jdwncvcy8g5hn3kc,t,2,7024912.054431
3,addr1v9s999pae4sujg0ss59r8dwqll0aauqg8qfhvyd6jrft86ggg0lcp,t,2,7014429.185062
3,stake1uyuw296tfcd9mxppesghrun23s5gv5xnlkvets7fycp2qvg3p97s9,f,1,7000000.000000
3,stake1u8lrzrl2kyzrld0kylpaf75q2zsa3k6hxjddu8ex83yk5mcr0ndpc,f,1,6996532.336765
3,addr1v97gpkpj46fzltzqgzxvs02fgddf85z8zc06a9ae0rqw23gghyy04,t,3,6647402.538324
3,stake1uyuhcm0822fxzrf5xm458cy6l3dlfhtcjdd4ka3u542jcdq44x8a5,f,1,6343737.000000
3,stake1uxt2ggq005kfm3uwe89emy3ka2zgdtrpxfarvz6033l3fqgve6ku2,f,1,5999999.829373
3,stake1uy885wst4ccjf58mtstlrhgp5y5y9wgfpsqtqtuh4u4hctcfmcr80,f,1,5709507.747794
3,stake1uyg58xvhn7pmal7k0ml8d45jnvc30dla44r5lpsfv2z5r0gr93jsa,f,3,5570008.674242
3,addr1vxve43apgse3wh5xhf4t5eh90vkfd7wpw8kyxy9uyjw5jkszeurl2,t,1,5302099.569352
3,stake1u99yurkzdur22pazfpfthe2gu3rausz6cfll0fnc9w46flcnllj43,f,8,5108371.617152
3,stake1u9cun6zrn0rllpdtvj0par7m57752tp583vvsf3rhgnahtqxyd2qc,f,8,5058482.795253
3,addr1vycx4t5hz84n6juy40xgqkma9csn0f0wsx63cm6kvrwwcjqw4na35,t,1,5000000.000000
3,stake1uyqgnh98k99vknl7yl60le3dtcj0ha5vdjmnegr2ha9aqggcjvclw,f,1,5000000.000000
3,addr1v9364s58flr9tsm4hm4krhtd7cvxl8nqrjmvup9dfqjqhjqw7uk5k,t,1,4999990.000000
3,stake1uxhtp368c69yq0pwecz60xypal554mpwey30uj73cz8r6ccgh4su0,f,4,4992985.722758
3,stake1u8etv663naf44lnzttnyf0pl9jlqqd6nakca9jzjnu08ysqxqldgg,f,1,4670026.973344
3,stake1u9fzgtxcjdv4mxrjv668626rwdq2eys2tk2uh7r8tq5nlcqhnjhg8,f,1,4619123.376622
3,addr1v804tgee0m3ww7z93zh64wr9flqh9psdhnxg6cykfudgulg6f633p,t,41,4544505.095032
3,stake1u8xnvj99yft37zff02ag4fuhwj5qzp3qjrzuk7cd4wm2m3c8a4fur,f,24,4459414.432153
3,addr1v9c7f9fkwflmks4xu90ey2zlp4ra4wk8zzrngdg6znyhq7gsf9e8l,t,1,4457563.702500
3,stake1uxznvn29dcrgg862h4j8qvnhg6rdfxpkjk8tjz3yn6wwfjc5wcqm2,f,1,4378686.070326
3,stake1uyytcvy907n6zu09zxpjm4rgw44wcheymslkgq2nmyx4sjcygtefd,f,1,4298310.488270
3,stake1u8qeyq70rxuzj8yzvltrjjk0a7addz6u9yc35x5emd854ws9qev6e,f,1,4140262.938420
3,addr1vyzxl40nayl7m7n8mgzrnz47rw6amln6cgjd587wwatv05c0cqa2z,t,1,4100793.065900
3,stake1u864mcnlrulcd0xm2e8uvesm2d55c4jtyymcecwhc5usktgnsp7pk,f,1,4090294.717182
3,stake1uyd3ccjka7d7ykkyglmqr4j7zjudz08f7vun6pegp33ffxgvg2jyu,f,9,3921495.412123
3,DdzFFzCqrht3Gmi2RUHN8f728jPQCmpRnMibYjnQc6yp1gcbvENcEdG4kYqSbS9sQs5k9A2wmueUFm75eqhuN9DH88X4WFPZ6iGuR9Rj,t,8,3897821.509895
3,addr1vx73kqvsx9k6k26qkfwwqzgzh5nh99dpr9gmguayp6ae7hqzp32vn,t,1,3743777.237707
3,addr1v8d4u36r0kspkgq04u338ryej64rx2yvzxtwpp40tnydzscu59kd9,t,1,3605816.662674
3,addr1v9awyew0e9x79ueyl6uvf3mf5lktw085qeqlsafljpfyq7s8es2pt,t,1,3539280.714501
3,stake1uyg4fp8deynruc2jkm5mg4zxgmwjqq02u077a5swdp4t7wsttfmlp,f,1,3527322.949305
3,addr1vxurhnvszr7tcya06r0nk9t6vhvmvlrvheu0ne6ypa3qffq2klyay,t,1,3507023.079703
3,addr1v829lmpl02phgmkt8p20neply4t0nwp0v8gxu5wpnzzvssqanr8hm,t,12,3500003.379811
3,stake1u9nc2zdv49eynm0jstx4n47wv67e5ha4texen8jn0g8x5ssfcu2r5,f,4,3200000.000000
3,stake1u8wzsfttqkylfm6xkhnxnlpcvesx2kg65v56dhkmdm90t9gfmkr8c,f,1,3191345.253040
3,addr1v956e4kczrfcunenrxqzz908dwgct3jp0ll3qtf5tqpf9zqeawd72,t,1,3175269.605852
3,addr1vyykn570e6x0weurljw8dlra8xux24025xaawny309kpe9scylfv7,t,1,3089859.688983
3,stake1u8s23w7kal24tzlg0g3l896v3hm758zk8c2mhh3qzzekfdcun4vtj,f,2,3054254.278812
3,addr1vyt0j08qntyndlcdspl6xwa0gcadrlwmugyj2htxap3enqgcu6c7f,t,272,3014479.511443
3,stake1u9e0p38u5q2ga6mkjpu3gy70c5swx3ju8fal0h5s2kmp08qjxlqac,f,2,2759006.918569
3,addr1v9xhzs3wfglha049pammce977z6kvvya5qnwcx0husuk6xshu826k,t,1,2737356.085192
3,addr1v9a3j0xpkg3pgdgpm87jqv4mu9u3gjw5wxpyuujax7a2ldgu6uv6e,t,1,2600000.000000
3,stake1ux5l2qysp6nwjfgq6tza3v8wztgpww77rnp0la0fhujnk5srddjj7,f,7,2591757.525940
3,stake1u9qsg4p603amlkmrvnhzfme87gf82fj6f3asvxzhx6yk7ms6xjjfa,f,1,2572486.002117
3,addr1v8nh4ddhlfn4nexvv8muwulmg3zhdxc2w4suxvvleem7rrg0276hc,t,1,2543586.587708
3,stake1u9rh6ucawdqddla96snwjt4nc6r8l7m4g6f4a0s2g6rqqqq6208ql,f,1,2543008.298763
3,addr1vxspw26pacczy348mvg8maxvnat6d9xrdn8pgll98c42lkg7gnu3l,t,2,2541861.423518
3,stake1u8ejjt3u55lepswcfau5sy9j93fyxrvq76gtnahc8hsfnfs3tf70j,f,3,2494601.616459
3,stake1uyzawt8zx5wzt6el0v2pjy5ftlrdfze0vw5tn4g5a9zg3ssd3acff,f,7,2476715.582010
3,stake1uyssau2tk0y3hd46peesxuyn5tu3q9lp50wgth4he04fx9s7newde,f,1,2444305.156113
3,DdzFFzCqrhsqKhoiZ3Xz2LoKpj8idvnxp4yn5kGheJKnNV3vRyuTasNubsR23oCcV5ZGQRU58FYqpPVSEvj2ierUBYNUifG8WLfebgnA,t,9,2431565.739853
3,addr1vx3ysxp5pcljxq0jzcyf5ey2tqm92tlqrkppy978hd3e67smlye8l,t,1,2414572.597330
3,addr1vyclj8kr857fsj64j8j00pa32fyymnpcuw57t857v8py3xg8t0vqu,t,1,2414572.597330
3,addr1v9lendytst27cpcrht4w57fvytx4eq5tfua8aps05vz7tyg3r3ev3,t,1,2414572.597330
3,addr1vxuewrv6quv7mjqg9vrhz4srksvglwsafypj9u0h27llvhsm6frs8,t,1,2414572.597330
3,stake1uy8qghtnjvxce6705degxlzyzjkund3ef6fxq84pfkj06gce3axzp,f,3,2400000.000000
3,addr1v8adw2u5gm6klh7jr2eye3wq6plnkeuhnj2zqrrmyfv4mqs0yst0c,t,10,2243603.831457
3,addr1vx9pxvq7q7gjlputskayvpa0r6ye3vcq0hpam35fc3v9dvs966w5e,t,23,2223665.039748
3,stake1ux8mdd6uzj6dh4rhkj6rgehtf2d60j6ml996f6fd6d4rgkgwj3uz4,f,1,2203393.502824
3,addr1v8flhg6s093aalhvmupnpv4n9pgm0jgrxd02qef7wq48sqsuxxrsr,t,1,2200000.000000
3,stake1u8n0pwlvha3rnhfdqvpwe00jktkh2lf6a0dg09tthrqrwpslghaq6,f,1,2160196.377929
3,stake1uxgprz3q4hcjaw7uux7u8vkrlmu0t2fdul4skkmpwgzdskqujw746,f,2,2157193.014760
3,addr1v8h8dysuycpmtlnfpcwxvdvmgpgaq62glywawdy77ns85vc0swfj9,t,1,2145676.384061
3,addr1vyu0hct4p2cc386yx6v8shnxcmawn0a7jqpdynh36t4p52spa3v9a,t,2,2099843.818759
3,DdzFFzCqrhseuoUCU5SqkDxpLX2ii6L7bffzpWDifHeG1dmC9Y7goaYGKc1V8kc6eKuQ3m3pJG6n7YRGpKvX8651RyKrUSfVSyWbN4Ux,t,1,2032362.210536
3,stake1u87tyxdzrn9mqth4y5ejm6mcfqnq52dzjvz04n9s8j0fn6sdrxhaw,f,3,1966025.536986
3,stake1u9zsjf6nfr787nasg4kugqt6mtct35sz3hsgtxyq3xn2u9s5pm7s3,f,1,1895999.000000
3,stake1uxz367wa35qpk7dwgcehms729pjge5pjwzdhlj4jfm0pd9gfytzg2,f,1,1893023.603124
3,addr1vx4wd0gc4dswuxy0trxuuhagee35vamxfdj2ekklnyk2zyckz26mt,t,2,1889206.312981
3,stake1uxumqen09wpy75yz2un4r6m2q62xdwt7s8nnxujgyrgyrmscg76tt,f,1,1882887.226456
3,stake1u8jq7pjswms7l4cv6ccr38x9wyrnvsucg4vlrc4kfgxscaqpyk9vq,f,4,1817464.528369
3,addr1v8e3ynryzmzyjh3mdxe96t4hdxjdjnezwrceqx3y9psvw5sw7fpz9,t,1,1789974.834675
3,stake1uyucxkycrc70349xq3cxzahf4hkytyhr05lntfcg49hqpxsqlrayk,f,10,1764563.124615
3,addr1v8qxp9pka35tu6qh2l4jtdee027t63ydyqcavwqr6lstmmc7xlm6t,t,3,1710000.000000
3,addr1vy6jx9pplune3c0te4tva9sdl6tpae5dy492y0apw0x66gsn740gf,t,2,1702728.087403
3,stake1u9kdhzl28w9wde6mdl39zpwft9jfu70plcr0k8a2k8f5pngz7f3pt,f,2,1699174.621530
3,addr1v9nn84g3sg9a55cs2x98c8hk0cvztan0xslfz7ahfj8z80s4wvd33,t,2,1689659.795800
3,stake1u8vcul3cy54zzzxsr44fz9v40z0vyj92gz9qwqxdqhgwgxgjwtxfu,f,1,1664759.875750
3,Ae2tdPwUPEZ8a63pbDPDcz3aEHXipqdbaQyFLYL9SQsRvQrW9UJeppAqeZg,t,15,1661793.839748
3,addr1vysqyu9lf7nvwa0e8gse0nrjle4yw5decxyu58yk0c6taqqry3nwz,t,1,1629214.707772
3,stake1uyk3v57x3rt7km4jjemn5x2lc3zck6nazy0l5rwt4x333sc8al4qg,f,23,1579547.973740
3,stake1u9x4mmlumrxtfv7xcthvvhk4qgf7tu2jjetv5d74kxtsu4qs4hv68,f,2,1578136.201519
3,stake1u80f4qd8n7a9nwxxsdsheglsuaa5sh3354fmgvzetxtgdvg3h85mf,f,1,1567402.130003
3,DdzFFzCqrhssn3mHcVK7LWt5oUncnPg5PjAzm13AYyi6fbmGEB2Vs6XiWZyTAmLQAYRcaTDSasxA9V3PYcjCHJdd2qqFdHkr5vMdT2aF,t,1,1552190.322473
3,addr1vyd6wlmu7nshmysv4jnphhzxagd7nz7h02ejd46x8e8kcrgyrrpj9,t,3,1518492.190531
3,stake1u9ukf0ck9m3k9pwh6dg8g6s5ggyac0am2tvlgsxjgctqqxqtpne3s,f,5,1492100.593298
3,addr1vxxj8rwwalqqw2wnzysamv9jmv6w6lcsn6dcrg4dtjyquccayfhvl,t,1,1482048.063871
3,addr1v8028qx4wtxspryxa6wsff7r4f4nz3dthdpl3dpmqgcmkqc4qk5l8,t,3,1451336.000000
3,stake1u8vdhpdgys5nfj9p2509nr88cmfg7rdwu0rv7thhq09qwqqs095e7,f,1,1433395.724504
3,addr1vx7j284mqe59w2mka36gf5xq0hvu8ms2989553fk5qh3prcapfpj3,t,17,1422576.404145
3,stake1ux86ddtfap8qy5lr9s3ldsx6u9s3uy5ekxactg464kvy39cskxhje,f,1,1401778.899690
3,addr1v9wy89fq4vctrvvdt3eaf5lny8fvrpc0zfm4qersweq9atqpjfure,t,1,1362508.963009
3,addr1v82a238a2zaehrpqtyfc2z6xgmnw8wfu8apx6qmz83s3tlq23g0ze,t,1,1341553.812939
3,stake1u9afphw0vh5htqhx9ch76v2nfvk25ux5cz7cpl3evcte9ugugwlww,f,1,1341312.989911
3,addr1vxxkaykus895qyvtq3248w2p7sm54f295590j07gsx6kqpscxztdq,t,1,1321186.194259
3,addr1vy0wj3jgj2rde0vqfjs4mh43n3hnjgtjejhuhxru0lwnrrq4ym04d,t,6,1278705.819979
3,addr1vy94mhvz006xexgeypx7450rwv3hn2395d7y9xh656w50xsh3ms9j,t,1,1271267.601404
3,addr1vxtj3z3zck7j60j55fkpkf0vf7nw9p8n75pcze2xqgh03nclpekeq,t,1,1252184.534900
3,addr1vynryean2ftlkj5gp6l3dphm8722xq7zacy0l0f0czkzrpqc5a8rc,t,1,1239003.690133
3,addr1vxfycd0nmz97f7j38hzrd5uvsrq4jradq2v4g2p8zr3fcsq2ymgc9,t,1,1231164.034488
3,addr1vxq304lyzyfd6juya5yer5wdlmu6s782m408a2z554tu5ysn3gn95,t,1,1207125.277070
3,stake1u9xuuarxury6acd82efafgav5zxv8jjn9kx7dgnc7vqmxgca6vspq,f,2,1207101.902459
3,addr1v86e8f6fc9kfpp90drg009nc2dyksdsuzalw0ykxypvj3zcmdf0ru,t,1,1200408.474743
3,DdzFFzCqrhsza6ocP4UHoU1mX9jciDkfhyjDgxbC6T9c5jiHMcKKvcGiN8vg1CnTJ94FfHUvZR83BSvJ266zHzpEFx55jRo5rhp7pkQP,t,1,1162037.944785
3,stake1uydztmysf6quz5c30dv6upa2u6d5jn77um4ap8ynn04fuzsap4n2e,f,21,1161465.810697
3,stake1uyupx2y9nx89z6hldlpey3x649j2zxylffe7cn34hf5t5tgmrxmak,f,1,1122343.284980
3,stake1u88zeazj5xy8uamz47rqswpjvn9zmsyg78ahklfmku2k35g2qlaaj,f,1,1115600.243559
3,addr1vxuzsx5nmd0wacele8pfagsf8hu77wqr2qhxaxkmc84umgsa4l6vl,t,1,1106426.492955
3,DdzFFzCqrhsnfp4ikZndgVnS46P7oin2vY5vM7uwqNMY3G5kSC3NEjmSTVaau4HipTc2frntqUZqTjouNRFfr8j38rqWxirKnTtBqzbh,t,8,1087436.770000
3,stake1u9syjjz72yumjuus538m0ktrfgm5jy4ly3zy3xk08m8k93c4put4e,f,3,1085325.074349
3,DdzFFzCqrhseYWTM4jjs9Nrh8awVpZH32RzJurLwiKyAZ3fRJzN5B1mi9m4h4Pqqxkjd6k22AEgZGmzcSMvxcYmzKbU6AQR55RaiTdGM,t,1,1082844.276055
3,addr1vx4xtaygfphenazekj2n6q4azd0cflm333s5fqz9dfr6sqq5m594l,t,1,1073247.944651
3,addr1vyatyh5z6eltfp77fwnhzehp4wcqjv3n6mu2nlc9ezxrqysje4xpl,t,1,1070048.410655
3,addr1vxv63ke74rlfkaxfwufx050alazpqmgz7fs2x4sm3rm93cqsg302w,t,1,1055151.871077
3,stake1ux9w49e8vc79qzptjsy75799t744trkqua2p6ct4yrqqqpsuhpd83,f,1,1024685.515147
3,addr1vxgfsvx4w7ea68n67tyvqrt8w5e7yktd95j39txg4k3t0ega8lhr2,t,1,1004927.257102
3,stake1u9cp6hfrsvqc0jn9eeskdtk3l7usqaa35lm925f7usqtzhsy472z0,f,1,1000000.000000
3,stake1uy333ee3rnt5l4pl75fsfynnzsrhlurtpanq03wjm26sj2qr87xm9,f,1,999999.000000
3,stake1u92lq530mpyr8t0d060gr2hvxpg8dwu2v6f5xvpjzuqr3dg4px55j,f,1,999999.000000
3,addr1vyjezs9tu9ppp0seq49dl3vpwv0njj6su0fer6q8gf5jwqg6vavue,t,1,963315.775714
3,stake1u87lpc828j62f558svy3dujgfth4kcegx4mdsxdetwhnn3gzvqhgg,f,1,962837.503462
3,stake1u8afgl4qdnf2rrrusasm6lp9dn6jljcq49n4dmhtddncxdqr9nvsv,f,2,953878.004315
3,stake1u82f8x0ul3r42dxe8tgz39n2pe0z6qddzr299mghavjgdpgl8qvgs,f,1,945290.265677
3,addr1v845f02vrv8ccn0m5vm0ys2xrh48slnaqtnhqj03rpj7l3s2ktnuy,t,1,940157.537676
3,addr1w9qzpelu9hn45pefc0xr4ac4kdxeswq7pndul2vuj59u8tqaxdznu,t,2,933224.592747
3,addr1vxy9ag8nc823k0l760ku8vsks835mg67ggwhfsdp60mcc6qpjh6nh,t,1,931068.585553
3,addr1v8m6py73y76n9tyactudu8w7pjh2flpjwlcjecje6mazh0cqxus4n,t,6,921781.279916
3,stake1uxnahfm744jqetweykux94225r23zenvwal35pzdx5nk7ncel34hk,f,1,908346.817093
3,addr1v85leg239yugj2ctrqypd7w0dtugk48s96yf04uayfedupct3ux4h,t,1,901225.286030
3,stake1u9hvtsfujlj7yqf9e6n4vhhj62zrrrkylrtk7x4l679fhcc9jdkay,f,1,875677.460735
3,addr1v90d2qf0v874vdh5mn6gcls450e9l0a0lnem4w4fm8cgcsgt6ygv9,t,1,872298.715396
3,addr1vxsqjwjray638l2f0kmkc0nx4f6mh78m25qnepdhh0amuac39r2qk,t,2,866345.824410
3,addr1vxxcfxd44nncs5dudsu2897sdyzx2anyy42qyu064qz9ezcelny9r,t,1,865007.397767
3,addr1v8yzqeaelcnlnv74nxclqcgqsugqfe267jkfmqxukm0fn2gzgghtl,t,1,864742.935108
3,stake1u95u9drhsymdk4h2tj0gnuwhnqlu2v3jmr6vk5hkjrxzntgqshnww,f,1,863762.494972
3,stake1u870q3tlyku4un99j8whjyr5fzygcw5939qm7nrq7rc49gqkm3w29,f,1,847860.370860
3,stake1uygc8k40rwk49l27up8erdvh75v5qykcxg0w2ch55qx496qjyy9ve,f,1,836161.280582
3,addr1vy428glax7tkqlyud5wjddw85adnaavff3gf0s7ghwed3qc94aqlv,t,1,830394.060262
3,addr1v9hmvx38z54353a2dm64txdmxzwhn72tzcgcwjzd7qnls7qv4tenn,t,1,811936.157804
3,addr1vxjrmfkc7a475x3yudsm659vrnqnus7em48wgdnhyjf9wvsgkh625,t,1,803214.200000
3,stake1u8yr90g09a2znm4ylaspctgyteuslnrfn6flnntxkka2ysgy2750z,f,1,765390.572044
3,DdzFFzCqrhsoDehMNNjTRxuTiRiLtSvaDvxwX2Hfq5wBmRBLYupcmD4yFwJP5DAGyXKGSJt9jwhxDUrkuxazqufTy6xkWVSETRjVs5uc,t,6,762343.099895
3,stake1u8mgse9r8zhgakqlvyg5mptuk63ptj8xsk49csaur7reenswvw0x5,f,1,759872.401327
3,stake1uxt2ssy50m7gwj29zd6aemspsn4f4hd5ld8c2w55epds4mca96uqs,f,1,754564.571060
3,stake1uxvjxgpqx2trzkyhyt0w7cqazwc3pfstmkga70p7w26u2ng9t8xvr,f,1,738669.421702
3,stake1u93fwlmwsuyyt325kkd7peqh77lfmvf72e6gksm34ysw5cgvlny2q,f,2,735853.186781
3,stake1u8fjlrychu852t3cy90h6wyt6wlsld46nr0k4eavjezz8mgxyxwdd,f,8,727144.393199
3,addr1v9f63cfp964rxwpk7m0dgpgadjvujrpdzwsq4f9j76qev2ckh9rny,t,1,723225.000000
3,DdzFFzCqrhtCrSmf2j5gm5cBRi2fcf7C6TJFY43FCXAgX3pgJyVJLkS4dVYi7NygD7bxDB42mPHuhvic8SwKbHPcBSqnYr21QFLS8Aus,t,1,715679.725770
3,addr1vyj6yw7v8zsk6a34av6zl84wlz79jcm3vmgm63eq6aq7kjs4uny3f,t,1,715195.172729
3,stake1uykl92xj62q9juxfc2qcunt8w5w90v00dylva7chavmk63s0jwxkr,f,1,704127.719618
