stake_address,first_round,withdrawal_txs
stake1u84u9k7yjnujla4stf25q23r0tcxyj0stmzadwam4k98g3s0euwyc,0,307
stake1u9j7tecyajslj3lk9pmnrd9456fpfdsnqufpd6vmnwqzg2qkzjl27,0,308
stake1u9ku4ja8eeens3hxmq26f53v6ujlymz6apyyfhm9g5rpvvqtur40t,0,307
stake1u9xs3xep7gyjxpxrfv0el7xm2gctntk88ax789zcrlwue3c2xzevu,0,307
stake1ux47d7aa3l8vk2pf0v6jlj39t00y7lagf68pewgw2cxkcasfmqr5h,0,307
stake1uxasl8h59m07npqm2fvf7jnfh4etfpufxnpr3d7wzx2nuzqfvwhyv,0,309
stake1uyclu4dwn93kvnn786x35efaj5nnfa05dd6w92fjgn6nwxcdg7hpg,0,307
stake1uylhqtxx5ng4tawhcs9n7jgls0mm3q7ely5r565mdz2upqqw8f05q,0,307
stake1u82k3t706l77fncvq2fn49specvp2q74dvlf7jkdur8wkwqf9u75v,1,201
stake1u839gnp9kvyd8hhw3nskp08wt868y0fnjdncp0psyyykdusjh7s5j,1,310
stake1u87tyxdzrn9mqth4y5ejm6mcfqnq52dzjvz04n9s8j0fn6sdrxhaw,1,196
stake1u88zeazj5xy8uamz47rqswpjvn9zmsyg78ahklfmku2k35g2qlaaj,1,308
stake1u8crtndmpus4uqq4u3yg6z2y3a402rwym450cjz7r6dnq0cgqzsgc,1,111
stake1u8e2z3hujdqrvl2zc9p4qwh4vk5zykdxwg2f8qcgavjs60sfahv2j,1,307
stake1u8ejjt3u55lepswcfau5sy9j93fyxrvq76gtnahc8hsfnfs3tf70j,1,208
stake1u8f6v24kuva0lyn3v7wtx2d8kmxtq474cznuekj7vk2zw0qhaw5js,1,18
stake1u8m8lgr5u65kdhc3u2p7ahxdtj7cwh2lxgjemy7975emyqs80f929,1,129
stake1u8n0pwlvha3rnhfdqvpwe00jktkh2lf6a0dg09tthrqrwpslghaq6,1,268
stake1u8n88jdmchazhgd23mwc3cezsf6mmmk4f3k69pekg8yd4acpnzxyd,1,308
stake1u8nfjumfactw34nck4hpsrrz8vtcvqjx25rg3ejwmdgjk4g7hf2wr,1,281
stake1u8tkr4lx97lkqw77apqcwfzkncfmd68xcarg9h2zeht2dxgh29hgn,1,212
stake1u8v4y8vxxlcd2lxkj34vgdtyzq2q4tucjfeq3gd8r2mflqsxw7vur,1,14
stake1u8vfctapg79ytgtnehsm3rx8rwqt9k3tzuav6dz0qjhc2usfqfrcm,1,113
stake1u8yr90g09a2znm4ylaspctgyteuslnrfn6flnntxkka2ysgy2750z,1,307
stake1u8zp3xhrfyc8dnp23fdf024g3xnce5lgxe33ak636ufxhngc69s9c,1,286
stake1u909uw2aey5ccvkltvjtreqt9vpqeul9zxryuzfj94x3vsc6ekql7,1,94
stake1u90k27vvycsnksgwrslmqryqyweh79r3zcp5hh2t92n65mgkqezp5,1,307
stake1u93fwlmwsuyyt325kkd7peqh77lfmvf72e6gksm34ysw5cgvlny2q,1,222
stake1u94hd85km4c2dsvu59pfmwzqjjdqm6ph2xlqpuyg4wc77ds6gq28k,1,16
stake1u970ch6knl4j2wl4whfkrfdv5uj9u2uwemtnzdfhhzvv7ag7tcnr4,1,308
stake1u97sjjensye59uvlcgxnacm974kgeenpldlpuayvlp7peeswf2pw8,1,215
stake1u99h97gvv3mar3cwh3nzxttnqh959fwcms3z9wpslygv70gn5p6xg,1,308
stake1u99yurkzdur22pazfpfthe2gu3rausz6cfll0fnc9w46flcnllj43,1,270
stake1u9cun6zrn0rllpdtvj0par7m57752tp583vvsf3rhgnahtqxyd2qc,1,244
stake1u9ezcu22ysh0kzqrkwdg57gu8dztghz4v8sz47mur4m0gggfhcg6q,1,270
stake1u9hvtsfujlj7yqf9e6n4vhhj62zrrrkylrtk7x4l679fhcc9jdkay,1,295
stake1u9mnjnz0vw2c7dm9g5nqgthse4us3ae6t8wdrfanp8gm6hqhw5ydx,1,215
stake1u9p6rw23vxyt8vj85zctk59e3l5m93hszhmrhlyveu4r8jgcnecxg,1,215
stake1u9q6nedpj7kt7pm9sxgtu4sq37jgxk0lyfvs4wvdvz0tm2czk759g,1,307
stake1u9qsg4p603amlkmrvnhzfme87gf82fj6f3asvxzhx6yk7ms6xjjfa,1,277
stake1u9syjjz72yumjuus538m0ktrfgm5jy4ly3zy3xk08m8k93c4put4e,1,112
stake1u9xkxdzv8f275qx8scx8v7qt0qrzyf804lczcp0fayq375s4d6az0,1,131
stake1u9xuuarxury6acd82efafgav5zxv8jjn9kx7dgnc7vqmxgca6vspq,1,273
stake1ux045sg3s2xd283d66xq3w22lyd89mtzy8lhcwjt2upxdwq90z9xv,1,13
stake1ux24wray2ta04tp2n2lpwpy5psesalc0qv2lvyze3rqw9mqjp2ylt,1,308
stake1ux4cr3llg2p20yxvgawlvqdx09n7yg48ty5yzp6jttckmjcdfckj4,1,16
stake1ux56fz2fqdycds6gquldk2tpkuyyp8ntlmp86jp5lg9qz6s90hyhh,1,16
stake1uxe4t8cpsftrxrylxv0dqvr3709z8xej88eq4jwm25yyuwckfxrgz,1,293
stake1uxere7r6krpajagpe26254pknqraalm4ungtlc2gzy4j09cuqfyne,1,197
stake1uxf8u49a6p8plqfj5jf59739wdy3ksgtu3t2p6nfdf7uvkg5w0fac,1,15
stake1uxghxrup8sec7n5zsysjrvgextaj62mfy3n5078mu3zaxlgj3crd6,1,111
stake1uxgncgzw3009p07r9e0rs6n0f50asnch069gj6aydh0l50qgh84np,1,13
stake1uxgprz3q4hcjaw7uux7u8vkrlmu0t2fdul4skkmpwgzdskqujw746,1,308
stake1uxgvmw0xzepg6lxh7vurkwfmhmckvyf60ld58ak3tugzhaqt6mmqr,1,237
stake1uxldwgnlv6ktx29xknutvf353kfrqymf8xgn36zj4v9h55g59w69h,1,113
stake1uxnahfm744jqetweykux94225r23zenvwal35pzdx5nk7ncel34hk,1,305
stake1uxnqywfn4puhs25hs505suku79mg8fsyfhg27w4t70lwdnqst0ztk,1,94
stake1uxqzfuvxfrlval94umaaelljmnrma7hvyzh57gckztv4qfqa249an,1,15
stake1uxtnm2vyx8yw8hdetyzpt8w3emktfkkdv8wu7g6e5pu38cs39hthf,1,17
stake1uxumqen09wpy75yz2un4r6m2q62xdwt7s8nnxujgyrgyrmscg76tt,1,253
stake1uxvv6chm2fh5vg9jygkvq2la6zkgamp29c5dqvg2e37dg8cpyjlvf,1,10
stake1uxw8tfdg5r5d88y2ljcfdm4spfqw94qg3qfs4ha3rm9uynqplzn6s,1,302
stake1uxwu054js5dmp3kma74kxmzejmy7mfg3wvtx8jpuh299ufg34uk4s,1,308
stake1uxxxfrc883r6yw8va9gsc0607lggzu4skaynq2jl4nlsgccmj22tv,1,293
stake1uxxyytc3fcuevdm7ewx7eql2qf0mcrddfut5y8h05lzmwvs3x5apg,1,307
stake1uxzrxhldtl5ad5g5au27mze4e3mjud9s2g9cc8dlqyjyh8qmsxr5p,1,307
stake1uy0hctwkd0kqxry2xk95gvkednek4n0zvfy4cpxwhh875xqkdsp36,1,291
stake1uy0zkxq405sfdd63ruvcmfrm7gn0fht9my5muwyn7dselcgvsqynq,1,221
stake1uy3t60lcq7sqq3mnahr4kxcf75j2770uv22kj6xr8pslatgfg5rk5,1,299
stake1uy4x68z8qlstyy92rdruvwyhhfayk3h7tc08cvmkj58xhjcpkhu9z,1,18
stake1uy4y62nqezk7ckmslyuw532nmm60tz68jq7qnj2f2hqfyzq0n39cn,1,265
stake1uy6ntuel4dghfatzg6f4tnyspe9tyk9swunrl4jnze2r9rg73pvlj,1,292
stake1uycpuensksew5q847a3yng79tkjlx0ql5s37s4jt0ny7k7cfeywsz,1,75
stake1uyct93wdmd8c074tnuqkafm5060m57pw0t6ywpyr6cc0raqddd5ql,1,215
stake1uyd3ccjka7d7ykkyglmqr4j7zjudz08f7vun6pegp33ffxgvg2jyu,1,265
stake1uyfxqvu90hd9nlmsc709aklwfequf96juhqljukxr7jzpaqwsh4lp,1,10
stake1uyghq5fwp0l2rkpcxkwmgyt5776sv5hvs25wt4jm7hrr2jg9t0kfp,1,111
stake1uyh9hw3lll8gr6k9um9a24a8pcyz6yj4aq9ld9u5l43q96sdg2ay9,1,111
stake1uyhv70lq3rrmt4xxn3z9z05ddjhnfz2mk2ekr89paeqxxecylupfp,1,16
stake1uyk4dvkyx9avg2wrtqk9qylyuwkfe34tqxzawc54cn66j5qeejr6r,1,260
stake1uym6v8wuws4g8sk336k5h7dwujl9llsfpfgt6hp42sj332safd758,1,309
stake1uynsac74dcvw940vk86wgkzxu80emld2tmwlwut470h5t5q026fhw,1,11
stake1uypu4ykcpjpgtnewvyvzl9sfg47zqc7cywkrq8aqeuxnaec8y9qar,1,113
stake1uystea99325jdg0qmzdgwhn5s54rv2ugtdf5lq362mwq9tqu7ncdm,1,225
stake1uyuznshe6qagevyg85sm2yjelad4wdhjagxap5rvalynyzgmjmhud,1,16
stake1uyv7u4rpvcv5vpv03ugf6rr8ydt3qyjy682xfkzs4snyqss7zayjf,1,307
stake1uyyl9720cgufzexqxr4qlcwe9ymd7gu2ls3c9dxryrlp7ugajlkc7,1,19
stake1uyz07qlqhrj56new4k89cvwfz8t4g2g07t7wky20rafn56sjt693u,1,250
stake1uyzawt8zx5wzt6el0v2pjy5ftlrdfze0vw5tn4g5a9zg3ssd3acff,1,139
stake1u8frdfav0ynjfn5c2q4wk54awjx8wk0kc4tf4hzkk2mvcpstqeh6g,2,12
stake1u8qg0xv5mgwfgqwjs3ks3r8gmj2rzjurq0ydwu3g2tw380g3j6rsl,2,19
stake1u8t84tvkjz9cq53c5p3lthamzwac9vkc7u0g7vjml20gd9cdg2ekl,2,16
stake1u8w45rk62ctwng3sk7566za5csw904t2fayjld4xpt0h7kceqcyzr,2,12
stake1u8wstmnw7dyrynp5yw9pxzjtnmr8uq57rk5d6uua5d2l0scjyd5x7,2,13
stake1u8wzsfttqkylfm6xkhnxnlpcvesx2kg65v56dhkmdm90t9gfmkr8c,2,18
stake1u8y5wvzl70uhf4saelfd2e2qr4t5flg9z9feu4l8ujrmy0qhcdr2l,2,11
stake1u94xkexfh54yvzk26r3fxy5xv5ltq9fsavgvmjx54jzddush3v83v,2,16
stake1u98tlzzv8tmurf5xypzpj0a50mchwjjxs4ptr5pwnqjhzzgw8faqn,2,13
stake1u9afphw0vh5htqhx9ch76v2nfvk25ux5cz7cpl3evcte9ugugwlww,2,12
stake1u9egh4w3lup0cjgmujussljs35x9a2recqfgvevzs6rezpcndwdsu,2,15
stake1u9f3d7ksntme28nle2c2p2zpq9334vtnyv8wld4vmtn0kaspdmx74,2,19
stake1u9f7jzpwqrgwxxc9ma8amjzvu26n6c8xcxcxyn9h3jqy2vgpq8zqs,2,17
stake1u9m9gm5lc4259n9sruc8d3cgam9k0f0krdylqs0p0dntzzss7e5gv,2,19
stake1u9q3sfzwq4x542spmf3r2kswhrzdryfjy3htkjevnq9tgqsh6gc6r,2,15
stake1u9rh6ucawdqddla96snwjt4nc6r8l7m4g6f4a0s2g6rqqqq6208ql,2,17
stake1u9rt2uymmhgf80w4zwgcla5e69rpz6xq4j4nrrw5gx4yn4c88ycez,2,14
stake1ux2jhmwtf0uw7nrwc0t3e2en88whjtjcn525ffzqknevskcye2v5p,2,19
stake1ux96wfszeylp92v8gvc9n94htwnm3y3yxrgys7v54e0paxc952eum,2,13
stake1uxsylehgc33v3rpd2xajkmnsqa0cragt25c4x62qkmucjpqyak2jp,2,11
stake1uxyu2ypd7rptwlneec2dv686szan2zlptsmq63a5safq6ssptphea,2,12
stake1uy2g37qx3haqw9lj9a7z6wds5ff6n3qfen6d0tghy0fwyrszng987,2,13
stake1uy2umq66zp8cqdlluc6fzd5uc6ly7vaqyq887s99q07aarq9yyu83,2,18
stake1uy4kksweys6elwzl40r2m2ceqxu36n786myn4rc9evd4f3qm6nfzx,2,15
stake1uyjl0zthm0vpy3ga89ugdfjhq77fe0yw8pqhwztvtrg709cwea58h,2,12
stake1uym3nh503jku544302937xnnw50744aj63r6vm0rdq2gaycttg7uf,2,19
