stake_address,total_output_rows,current_utxos,current_ada,first_received_time,last_received_time,last_outgoing_time,stake_key_registered,pool_delegation_certs,current_pool_bech32,latest_pool_cert_time,latest_pool_active_epoch,drep_delegation_certs,current_drep,latest_drep_cert_time,rewards_earned_ada,last_reward_spendable_epoch,withdrawal_count,rewards_withdrawn_ada,last_withdrawal_time,rewards_unclaimed_ada,behavior_class,root_combo,dormant_years,never_spent,principal_static,keys_alive_recent_cert,recently_active,rewards_never_withdrawn,institutional_passivity,batch_operated,currently_holding,custody_pattern,fe_control_consistency
stake1u839gnp9kvyd8hhw3nskp08wt868y0fnjdncp0psyyykdusjh7s5j,130,110,35000002.396360,2021-12-09 23:58:03,2025-04-07 13:11:16,2025-02-18 20:10:06,t,4,pool1qc05c76autq4235sq20zu4vjwtl5m0xn4mxq9kg6e66uwz95kd4,2022-03-22 22:23:13,330,1,drep_always_abstain,2025-02-09 22:21:38,3873977.891404,641,310,3865004.779571,2026-06-29 01:03:24,8973.111833,,,1.37,False,False,True,False,False,False,False,True,MIXED,MEDIUM
stake1u8n0pwlvha3rnhfdqvpwe00jktkh2lf6a0dg09tthrqrwpslghaq6,34,23,35000002.396360,2022-10-07 12:00:59,2025-04-07 13:11:16,2023-06-13 00:40:13,t,1,pool104z3yr7faqhck6wcsczhmqrrpdeparcr8juw8unxy8tm6xp447d,2022-07-27 00:16:32,355,1,drep_always_abstain,2025-02-09 21:18:21,3280931.708379,641,268,3269672.754512,2026-06-29 00:17:11,11258.953867,,,3.06,False,True,True,False,False,False,False,True,CERT_ACTIVE_PRINCIPAL_STATIC,MEDIUM
stake1u8n88jdmchazhgd23mwc3cezsf6mmmk4f3k69pekg8yd4acpnzxyd,21,16,35000002.396360,2022-01-27 15:40:53,2025-04-07 13:11:16,2023-02-07 21:30:24,t,1,pool1njjr0zn7uvydjy8067nprgwlyxqnznp9wgllfnag24nycgkda25,2022-03-21 17:29:02,329,1,drep_always_abstain,2025-02-09 21:16:52,4082361.447526,641,308,4072673.394460,2026-06-29 00:07:08,9688.053066,,,3.40,False,True,True,False,False,False,False,True,CERT_ACTIVE_PRINCIPAL_STATIC,MEDIUM
stake1u9ezcu22ysh0kzqrkwdg57gu8dztghz4v8sz47mur4m0gggfhcg6q,10,4,35000002.396360,2022-09-27 12:00:16,2025-04-07 13:11:16,2023-02-16 20:30:24,t,1,pool104z3yr7faqhck6wcsczhmqrrpdeparcr8juw8unxy8tm6xp447d,2022-07-27 00:05:49,355,1,drep_always_abstain,2025-02-09 21:14:44,3073163.229556,641,270,3061904.275689,2026-06-29 00:06:35,11258.953867,,,3.38,False,True,True,False,False,False,False,True,CERT_ACTIVE_PRINCIPAL_STATIC,MEDIUM
stake1u9hvtsfujlj7yqf9e6n4vhhj62zrrrkylrtk7x4l679fhcc9jdkay,76,17,35000002.396360,2022-05-19 21:31:05,2025-04-07 13:11:16,2023-01-24 21:50:39,t,1,pool14xq8v9s80ut6vmwp93tzhlydhsdqhxk3e9jerl2kl7hm2dq6pru,2022-03-25 21:35:58,330,1,drep_always_abstain,2025-02-09 21:19:23,3850562.953002,641,295,3836910.144549,2026-06-29 00:59:36,13652.808453,,,3.44,False,True,True,False,False,False,False,True,CERT_ACTIVE_PRINCIPAL_STATIC,MEDIUM
stake1uyv7u4rpvcv5vpv03ugf6rr8ydt3qyjy682xfkzs4snyqss7zayjf,54,35,35000002.396360,2022-01-27 15:40:33,2025-04-07 13:11:16,2025-03-19 00:10:21,t,1,pool1njjr0zn7uvydjy8067nprgwlyxqnznp9wgllfnag24nycgkda25,2022-03-21 17:30:06,329,1,drep_always_abstain,2025-02-09 18:54:09,4080476.399307,641,307,4070788.346241,2026-06-29 00:24:05,9688.053066,,,1.29,False,False,True,False,False,False,False,True,MIXED,MEDIUM
stake1u88zeazj5xy8uamz47rqswpjvn9zmsyg78ahklfmku2k35g2qlaaj,71,45,35000000.000000,2022-01-28 17:24:46,2025-12-17 12:00:49,2025-12-16 12:01:16,t,1,pool16e43yxx4djcvnsunwgrm8tnph0ljrt3p9tnezu3qvtcwzh4zwwa,2022-03-21 18:50:07,329,1,drep_always_abstain,2025-02-10 02:00:16,3912362.793218,641,308,3902103.269917,2026-06-29 00:34:13,10259.523301,,,0.55,False,False,True,False,False,False,False,True,MIXED,MEDIUM
stake1u8e2z3hujdqrvl2zc9p4qwh4vk5zykdxwg2f8qcgavjs60sfahv2j,23,10,35000000.000000,2022-01-31 11:32:55,2023-09-28 08:44:19,2023-08-10 20:40:11,t,1,pool13s5faca3kkg6jhqcll8xd9tarur3zkhalyuu92d5g87zyj4wrrc,2022-03-21 19:14:40,329,1,drep_always_abstain,2025-02-10 03:05:33,3768660.913262,641,307,3760114.309679,2026-06-29 00:04:58,8546.603583,,,2.90,False,True,True,False,False,False,False,True,CERT_ACTIVE_PRINCIPAL_STATIC,MEDIUM
stake1u8nfjumfactw34nck4hpsrrz8vtcvqjx25rg3ejwmdgjk4g7hf2wr,26,2,35000000.000000,2022-07-28 00:01:43,2023-09-28 08:43:16,2023-03-06 20:00:12,t,1,pool143d6z506u6yfufgzrtx8ywcwx3j4s29lxv5tdugcpcwk2l83gck,2022-07-26 22:17:13,355,1,drep_always_abstain,2025-02-09 20:55:11,3182894.846897,641,281,3171921.376907,2026-06-29 00:11:39,10973.469990,,,3.33,False,True,True,False,False,False,False,True,CERT_ACTIVE_PRINCIPAL_STATIC,MEDIUM
stake1u8yr90g09a2znm4ylaspctgyteuslnrfn6flnntxkka2ysgy2750z,124,72,35000000.000000,2022-01-28 17:07:20,2026-07-01 20:01:40,2026-07-01 12:01:06,t,1,pool1xed948ze4guhrkt9zxjmecjvgkvgf8gd8skkzgtacz6gsyk9m5c,2022-03-21 17:58:39,329,1,drep_always_abstain,2025-02-10 03:27:40,4042218.540674,641,307,4034815.805565,2026-06-29 00:01:03,7402.735109,,,0.01,False,False,True,True,False,False,False,True,ACTIVE_MANAGED,MEDIUM
stake1u8zp3xhrfyc8dnp23fdf024g3xnce5lgxe33ak636ufxhngc69s9c,372,57,35000000.000000,2022-01-27 00:45:10,2026-03-18 12:00:45,2026-03-17 12:01:37,t,1,pool19zz6frugmvm82ecgl5hh5vq3093d4kzr4h2r5vfmt6la7trk929,2022-03-21 17:06:49,329,1,drep_always_abstain,2025-02-09 21:56:03,3765186.217687,641,286,3754092.247699,2026-06-29 00:20:39,11093.969988,,,0.30,False,False,True,True,False,False,False,True,ACTIVE_MANAGED,MEDIUM
stake1u90k27vvycsnksgwrslmqryqyweh79r3zcp5hh2t92n65mgkqezp5,25,11,35000000.000000,2022-01-28 17:08:45,2026-03-30 20:00:50,2026-03-29 20:01:07,t,1,pool18gsrasdghtjsnzlf20pht85l4epwag74w9pfx5qvdvcpxw68sl6,2022-03-21 18:41:57,329,1,drep_always_abstain,2025-02-09 21:40:23,3925098.165856,641,307,3914286.200464,2026-06-29 00:33:19,10811.965392,,,0.26,False,False,True,True,False,False,False,True,ACTIVE_MANAGED,MEDIUM
stake1u970ch6knl4j2wl4whfkrfdv5uj9u2uwemtnzdfhhzvv7ag7tcnr4,21,15,35000000.000000,2022-01-28 17:07:45,2025-11-20 12:00:37,2025-11-19 20:01:09,t,1,pool17arsgklktp9sayk5kzaakwvl3jwyczp07guux2yd0upgqh04qjl,2022-03-21 18:14:02,329,1,drep_always_abstain,2025-02-09 20:21:40,4067886.144911,641,308,4055628.775492,2026-06-29 00:25:03,12257.369419,,,0.62,False,False,True,False,False,False,False,True,MIXED,MEDIUM
stake1u97sjjensye59uvlcgxnacm974kgeenpldlpuayvlp7peeswf2pw8,9,2,35000000.000000,2023-06-20 19:43:26,2023-09-28 02:40:31,2023-09-26 13:20:06,t,1,pool1s8347yjgmfguf0ynj69euw7r75w7usdrfheckpcrjrk2yfvnpwq,2022-11-01 18:25:35,374,1,drep_always_abstain,2025-02-09 22:22:21,2605964.583064,641,215,2594994.709038,2026-06-29 00:45:53,10969.874026,,,2.77,False,True,True,False,False,False,False,True,CERT_ACTIVE_PRINCIPAL_STATIC,MEDIUM
stake1u99h97gvv3mar3cwh3nzxttnqh959fwcms3z9wpslygv70gn5p6xg,18,5,35000000.000000,2022-01-31 11:39:05,2023-09-28 02:36:16,2023-06-22 14:10:38,t,1,pool1fl20ddkpvnstlx63fal6e3ku46r76nk2s4mqtk5jnyxn2vt7hg6,2022-03-21 19:22:14,329,1,drep_always_abstain,2025-02-09 20:59:49,3836131.358352,641,308,3826088.684213,2026-06-29 00:56:31,10042.674139,,,3.03,False,True,True,False,False,False,False,True,CERT_ACTIVE_PRINCIPAL_STATIC,MEDIUM
stake1u99yurkzdur22pazfpfthe2gu3rausz6cfll0fnc9w46flcnllj43,692,51,35000000.000000,2022-01-31 11:38:37,2026-06-02 20:00:56,2026-06-01 20:01:52,t,1,pool1qc05c76autq4235sq20zu4vjwtl5m0xn4mxq9kg6e66uwz95kd4,2022-03-21 19:50:53,329,1,drep_always_abstain,2025-02-11 19:50:39,2988605.772081,641,270,2979632.661107,2026-06-29 00:10:10,8973.110974,,,0.09,False,False,True,True,False,False,False,True,ACTIVE_MANAGED,MEDIUM
stake1u9cun6zrn0rllpdtvj0par7m57752tp583vvsf3rhgnahtqxyd2qc,569,32,35000000.000000,2022-01-26 01:27:52,2026-02-06 12:00:22,2026-02-04 12:01:02,t,1,pool1kcvaxe4q4npwt28qlr3h84htjf4qrqglqk3cr2484ptycr0ldut,2022-03-21 15:36:19,329,4,drep_always_abstain,2025-02-11 03:12:01,1890748.293061,641,244,1882292.386555,2026-06-29 00:28:13,8455.906506,,,0.41,False,False,True,True,False,False,False,True,ACTIVE_MANAGED,MEDIUM
stake1u9mnjnz0vw2c7dm9g5nqgthse4us3ae6t8wdrfanp8gm6hqhw5ydx,2,2,35000000.000000,2023-06-21 14:31:33,2023-09-28 08:44:33,,t,1,pool1w7dk7rn0cflzzfr4fqvjpapn0rkz5ksmerx5tgwpm2gtj2gly97,2022-11-01 18:29:37,374,1,drep_always_abstain,2025-02-09 21:47:57,2413002.215532,641,215,2404741.127233,2026-06-29 01:20:09,8261.088299,,,3.03,True,True,True,False,False,False,False,True,NEVER_SPENT_COLD,MEDIUM
stake1u9p6rw23vxyt8vj85zctk59e3l5m93hszhmrhlyveu4r8jgcnecxg,10,2,35000000.000000,2023-06-20 19:43:07,2023-09-28 08:44:19,2023-09-25 13:00:46,t,1,pool1w7dk7rn0cflzzfr4fqvjpapn0rkz5ksmerx5tgwpm2gtj2gly97,2022-11-01 18:31:32,374,1,drep_always_abstain,2025-02-09 20:30:18,2590949.401270,641,215,2582688.312971,2026-06-29 01:16:10,8261.088299,,,2.77,False,True,True,False,False,False,False,True,CERT_ACTIVE_PRINCIPAL_STATIC,MEDIUM
stake1u9q6nedpj7kt7pm9sxgtu4sq37jgxk0lyfvs4wvdvz0tm2czk759g,33,26,35000000.000000,2022-01-27 15:40:31,2025-02-16 12:10:11,2025-02-15 12:10:10,t,1,pool1vcwsfldh4gkzga4mc6p86y0vytkqfm9e2dy44hs00v34yeqnfaf,2022-03-21 17:07:35,329,1,drep_always_abstain,2025-02-09 19:20:34,4119518.018733,641,307,4109408.876707,2026-06-29 00:26:06,10109.142026,,,1.38,False,False,True,False,False,False,False,True,MIXED,MEDIUM
stake1u9qsg4p603amlkmrvnhzfme87gf82fj6f3asvxzhx6yk7ms6xjjfa,57,31,35000000.000000,2022-08-18 00:00:55,2023-11-27 12:00:55,2023-11-24 12:10:44,t,1,pool143d6z506u6yfufgzrtx8ywcwx3j4s29lxv5tdugcpcwk2l83gck,2022-07-26 23:23:41,355,1,drep_always_abstain,2025-02-09 21:14:44,3396735.182063,641,277,3385761.712073,2026-06-29 00:34:43,10973.469990,,,2.61,False,True,True,False,False,False,False,True,CERT_ACTIVE_PRINCIPAL_STATIC,MEDIUM
stake1ux24wray2ta04tp2n2lpwpy5psesalc0qv2lvyze3rqw9mqjp2ylt,93,63,35000000.000000,2022-01-27 15:40:59,2025-12-28 12:00:45,2025-12-27 12:01:40,t,1,pool1hyqdlnuff3rnvg9lx70ccca2xqxcezzz4998tp6chhxnx2st257,2022-03-21 17:44:46,329,1,drep_always_abstain,2025-02-09 22:01:21,3863671.437193,641,308,3852859.962396,2026-06-29 00:15:21,10811.474797,,,0.52,False,False,True,False,False,False,False,True,MIXED,MEDIUM
stake1uxe4t8cpsftrxrylxv0dqvr3709z8xej88eq4jwm25yyuwckfxrgz,20,15,35000000.000000,2022-06-02 00:01:32,2023-10-02 12:01:05,2023-01-20 22:13:46,t,1,pool1qlps2dwr0qd0a7pjqr47apewf2lq42xv03zgentgwv9mspeh57g,2022-03-25 21:40:24,330,1,drep_always_abstain,2025-02-09 21:54:18,3853860.285231,641,293,3845599.215055,2026-06-29 00:54:15,8261.070176,,,3.45,False,True,True,False,False,False,False,True,CERT_ACTIVE_PRINCIPAL_STATIC,MEDIUM
stake1uxgprz3q4hcjaw7uux7u8vkrlmu0t2fdul4skkmpwgzdskqujw746,105,47,35000000.000000,2022-01-27 15:40:33,2025-03-17 12:01:36,2025-03-16 14:10:41,t,1,pool1gk20vlqg7qq868avysckjcjtwyphtjurfwlgra45670ny6r4fww,2022-03-21 16:50:12,329,1,drep_always_abstain,2025-02-09 19:50:36,3975990.169913,641,308,3964892.916509,2026-06-29 00:16:06,11097.253404,,,1.30,False,False,True,False,False,False,False,True,MIXED,MEDIUM
stake1uxgvmw0xzepg6lxh7vurkwfmhmckvyf60ld58ak3tugzhaqt6mmqr,399,59,35000000.000000,2022-01-31 11:41:47,2026-03-22 12:01:06,2026-03-18 12:01:28,t,1,pool1xucruwwxsym3u9v0m4ex3az5d4vpz9xu877vsl9udpt0q237e9m,2022-03-21 19:35:47,329,1,drep_always_abstain,2025-02-09 21:58:19,1872070.286030,641,237,1863238.955758,2026-06-29 01:13:23,8831.330272,,,0.29,False,False,True,True,False,False,False,True,ACTIVE_MANAGED,MEDIUM
stake1uxnahfm744jqetweykux94225r23zenvwal35pzdx5nk7ncel34hk,127,124,35000000.000000,2022-03-28 07:30:25,2023-10-07 12:03:57,2023-02-07 21:30:24,t,1,pool1lev7ygxcqd4aw5em7wf7y64au4hv04yl5cew27lkjmgngj46vqk,2022-03-25 21:34:31,330,1,drep_always_abstain,2025-02-09 21:19:58,3954550.468154,641,305,3945435.227401,2026-06-29 00:12:07,9115.240753,,,3.40,False,True,True,False,False,False,False,True,CERT_ACTIVE_PRINCIPAL_STATIC,MEDIUM
stake1uxumqen09wpy75yz2un4r6m2q62xdwt7s8nnxujgyrgyrmscg76tt,27,27,35000000.000000,2022-12-15 18:03:03,2023-10-20 12:01:53,,t,1,pool1tn7rcvc5lln8frln5n9rfd9cg8kcrj4vlm3ycdquyx5s2mlhmtk,2022-10-31 21:15:11,374,1,drep_always_abstain,2025-02-09 21:19:58,2982249.455083,641,253,2972561.091872,2026-06-29 00:40:07,9688.363211,,,3.55,True,True,True,False,False,False,False,True,NEVER_SPENT_COLD,MEDIUM
stake1uxw8tfdg5r5d88y2ljcfdm4spfqw94qg3qfs4ha3rm9uynqplzn6s,109,34,35000000.000000,2022-04-10 23:08:58,2023-10-02 12:01:05,2023-01-24 21:50:39,t,1,pool1lev7ygxcqd4aw5em7wf7y64au4hv04yl5cew27lkjmgngj46vqk,2022-03-25 21:35:53,330,1,drep_always_abstain,2025-02-10 05:34:55,3914098.608583,641,302,3904983.367830,2026-06-29 00:47:19,9115.240753,,,3.44,False,True,True,False,False,False,False,True,CERT_ACTIVE_PRINCIPAL_STATIC,MEDIUM
stake1uxwu054js5dmp3kma74kxmzejmy7mfg3wvtx8jpuh299ufg34uk4s,24,10,35000000.000000,2022-01-31 11:37:59,2023-09-28 08:44:05,2023-07-27 15:20:51,t,1,pool1j276s043qh2knv3ukmap6sra6sk7p5khuetzwx9h43wqydzsx8c,2022-03-21 19:11:19,329,1,drep_always_abstain,2025-02-09 21:10:27,3905713.503366,641,308,3893226.604530,2026-06-29 00:03:27,12486.898836,,,2.94,False,True,True,False,False,False,False,True,CERT_ACTIVE_PRINCIPAL_STATIC,MEDIUM
stake1uxxxfrc883r6yw8va9gsc0607lggzu4skaynq2jl4nlsgccmj22tv,20,5,35000000.000000,2022-05-29 18:03:29,2023-09-28 08:43:16,2023-02-14 20:30:13,t,1,pool1qlps2dwr0qd0a7pjqr47apewf2lq42xv03zgentgwv9mspeh57g,2022-03-25 21:39:08,330,1,drep_always_abstain,2025-02-09 21:21:30,3151334.641417,641,293,3143073.571241,2026-06-29 00:14:13,8261.070176,,,3.38,False,True,True,False,False,False,False,True,CERT_ACTIVE_PRINCIPAL_STATIC,MEDIUM
stake1uxxyytc3fcuevdm7ewx7eql2qf0mcrddfut5y8h05lzmwvs3x5apg,84,46,35000000.000000,2022-01-28 17:23:12,2026-06-21 20:07:59,2026-06-21 12:09:25,t,1,pool1xed948ze4guhrkt9zxjmecjvgkvgf8gd8skkzgtacz6gsyk9m5c,2022-03-21 18:04:33,329,1,drep_always_abstain,2025-02-09 21:16:52,3960128.187137,641,307,3952547.108214,2026-06-29 00:58:17,7581.078923,,,0.03,False,False,True,True,False,False,False,True,ACTIVE_MANAGED,MEDIUM
stake1uxzrxhldtl5ad5g5au27mze4e3mjud9s2g9cc8dlqyjyh8qmsxr5p,31,25,35000000.000000,2022-01-28 17:24:46,2023-10-08 12:01:04,2023-02-07 21:30:24,t,1,pool16e43yxx4djcvnsunwgrm8tnph0ljrt3p9tnezu3qvtcwzh4zwwa,2022-03-21 18:51:05,329,1,drep_always_abstain,2025-02-09 21:23:28,4025414.543216,641,307,4015155.019915,2026-06-29 00:37:03,10259.523301,,,3.40,False,True,True,False,False,False,False,True,CERT_ACTIVE_PRINCIPAL_STATIC,MEDIUM
stake1uy0hctwkd0kqxry2xk95gvkednek4n0zvfy4cpxwhh875xqkdsp36,42,4,35000000.000000,2022-06-10 00:02:27,2023-09-28 08:42:45,2023-03-06 17:30:44,t,1,pool1edqwpnln3zr9gj9sfsmyl72pen6hdwev07xgqj7uz5mkjrgfj6h,2022-03-25 21:40:48,330,1,drep_always_abstain,2025-02-09 21:21:54,3318636.118536,641,291,3308260.208199,2026-06-29 01:01:18,10375.910337,,,3.33,False,True,True,False,False,False,False,True,CERT_ACTIVE_PRINCIPAL_STATIC,MEDIUM
stake1uy3t60lcq7sqq3mnahr4kxcf75j2770uv22kj6xr8pslatgfg5rk5,85,4,35000000.000000,2022-05-01 01:31:14,2023-09-28 02:37:58,2023-06-22 14:10:38,t,1,pool14xq8v9s80ut6vmwp93tzhlydhsdqhxk3e9jerl2kl7hm2dq6pru,2022-03-25 21:35:28,330,1,drep_always_abstain,2025-02-09 19:54:11,3634193.873756,641,299,3620541.066238,2026-06-29 00:19:21,13652.807518,,,3.03,False,True,True,False,False,False,False,True,CERT_ACTIVE_PRINCIPAL_STATIC,MEDIUM
stake1uy4y62nqezk7ckmslyuw532nmm60tz68jq7qnj2f2hqfyzq0n39cn,17,17,35000000.000000,2022-10-17 19:19:31,2023-09-28 08:44:11,,t,1,pool1fxra32qureulvqrhrdpnrl5yechhqreg2khrghv3tkl4z66t0rm,2022-10-11 18:55:14,370,1,drep_always_abstain,2025-02-09 21:54:46,2897255.499921,641,265,2887587.117393,2026-06-29 00:18:10,9668.382528,,,3.71,True,True,True,False,False,False,False,True,NEVER_SPENT_COLD,MEDIUM
stake1uy6ntuel4dghfatzg6f4tnyspe9tyk9swunrl4jnze2r9rg73pvlj,39,34,35000000.000000,2022-06-04 00:02:43,2026-06-20 12:01:28,2026-06-19 20:02:02,t,1,pool1edqwpnln3zr9gj9sfsmyl72pen6hdwev07xgqj7uz5mkjrgfj6h,2022-03-25 21:40:48,330,1,drep_always_abstain,2025-02-09 21:50:05,3779293.309313,641,292,3768917.398976,2026-06-29 00:08:23,10375.910337,,,0.04,False,False,True,True,False,False,False,True,ACTIVE_MANAGED,MEDIUM
stake1uyct93wdmd8c074tnuqkafm5060m57pw0t6ywpyr6cc0raqddd5ql,3,2,35000000.000000,2023-06-20 19:45:33,2023-09-28 08:43:44,2023-06-22 14:10:38,t,1,pool1s8347yjgmfguf0ynj69euw7r75w7usdrfheckpcrjrk2yfvnpwq,2022-11-01 18:21:49,374,1,drep_always_abstain,2025-02-09 21:19:23,2503299.917317,641,215,2492330.043291,2026-06-29 00:53:12,10969.874026,,,3.03,False,True,True,False,False,False,False,True,CERT_ACTIVE_PRINCIPAL_STATIC,MEDIUM
stake1uyk4dvkyx9avg2wrtqk9qylyuwkfe34tqxzawc54cn66j5qeejr6r,25,24,35000000.000000,2022-11-08 12:00:20,2023-10-04 12:01:33,2023-03-20 17:40:05,t,1,pool1tn7rcvc5lln8frln5n9rfd9cg8kcrj4vlm3ycdquyx5s2mlhmtk,2022-10-31 21:12:12,374,1,drep_always_abstain,2025-02-09 21:51:33,3323750.973347,641,260,3314062.610136,2026-06-29 00:57:11,9688.363211,,,3.29,False,True,True,False,False,False,False,True,CERT_ACTIVE_PRINCIPAL_STATIC,MEDIUM
stake1uym6v8wuws4g8sk336k5h7dwujl9llsfpfgt6hp42sj332safd758,26,8,35000000.000000,2022-01-27 15:40:33,2025-02-11 12:01:23,2025-02-10 12:10:19,t,1,pool1sdare7xfd6tmak8ghek7kwgpgj6xzu0reppmw4t46rmcs0h6vr2,2022-03-21 17:43:06,329,1,drep_always_abstain,2025-02-09 21:32:25,3755039.702218,641,309,3745926.803778,2026-06-29 00:30:49,9112.898440,,,1.39,False,False,True,False,False,False,False,True,MIXED,MEDIUM
stake1uyz07qlqhrj56new4k89cvwfz8t4g2g07t7wky20rafn56sjt693u,158,22,35000000.000000,2022-01-31 11:39:05,2025-10-28 20:01:03,2025-10-28 12:01:16,t,1,pool13s5faca3kkg6jhqcll8xd9tarur3zkhalyuu92d5g87zyj4wrrc,2022-03-21 19:11:19,329,1,drep_always_abstain,2025-02-09 21:18:21,2143940.283577,641,250,2135393.679994,2026-06-29 00:41:12,8546.603583,,,0.68,False,False,True,False,False,False,False,True,MIXED,MEDIUM
stake1uyd3ccjka7d7ykkyglmqr4j7zjudz08f7vun6pegp33ffxgvg2jyu,877,18,13316009.230187,2022-01-27 00:40:59,2026-07-03 12:00:27,2026-07-02 20:01:12,t,1,pool1kcvaxe4q4npwt28qlr3h84htjf4qrqglqk3cr2484ptycr0ldut,2022-03-21 15:56:11,329,1,drep_always_abstain,2025-02-09 22:20:30,3222153.409210,641,265,3222081.454813,2026-06-19 20:18:53,71.954397,,,0.00,False,False,True,True,False,False,False,True,ACTIVE_MANAGED,MEDIUM
stake1u9xuuarxury6acd82efafgav5zxv8jjn9kx7dgnc7vqmxgca6vspq,459,2,606182.280293,2022-01-27 15:40:31,2026-07-03 12:01:07,2026-07-03 12:01:07,t,1,pool1gk20vlqg7qq868avysckjcjtwyphtjurfwlgra45670ny6r4fww,2022-03-21 16:43:53,329,1,drep_always_abstain,2025-02-09 21:16:32,3242871.609641,641,273,3242871.580015,2026-06-24 00:17:50,0.029626,,,0.00,False,False,True,True,False,False,False,True,ACTIVE_MANAGED,MEDIUM
stake1uystea99325jdg0qmzdgwhn5s54rv2ugtdf5lq362mwq9tqu7ncdm,98,1,14.814174,2022-10-18 00:02:33,2026-07-02 20:01:12,2026-07-02 20:01:12,t,1,pool1fxra32qureulvqrhrdpnrl5yechhqreg2khrghv3tkl4z66t0rm,2022-10-11 18:42:54,370,1,drep_always_abstain,2025-02-09 18:45:37,2808199.269671,641,225,2808199.094067,2025-12-16 01:08:55,0.175604,,,0.00,False,False,True,True,False,False,False,False,ACTIVE_MANAGED,INDETERMINATE
stake1u82k3t706l77fncvq2fn49specvp2q74dvlf7jkdur8wkwqf9u75v,230,1,13.475360,2022-01-27 00:43:54,2025-06-24 12:10:07,2025-06-24 12:10:07,t,1,pool1xlst0jw9safmz3c8m56zvl4m65y306dcp48hdks8ursmsz2awm2,2022-03-21 16:10:46,329,1,drep_always_abstain,2025-02-11 18:23:54,2663528.956119,568,201,2663528.956119,2025-07-04 00:04:12,0.000000,,,1.02,False,False,True,False,False,False,False,False,MIXED,INDETERMINATE
stake1u87tyxdzrn9mqth4y5ejm6mcfqnq52dzjvz04n9s8j0fn6sdrxhaw,165,1,13.475360,2022-01-27 15:40:33,2025-03-19 12:10:01,2025-03-19 12:10:01,t,1,pool15kek228mhvnsncdjn77u8qtrn8hjh5wfzmh6g942xf0353yc77j,2022-03-21 16:32:49,329,5,drep_always_abstain,2025-02-11 03:13:18,2794761.652458,641,196,2794761.321157,2024-12-16 00:10:04,0.331301,,,1.29,False,False,True,False,False,False,False,False,MIXED,INDETERMINATE
stake1u8ejjt3u55lepswcfau5sy9j93fyxrvq76gtnahc8hsfnfs3tf70j,286,1,13.475360,2022-01-28 17:07:45,2025-06-18 18:20:35,2025-06-18 18:20:35,t,1,pool18gsrasdghtjsnzlf20pht85l4epwag74w9pfx5qvdvcpxw68sl6,2022-03-21 18:41:59,329,1,drep_always_abstain,2025-02-09 21:49:11,1674152.444895,641,208,1674152.003649,2025-06-29 00:16:36,0.441246,,,1.04,False,False,True,False,False,False,False,False,MIXED,INDETERMINATE
stake1u93fwlmwsuyyt325kkd7peqh77lfmvf72e6gksm34ysw5cgvlny2q,193,1,13.475360,2022-01-27 15:39:32,2025-06-23 20:10:09,2025-06-23 20:10:09,t,1,pool19zz6frugmvm82ecgl5hh5vq3093d4kzr4h2r5vfmt6la7trk929,2022-03-21 16:36:19,329,1,drep_always_abstain,2025-02-11 18:30:06,2811750.760873,641,222,2811750.078024,2025-07-04 00:04:52,0.682849,,,1.03,False,False,True,False,False,False,False,False,MIXED,INDETERMINATE
stake1uxere7r6krpajagpe26254pknqraalm4ungtlc2gzy4j09cuqfyne,66,1,13.475360,2022-01-27 00:44:34,2025-06-23 12:20:35,2025-06-23 12:20:35,t,1,pool1xlst0jw9safmz3c8m56zvl4m65y306dcp48hdks8ursmsz2awm2,2022-03-21 16:18:24,329,1,drep_always_abstain,2025-02-10 03:55:28,1611440.433380,568,197,1611440.433380,2025-07-04 00:02:09,0.000000,,,1.03,False,False,True,False,False,False,False,False,MIXED,INDETERMINATE
stake1uy0zkxq405sfdd63ruvcmfrm7gn0fht9my5muwyn7dselcgvsqynq,127,1,13.475360,2022-01-27 15:40:33,2025-06-22 20:50:38,2025-06-22 20:50:38,t,1,pool1hyqdlnuff3rnvg9lx70ccca2xqxcezzz4998tp6chhxnx2st257,2022-03-21 17:45:51,329,1,drep_always_abstain,2025-02-10 03:02:54,2730380.020312,641,221,2730379.531378,2025-07-04 00:05:25,0.488934,,,1.03,False,False,True,False,False,False,False,False,MIXED,INDETERMINATE
stake1uyzawt8zx5wzt6el0v2pjy5ftlrdfze0vw5tn4g5a9zg3ssd3acff,195,1,13.475360,2022-01-13 21:24:16,2025-03-15 12:10:03,2025-03-15 12:10:03,t,3,pool1qv3velgldz529zq904jy9qfrhdh0akwkkhylu2rymd6sw9m02cc,2022-03-22 22:03:39,330,5,drep_always_abstain,2025-02-11 03:04:05,1840323.097591,473,139,1840323.097591,2024-03-16 05:37:58,0.000000,,,1.30,False,False,True,False,False,False,False,False,MIXED,INDETERMINATE
stake1u8tkr4lx97lkqw77apqcwfzkncfmd68xcarg9h2zeht2dxgh29hgn,346,1,13.466560,2022-01-27 00:44:34,2025-04-26 20:20:16,2025-04-26 20:20:16,t,1,pool15kek228mhvnsncdjn77u8qtrn8hjh5wfzmh6g942xf0353yc77j,2022-03-21 16:29:34,329,5,drep_always_abstain,2025-02-11 03:10:21,2318235.231957,641,212,2318234.992995,2025-05-10 20:16:16,0.238962,,,1.19,False,False,True,False,False,False,False,False,MIXED,INDETERMINATE
stake1u9xkxdzv8f275qx8scx8v7qt0qrzyf804lczcp0fayq375s4d6az0,106,1,13.253600,2022-05-16 11:30:14,2025-05-08 12:20:19,2025-05-08 12:20:19,t,1,pool1qv3velgldz529zq904jy9qfrhdh0akwkkhylu2rymd6sw9m02cc,2022-03-22 22:19:34,330,0,,,1668382.700113,473,131,1668382.700113,2024-03-16 05:43:48,0.000000,,,1.15,False,False,False,False,False,False,False,False,MIXED,INDETERMINATE
stake1u8crtndmpus4uqq4u3yg6z2y3a402rwym450cjz7r6dnq0cgqzsgc,22,1,3.016206,2022-01-31 11:41:47,2023-09-27 16:13:13,2023-09-27 16:13:13,t,1,pool1f8py9p8xrt2ccmjeapjuwn5mpg9rve2wkgy34kzxu8zwcd3wpv6,2022-03-21 19:26:27,329,5,drep_always_abstain,2025-02-11 03:14:40,1148405.835723,441,111,1148405.835723,2023-10-08 00:07:59,0.000000,,,2.77,False,True,True,False,False,False,False,False,CERT_ACTIVE_PRINCIPAL_STATIC,INDETERMINATE
stake1u8v4y8vxxlcd2lxkj34vgdtyzq2q4tucjfeq3gd8r2mflqsxw7vur,2,1,3.016206,2023-07-15 12:01:16,2023-09-27 14:30:03,2023-09-27 14:30:03,t,1,pool1j2wjlmw53xl40sqhxw9yk0y96nhyg8sjswwk5utntukwws0zda2,2022-11-03 19:30:17,375,1,drep_always_abstain,2025-02-11 19:46:57,29425.486555,441,14,29425.486555,2023-10-08 00:18:58,0.000000,,,2.77,False,True,True,False,False,False,False,False,CERT_ACTIVE_PRINCIPAL_STATIC,INDETERMINATE
stake1uxf8u49a6p8plqfj5jf59739wdy3ksgtu3t2p6nfdf7uvkg5w0fac,2,1,3.016206,2023-07-14 12:02:02,2023-09-27 18:40:19,2023-09-27 18:40:19,t,1,pool14cqn5jmfpw34azued5se235ml0ace3awst94cu682y8d29ndlrr,2022-11-03 19:28:27,375,5,drep_always_abstain,2025-02-11 03:12:01,41604.460054,441,15,41604.460054,2023-10-08 00:18:19,0.000000,,,2.77,False,True,True,False,False,False,False,False,CERT_ACTIVE_PRINCIPAL_STATIC,INDETERMINATE
stake1uxldwgnlv6ktx29xknutvf353kfrqymf8xgn36zj4v9h55g59w69h,17,1,3.016206,2022-01-28 17:26:04,2023-09-26 21:50:24,2023-09-26 21:50:24,t,1,pool1zmmwnfm8mwu5qrfah60hxa8w7lrsd0dgwpvj5ldt63a82c63xgc,2022-03-21 18:51:12,329,5,drep_always_abstain,2025-02-11 03:10:21,1212282.155357,441,113,1212282.155357,2023-10-08 00:08:56,0.000000,,,2.77,False,True,True,False,False,False,False,False,CERT_ACTIVE_PRINCIPAL_STATIC,INDETERMINATE
stake1uxnqywfn4puhs25hs505suku79mg8fsyfhg27w4t70lwdnqst0ztk,25,1,3.016206,2022-06-13 00:01:27,2023-09-27 20:20:10,2023-09-27 20:20:10,t,1,pool1qp20c7jwxnu6rmh3tgzlmlyaxg77awdh9f94a3g5y3lxvr523rn,2022-03-25 21:46:37,330,5,drep_always_abstain,2025-02-11 03:01:45,931359.506681,441,94,931359.506681,2023-10-08 00:11:30,0.000000,,,2.76,False,True,True,False,False,False,False,False,CERT_ACTIVE_PRINCIPAL_STATIC,INDETERMINATE
stake1uyghq5fwp0l2rkpcxkwmgyt5776sv5hvs25wt4jm7hrr2jg9t0kfp,20,1,3.016206,2022-01-28 17:08:39,2023-09-27 14:30:20,2023-09-27 14:30:20,t,1,pool1vheljad46m5040lj0z0f6j966ft78tl7ms4rj64ytrr7kw7t3dl,2022-03-21 18:33:31,329,5,drep_always_abstain,2025-02-11 03:16:09,1137760.173892,441,111,1137760.173892,2023-10-08 00:08:26,0.000000,,,2.77,False,True,True,False,False,False,False,False,CERT_ACTIVE_PRINCIPAL_STATIC,INDETERMINATE
stake1uyhv70lq3rrmt4xxn3z9z05ddjhnfz2mk2ekr89paeqxxecylupfp,2,1,3.016206,2023-06-30 12:03:28,2023-09-27 16:00:54,2023-09-27 16:00:54,t,1,pool1vscdcudhndfte7v0f2ywnflw4sqm6wptzh06xd74hq45jmzn02l,2022-11-02 14:10:19,375,5,drep_always_abstain,2025-02-11 03:13:04,28968.291115,441,16,28968.291115,2023-10-08 00:17:01,0.000000,,,2.77,False,True,True,False,False,False,False,False,CERT_ACTIVE_PRINCIPAL_STATIC,INDETERMINATE
stake1uyyl9720cgufzexqxr4qlcwe9ymd7gu2ls3c9dxryrlp7ugajlkc7,9,1,3.016206,2023-06-20 19:43:26,2023-09-27 15:50:14,2023-09-27 15:50:14,t,1,pool165aluqv7dcdnragfy2aeny4xue03xyefwusat8wlpu8mqxpu2m8,2022-11-01 21:07:58,374,1,drep_always_abstain,2025-02-11 19:44:03,199909.784734,441,19,199909.784734,2023-10-08 00:13:50,0.000000,,,2.77,False,True,True,False,False,False,False,False,CERT_ACTIVE_PRINCIPAL_STATIC,INDETERMINATE
stake1u909uw2aey5ccvkltvjtreqt9vpqeul9zxryuzfj94x3vsc6ekql7,24,1,3.014464,2022-06-17 00:02:00,2023-09-27 14:30:20,2023-09-27 14:30:20,t,1,pool1qp20c7jwxnu6rmh3tgzlmlyaxg77awdh9f94a3g5y3lxvr523rn,2022-03-25 21:47:08,330,1,drep_always_abstain,2025-02-11 18:18:05,974541.740548,441,94,974541.740548,2023-10-08 00:11:30,0.000000,,,2.77,False,True,True,False,False,False,False,False,CERT_ACTIVE_PRINCIPAL_STATIC,INDETERMINATE
stake1ux045sg3s2xd283d66xq3w22lyd89mtzy8lhcwjt2upxdwq90z9xv,3,1,3.014464,2023-07-18 12:01:42,2023-09-26 21:20:39,2023-09-26 21:20:39,t,1,pool1slmxqrcuddvefaymn2mm9qy3633ds7kw5wcw0kcg59kwyx5c6hn,2022-11-03 21:28:48,375,1,drep_always_abstain,2025-02-11 18:19:55,17826.139556,441,13,17826.139556,2023-10-08 00:18:58,0.000000,,,2.77,False,True,True,False,False,False,False,False,CERT_ACTIVE_PRINCIPAL_STATIC,INDETERMINATE
stake1ux4cr3llg2p20yxvgawlvqdx09n7yg48ty5yzp6jttckmjcdfckj4,3,1,3.014464,2023-07-01 12:01:24,2023-09-26 21:30:25,2023-09-26 21:30:25,t,1,pool1vscdcudhndfte7v0f2ywnflw4sqm6wptzh06xd74hq45jmzn02l,2022-11-02 14:11:01,375,1,drep_always_abstain,2025-02-11 19:52:28,23349.377771,441,16,23349.377771,2023-10-08 00:17:01,0.000000,,,2.77,False,True,True,False,False,False,False,False,CERT_ACTIVE_PRINCIPAL_STATIC,INDETERMINATE
stake1ux56fz2fqdycds6gquldk2tpkuyyp8ntlmp86jp5lg9qz6s90hyhh,3,1,3.014464,2023-07-05 12:02:35,2023-09-27 18:20:07,2023-09-27 18:20:07,t,1,pool19hycpwuvqd6w5zhrx89axun76phd7tjmq5trmxjzu5x82qa0lwk,2022-11-02 14:27:40,375,5,drep_always_abstain,2025-02-11 03:08:01,14271.652636,441,16,14271.652636,2023-10-08 00:14:37,0.000000,,,2.77,False,True,True,False,False,False,False,False,CERT_ACTIVE_PRINCIPAL_STATIC,INDETERMINATE
stake1uxgncgzw3009p07r9e0rs6n0f50asnch069gj6aydh0l50qgh84np,3,1,3.014464,2023-07-23 12:01:24,2023-09-27 18:20:07,2023-09-27 18:20:07,t,1,pool1re5ld34xeljh839pnc0m26yaxyp36cl0c8fajvuxrp6lu69fqpz,2022-11-04 19:47:01,375,5,drep_always_abstain,2025-02-11 03:08:01,15236.294146,441,13,15236.294146,2023-10-08 00:14:37,0.000000,,,2.77,False,True,True,False,False,False,False,False,CERT_ACTIVE_PRINCIPAL_STATIC,INDETERMINATE
stake1uxqzfuvxfrlval94umaaelljmnrma7hvyzh57gckztv4qfqa249an,3,1,3.014464,2023-07-11 12:01:22,2023-09-27 18:30:20,2023-09-27 18:30:20,t,1,pool1l2jv8nn6777cwjyt96lxamt5a0h8s807mve9u6hasdypqv5cszk,2022-11-03 19:15:50,375,5,drep_always_abstain,2025-02-11 03:14:40,17851.524812,441,15,17851.524812,2023-10-08 00:17:48,0.000000,,,2.77,False,True,True,False,False,False,False,False,CERT_ACTIVE_PRINCIPAL_STATIC,INDETERMINATE
stake1uxtnm2vyx8yw8hdetyzpt8w3emktfkkdv8wu7g6e5pu38cs39hthf,3,1,3.014464,2023-07-04 12:02:22,2023-09-27 16:00:54,2023-09-27 16:00:54,t,1,pool19hycpwuvqd6w5zhrx89axun76phd7tjmq5trmxjzu5x82qa0lwk,2022-11-02 14:25:16,375,1,drep_always_abstain,2025-02-11 19:39:07,16234.384014,441,17,16234.384014,2023-10-08 00:14:11,0.000000,,,2.77,False,True,True,False,False,False,False,False,CERT_ACTIVE_PRINCIPAL_STATIC,INDETERMINATE
stake1uxvv6chm2fh5vg9jygkvq2la6zkgamp29c5dqvg2e37dg8cpyjlvf,4,1,3.014464,2023-06-20 19:43:07,2023-09-27 18:30:20,2023-09-27 18:30:20,t,1,pool18t5chuxq82ssl39fczux8lyxfrnr6l92gavrkz27vvc4vjwgvjf,2022-11-01 18:13:35,374,1,drep_always_abstain,2025-02-11 18:25:46,17531.432538,441,10,17531.432538,2023-10-08 00:15:22,0.000000,,,2.77,False,True,True,False,False,False,False,False,CERT_ACTIVE_PRINCIPAL_STATIC,INDETERMINATE
stake1uyuznshe6qagevyg85sm2yjelad4wdhjagxap5rvalynyzgmjmhud,3,1,3.014464,2023-07-07 12:01:29,2023-09-27 17:30:23,2023-09-27 17:30:23,t,1,pool1a2jn7cgnqzxexx7p5pdrtc3tfgjm0x4csf9ax4sa69g9kkxxke6,2022-11-02 14:48:01,375,5,drep_always_abstain,2025-02-11 03:03:38,17741.834450,441,16,17741.834450,2023-10-08 00:17:48,0.000000,,,2.77,False,True,True,False,False,False,False,False,CERT_ACTIVE_PRINCIPAL_STATIC,INDETERMINATE
stake1u8f6v24kuva0lyn3v7wtx2d8kmxtq474cznuekj7vk2zw0qhaw5js,4,1,3.012722,2023-06-27 12:01:41,2023-09-26 19:40:05,2023-09-26 19:40:05,t,1,pool1nz32f8nhawty9x29q6azxpqlxh406595lmldn3lgsq3ewae0tlx,2022-11-01 18:44:12,374,5,drep_always_abstain,2025-02-11 03:13:18,18965.256851,441,18,18965.256851,2023-10-08 00:13:50,0.000000,,,2.77,False,True,True,False,False,False,False,False,CERT_ACTIVE_PRINCIPAL_STATIC,INDETERMINATE
stake1u94hd85km4c2dsvu59pfmwzqjjdqm6ph2xlqpuyg4wc77ds6gq28k,4,1,3.012722,2023-07-06 12:01:19,2023-09-27 18:20:07,2023-09-27 18:20:07,t,1,pool1a2jn7cgnqzxexx7p5pdrtc3tfgjm0x4csf9ax4sa69g9kkxxke6,2022-11-02 14:46:14,375,1,drep_always_abstain,2025-02-11 18:21:42,15669.123463,441,16,15669.123463,2023-10-08 00:17:48,0.000000,,,2.77,False,True,True,False,False,False,False,False,CERT_ACTIVE_PRINCIPAL_STATIC,INDETERMINATE
stake1uy4x68z8qlstyy92rdruvwyhhfayk3h7tc08cvmkj58xhjcpkhu9z,4,1,3.012722,2023-06-29 12:01:30,2023-09-27 14:30:20,2023-09-27 14:30:20,t,1,pool1lx3vj9zapwz9hlrj04yw8dfsk8e3d8nsljw4wwx4glfx2ph5l0m,2022-11-01 21:16:26,374,5,drep_always_abstain,2025-02-11 03:10:51,19373.215316,441,18,19373.215316,2023-10-08 00:17:01,0.000000,,,2.77,False,True,True,False,False,False,False,False,CERT_ACTIVE_PRINCIPAL_STATIC,INDETERMINATE
stake1uyfxqvu90hd9nlmsc709aklwfequf96juhqljukxr7jzpaqwsh4lp,5,1,3.012722,2023-06-20 19:43:07,2023-09-27 14:30:20,2023-09-27 14:30:20,t,1,pool18t5chuxq82ssl39fczux8lyxfrnr6l92gavrkz27vvc4vjwgvjf,2022-11-01 18:16:45,374,5,drep_always_abstain,2025-02-11 03:09:41,12281.677518,441,10,12281.677518,2023-10-08 00:15:22,0.000000,,,2.77,False,True,True,False,False,False,False,False,CERT_ACTIVE_PRINCIPAL_STATIC,INDETERMINATE
stake1uyh9hw3lll8gr6k9um9a24a8pcyz6yj4aq9ld9u5l43q96sdg2ay9,27,1,3.012722,2022-01-31 11:38:37,2023-09-26 19:20:12,2023-09-26 19:20:12,t,1,pool1f8py9p8xrt2ccmjeapjuwn5mpg9rve2wkgy34kzxu8zwcd3wpv6,2022-03-21 19:23:36,329,5,drep_always_abstain,2025-02-11 03:14:40,1396320.982328,441,111,1396320.982328,2023-10-08 00:07:59,0.000000,,,2.77,False,True,True,False,False,False,False,False,CERT_ACTIVE_PRINCIPAL_STATIC,INDETERMINATE
stake1uynsac74dcvw940vk86wgkzxu80emld2tmwlwut470h5t5q026fhw,4,1,3.012722,2023-07-30 12:01:36,2023-09-27 16:21:20,2023-09-27 16:21:20,t,1,pool1s9dxgxnu72x60aluxqs7dxu5w344vldp8sgesfzzzgd5w0ln8r8,2022-11-04 19:57:11,375,0,,,10618.437287,441,11,10618.437287,2023-10-08 00:20:49,0.000000,,,2.77,False,True,False,False,False,False,False,False,DORMANT_2Y_PLUS,INDETERMINATE
stake1uypu4ykcpjpgtnewvyvzl9sfg47zqc7cywkrq8aqeuxnaec8y9qar,29,1,3.012722,2022-01-28 17:23:12,2023-09-27 18:10:13,2023-09-27 18:10:13,t,1,pool1evlpg292f5jqeffgah7ejtt9px68xdvyn2glp4cwtv8l6mgu6qe,2022-03-21 17:58:39,329,5,drep_always_abstain,2025-02-11 03:09:41,1396112.837022,441,113,1396112.837022,2023-10-08 00:04:47,0.000000,,,2.77,False,True,True,False,False,False,False,False,CERT_ACTIVE_PRINCIPAL_STATIC,INDETERMINATE
stake1uxghxrup8sec7n5zsysjrvgextaj62mfy3n5078mu3zaxlgj3crd6,27,1,3.000525,2022-01-28 17:24:46,2023-09-27 14:30:20,2023-09-27 14:30:20,t,1,pool1zmmwnfm8mwu5qrfah60hxa8w7lrsd0dgwpvj5ldt63a82c63xgc,2022-03-21 18:51:12,329,1,drep_always_abstain,2025-02-11 19:53:33,1527041.583669,441,111,1527041.583669,2023-10-08 00:08:56,0.000000,,,2.77,False,True,True,False,False,False,False,False,CERT_ACTIVE_PRINCIPAL_STATIC,INDETERMINATE
stake1u8vfctapg79ytgtnehsm3rx8rwqt9k3tzuav6dz0qjhc2usfqfrcm,33,1,2.995298,2022-01-28 17:07:45,2023-09-27 17:10:32,2023-09-27 17:10:32,t,1,pool1vheljad46m5040lj0z0f6j966ft78tl7ms4rj64ytrr7kw7t3dl,2022-03-21 18:35:58,329,5,drep_always_abstain,2025-02-11 03:03:38,1569450.199751,441,113,1569450.199751,2023-10-08 00:07:53,0.000000,,,2.77,False,True,True,False,False,False,False,False,CERT_ACTIVE_PRINCIPAL_STATIC,INDETERMINATE
stake1uycpuensksew5q847a3yng79tkjlx0ql5s37s4jt0ny7k7cfeywsz,19,1,2.990070,2022-09-22 12:00:42,2023-09-27 20:40:06,2023-09-27 20:40:06,t,1,pool14nxj3szga2tgllwenjgajfl3y4t570yghhyk36d2heuqvy63wl3,2022-07-26 23:50:48,355,1,drep_always_abstain,2025-02-11 18:18:39,1114926.290890,641,75,1114926.277716,2023-10-23 00:11:40,0.013174,,,2.76,False,True,True,False,False,False,False,False,CERT_ACTIVE_PRINCIPAL_STATIC,INDETERMINATE
stake1u8m8lgr5u65kdhc3u2p7ahxdtj7cwh2lxgjemy7975emyqs80f929,37,1,2.962144,2022-08-23 00:01:02,2023-09-27 20:40:06,2023-09-27 20:40:06,t,2,pool1dqzprrl8305mlysnh85znqpe22lg0q2d9zest7jjhugajuf46kv,2022-08-29 19:38:01,362,5,drep_always_abstain,2025-02-11 03:03:38,1212183.944615,625,129,1212183.912992,2024-11-11 00:07:26,0.031623,,,2.76,False,True,True,False,False,False,False,False,CERT_ACTIVE_PRINCIPAL_STATIC,INDETERMINATE
stake1u9syjjz72yumjuus538m0ktrfgm5jy4ly3zy3xk08m8k93c4put4e,53,1,2.953432,2022-01-27 15:40:59,2023-09-27 20:40:06,2023-09-27 20:40:06,t,1,pool1evlpg292f5jqeffgah7ejtt9px68xdvyn2glp4cwtv8l6mgu6qe,2022-03-21 17:57:22,329,5,drep_always_abstain,2025-02-11 03:16:09,1385928.764020,441,112,1385928.764020,2023-10-08 00:04:47,0.000000,,,2.76,False,True,True,False,False,False,False,False,CERT_ACTIVE_PRINCIPAL_STATIC,INDETERMINATE
