gov_action_tx_hash,gov_action_index,type,submitted_at,ratified_epoch,enacted_epoch,expired_epoch,dropped_epoch,anchor_url,title,requested_lovelace
15f82a365bdee483a4b03873a40d3829cc88c048ff3703e11bd01dd9e035c916,0,InfoAction,2024-09-03T19:45:50,,,514,515,ipfs://QmWjcHsrq9kKHZZ7aPPFjqN6wLuxH9d8bcqssmrE7H4cvb,,
59fd353253eb177e2104e8f23ea4c63e3d32ef95c7865d03e90d3884424dc1db,0,InfoAction,2024-09-18T15:24:42,,,517,518,https://c-ipfs-gw.nmkr.io/ipfs/QmXdfDSSkR8TYBntMT4nuTL9sE9E44FJnpWVpaY8ZTfwjj,Cardanoの生きがい - Ikigai -,
7fd6429add8f2611ad8d48c0cc49101463093aec285faea402e8cfde78ea58d7,0,InfoAction,2024-10-11T16:29:28,,,521,522,https://raw.githubusercontent.com/bigpey/CardanoGovernance/refs/heads/main/infoAction3.jsonld,Should K increased?,
51f495aa23f4b3b3aa90afde4a0e67823bb7ac4ac65f5ffbb138373b863f2f74,0,ParameterChange,2024-10-31T18:18:24,,,525,526,https://raw.githubusercontent.com/IntersectMBO/governance-actions/refs/heads/main/mainnet/2024-10-21-ppu/metadata.jsonld,,
b2a591ac219ce6dcca5847e0248015209c7cb0436aa6bd6863d0c1f152a60bc5,0,ParameterChange,2024-11-05T17:41:59,525,526,,,https://raw.githubusercontent.com/IntersectMBO/governance-actions/refs/heads/main/mainnet/2024-11-04-ppu/metadata.jsonld,Plutus V3 Cost Model Parameter Changes Prior to Chang#2,
fff0df644d328a5367212f45bab59060bde3c4091dc96c723062896fd6197314,0,InfoAction,2024-11-20T09:51:07,,,529,530,https://raw.githubusercontent.com/IntersectMBO/governance-actions/refs/heads/main/mainnet/2024-11-19-infohf/metadata.jsonld,Rename the Chang 2 Hard Fork to the Plomin Hard Fork,
0b19476e40bbbb5e1e8ce153523762e2b6859e7ecacbaf06eae0ee6a447e79b9,0,HardForkInitiation,2024-12-21T11:04:42,536,537,,,https://raw.githubusercontent.com/IntersectMBO/governance-actions/refs/heads/main/mainnet/2024-10-30-hf10/metadata.jsonld,"Hard Fork to Protocol Version 10 (""Plomin"" Hard Fork)",
8c653ee5c9800e6d31e79b5a7f7d4400c81d44717ad4db633dc18d4c07e4a4fd,0,NewConstitution,2025-01-30T17:17:38,541,542,,,ipfs://bafkreiehcekhhsq34ccezwn46brg3euj6tbs4g4yjkav34ukqvbnzaya2a,Cardano Constitution to Replace the Interim Constitution,
941502b0aa104c850d197923259444d2b57cab7af18b63143775465aaacc84f5,0,ParameterChange,2025-02-13T13:32:13,,,546,547,ipfs://QmcKQggcpouuhAAvUYGDzoKgMwbZSkWqiEeE6c67SJ3kEq,Decrease Treasury Tax from 20% to 10%,
56f39054758f1a3cedc1de9225d66bf270b62dfdbfbc5399f1d6d43aceffc636,0,InfoAction,2025-02-28T16:23:20,,,549,550,ipfs://bafkreiada4nn5eaezg43esieduks6l57vzkjdo2yfby7yxv6jrat7ilrdq,Defining the Cardano Vision and Roadmap for 2025 and beyond,
7f320409d9998712ff3a3cdf0c9439e1543f236a3d746766f78f1fdbe1e06bf8,0,InfoAction,2025-03-16T15:33:00,,,553,554,https://raw.githubusercontent.com/blockchainada/ga/refs/heads/main/ga01.jsonld,,
9b62b3c632f329016a968ac25211825bb4f84b12461121c7da3aa11df92370f9,0,InfoAction,2025-03-25T15:51:30,,,554,555,ipfs://bafkreiaqno22swabd3kcqt2awtgwaucdzaagacoemxwadm3exrchhnfite,2025 Net Change Limit,
7d9fc9fe4cee64fb34e57783378ac869a85c78d6fbcd4078ed131ab6fa3c7db6,0,InfoAction,2025-04-25T07:06:19,,,561,562,https://most-brass-sun.quicknode-ipfs.com/ipfs/QmRrGsZsP5R7cFYFzPXQ9vS2Ux7oTXb1ep1EciLdKqeDWY,2025 Cardano NCL,
bd488931f792651fefa9c6fda185a2c6cec83245b51d994e33090ce36e29cc26,0,InfoAction,2025-05-06T15:45:11,,,563,564,ipfs://bafkreibqma7t2k4rcywvx5afukahhi3dp2so2ugh7t4ljuawhanvk7sr34,Cardano Blockchain Ecosystem Budget: Amaru Node Development 2025,
4840e305563327358cf70dae5015b2df8f8c35cef03f74521d4f117ac17bc384,0,InfoAction,2025-05-07T00:21:54,,,563,564,https://raw.githubusercontent.com/theeldermillenial/2025-liquidity-budget/df0b26d8796b19b566008ea9eaa8f17fef2cb6d4/info.jsonld,,
637e3c256da9c1350847ca3211e8c44e3660a4471e8b6f68a8c537746b4aeb73,0,InfoAction,2025-05-07T06:46:23,,,563,564,https://ipfs.io/ipfs/bafkreieu47jw2qoxmqz67qyhhj4pi7fssuth5s4mm42qleqtw5tuzs3pgu,Set a 300 million ADA Net Change Limit for Epochs 563–635,
defbf15b06092718adf4befeab982e03d2966b9caeef93c19e470549ef75ea49,0,InfoAction,2025-05-07T14:31:00,,,563,564,https://most-brass-sun.quicknode-ipfs.com/ipfs/QmaWrgqcQS7jYyLYFpvBiamZ4mCoeasL78qaPASDaJ6dT3,2025 Cardano Blockchain Ecosystem Budget - 7.5M ₳ for community builders,
e14de8d9dc4f4ddf3fe9250a8a926e20f10e99b86bd0610b77d7a054981591ee,0,InfoAction,2025-05-12T19:40:30,,,564,565,ipfs://bafkreibeajhkes7bxjlkghkingcgltqcwazz2ya5oknveqwt5nont7tg6u,Cardano Blockchain Ecosystem Budget - 275M ada Administered by Intersect,
60ed6ab43c840ff888a8af30a1ed27b41e9f4a91a89822b2b63d1bfc52aeec45,0,TreasuryWithdrawals,2025-06-25T00:35:31,570,571,,,ipfs://bafkreifw3qs7brjn4tdvyprnh2r343oerbdghasp5ws6ro55frbpll3dta,Amaru Treasury Withdrawal 2025,1500000000000
9d213a57684d7ddf6f3350c80d042639ecbed5ccccc4a05bf54959a086593e7b,0,InfoAction,2025-07-03T08:26:08,,,574,575,ipfs://QmP9iDuML2VmoFigTJifBj87LxZ3DNnREyU27DE1MrpZDg,Cardano GovTool Budget - 12 months full active maintenance and development,
495bd3cd44ea6bc0b4c2dbb1e4cdc7e214874c2c07490a4e2476a627ef911280,0,InfoAction,2025-07-10T04:29:26,,,576,577,https://most-brass-sun.quicknode-ipfs.com/ipfs/QmQTpreux4fpWQ5jL4gxZVp7Zx6KNWnoRsj1ApU79c8Y2B,Tempo for Cardono Governance - Maintenance & Development Budget for 2025,
3cf29192a0ee1a77985054072edcdb566ac14707730637c4635d8fb6813cb4c9,0,TreasuryWithdrawals,2025-07-17T02:35:25,575,576,,,ipfs://bafkreihj3ddbz7c52l2s3klalsf4ux5xqkawktom5v5apfral37hs6kpki,"Withdraw ₳45,217 for MLabs Core Tool Maintenance & Enhancement: Cardano.nix",45217000000
8ad3d454f3496a35cb0d07b0fd32f687f66338b7d60e787fc0a22939e5d8833e,0,TreasuryWithdrawals,2025-07-18T15:40:57,574,575,,,ipfs://bafkreidjnukg5c7u5zlkxaciy4hkxfixvtquhx6uzlqpydvrxormfqpdm4,"Withdraw ₳2,162,096 for Midgard - Optimistic Rollups administered by Intersect",2162096000000
8ad3d454f3496a35cb0d07b0fd32f687f66338b7d60e787fc0a22939e5d8833e,1,TreasuryWithdrawals,2025-07-18T15:40:57,574,575,,,ipfs://bafkreigt5xy56qjxd7dl2s7u6jxec2cfxevynppvgnnjifc2wawr7md5ha,"Withdraw ₳96,817,080 for 2025 Input Output Engineering Core Development Proposal",96817080000000
8ad3d454f3496a35cb0d07b0fd32f687f66338b7d60e787fc0a22939e5d8833e,2,TreasuryWithdrawals,2025-07-18T15:40:57,575,576,,,ipfs://bafkreidgiirfod3axto3xf3nducsao5w4rp6vqrijeh5m6mqgdxotaafbq,"Withdraw ₳1,300,000 for Blockfrost Platform community budget proposal",1300000000000
8ad3d454f3496a35cb0d07b0fd32f687f66338b7d60e787fc0a22939e5d8833e,3,TreasuryWithdrawals,2025-07-18T15:40:57,575,576,,,ipfs://bafkreicmz5a6ylplflowjdj7vjzp6glt45k2r6mnhwlmzq7kjkl3fvuzeu,"Withdraw ₳424,800 for Hardware Wallets Maintenance administered by Intersect",424800000000
8ad3d454f3496a35cb0d07b0fd32f687f66338b7d60e787fc0a22939e5d8833e,4,TreasuryWithdrawals,2025-07-18T15:40:57,575,576,,,ipfs://bafkreigm5xreg7ezyedhowwecyy2qnue3bfhbw5dex5odmvunddeg5jsem,"Withdraw ₳220,914 for Pallas: Sustaining Critical Rust Tooling for Cardano",220914000000
8ad3d454f3496a35cb0d07b0fd32f687f66338b7d60e787fc0a22939e5d8833e,5,TreasuryWithdrawals,2025-07-18T15:40:57,575,576,,,ipfs://bafkreibcranrq3y5eh7pcjuvq2tcmlapfw2pc7x3nazwp5lonx6docoayu,"Withdraw ₳220,914 for UTxO RPC: Sustaining Cardano Blockchain Integration",220914000000
8ad3d454f3496a35cb0d07b0fd32f687f66338b7d60e787fc0a22939e5d8833e,6,TreasuryWithdrawals,2025-07-18T15:40:57,575,576,,,ipfs://bafkreigfhg7nn4pshyogcokcuo7ohpjpw6gaatnm74hum5vungrqwvpxs4,"Withdraw ₳130,903 for Lucid Evolution Maintenance administered by Intersect",130903000000
8ad3d454f3496a35cb0d07b0fd32f687f66338b7d60e787fc0a22939e5d8833e,7,TreasuryWithdrawals,2025-07-18T15:40:57,575,576,,,ipfs://bafkreigjofgwm4qtwn7r3e6nczaxo7jp4fmhzphozrpcuvnx5k2khlbtty,"Withdraw ₳1,161,000 for zkFold ZK Rollup administered by Intersect",1161000000000
8ad3d454f3496a35cb0d07b0fd32f687f66338b7d60e787fc0a22939e5d8833e,8,TreasuryWithdrawals,2025-07-18T15:40:57,575,576,,,ipfs://bafkreihqhuiuwdjyukw4ul5obxz656ndyz5najokjhdw7mbdscskyaalfu,"Withdraw ₳220,914 for Dolos: Sustaining a Lightweight Cardano Data Node",220914000000
8ad3d454f3496a35cb0d07b0fd32f687f66338b7d60e787fc0a22939e5d8833e,9,TreasuryWithdrawals,2025-07-18T15:40:57,575,576,,,ipfs://bafkreibwg74hpx5vyyixzggxdkunrqy6kdkx2mpp57r6fknkqe7z263omm,"Withdraw ₳300,000 for Ledger App Rewrite administered by Intersect",300000000000
8ad3d454f3496a35cb0d07b0fd32f687f66338b7d60e787fc0a22939e5d8833e,10,TreasuryWithdrawals,2025-07-18T15:40:57,575,576,,,ipfs://bafkreicc2dbqlrkqhahasq2qqho3lry2axt4adrfnamro43m56v5sib7hi,"Withdraw ₳600,000 for Complete Web3 developer stack to make Cardano the smart...",600000000000
8ad3d454f3496a35cb0d07b0fd32f687f66338b7d60e787fc0a22939e5d8833e,11,TreasuryWithdrawals,2025-07-18T15:40:57,575,576,,,ipfs://bafkreiedjhlwerulq5qg5tku2qqremf2cf2dguxvktttnjddei3fxct37a,"Withdraw ₳5,885,000 for OSC Budget Proposal - Paid Open Source Model...",5885000000000
8ad3d454f3496a35cb0d07b0fd32f687f66338b7d60e787fc0a22939e5d8833e,12,TreasuryWithdrawals,2025-07-18T15:40:57,575,576,,,ipfs://bafkreig7hi75t33nvu5t6y4hqf26thdpwvwvqcuzo3o3ehccslrwtf6bwe,"Withdraw ₳578,571 for Gerolamo - Cardano node in typescript",578571000000
8ad3d454f3496a35cb0d07b0fd32f687f66338b7d60e787fc0a22939e5d8833e,13,TreasuryWithdrawals,2025-07-18T15:40:57,575,576,,,ipfs://bafkreienjc55atyjxfy7ij2mthoud6m2um5snifhjvurflfujf4s2sa3le,"Withdraw ₳243,478 for MLabs Core Tool Maintenance & Enhancement: Plutarch",243478000000
8ad3d454f3496a35cb0d07b0fd32f687f66338b7d60e787fc0a22939e5d8833e,14,TreasuryWithdrawals,2025-07-18T15:40:57,575,576,,,ipfs://bafkreidlgy2mljdxjknsxzpy6im5xkgsw4ticvwqmgedecs53dzdqhgdlu,"Withdraw ₳11,070,323 for TWEAG's Proposals for multiple core budget project...",11070323000000
8ad3d454f3496a35cb0d07b0fd32f687f66338b7d60e787fc0a22939e5d8833e,15,TreasuryWithdrawals,2025-07-18T15:40:57,575,576,,,ipfs://bafkreians5wdbxjgttbajinzfrhdxd7q7mzpfahsyyjntcq4xekts4qasu,"Withdraw ₳700,000 for ZK Bridge administered by Intersect",700000000000
8ad3d454f3496a35cb0d07b0fd32f687f66338b7d60e787fc0a22939e5d8833e,16,TreasuryWithdrawals,2025-07-18T15:40:57,575,576,,,ipfs://bafkreiechnwimuhwdwovwscljcsypzjlidrmktcbcssoovbgwgxkm4g4d4,"Withdraw ₳583,000 for Eternl Maintenance administered by Intersect",583000000000
8ad3d454f3496a35cb0d07b0fd32f687f66338b7d60e787fc0a22939e5d8833e,17,TreasuryWithdrawals,2025-07-18T15:40:57,575,576,,,ipfs://bafkreiceukwtpmes66twb3axkdmftpg3p5vyfolgcyhkentlbuilc274fq,"Withdraw ₳657,692 for Scalus - DApps Development Platform",657692000000
8ad3d454f3496a35cb0d07b0fd32f687f66338b7d60e787fc0a22939e5d8833e,18,TreasuryWithdrawals,2025-07-18T15:40:57,575,576,,,ipfs://bafkreicrrim5wicmsnrjpw7gp52jmebn7a2ly6j4eopjkvdsol6adyboqu,"Withdraw ₳266,667 for Cexplorer.io -- Developer-Focused Blockchain Explorer...",266667000000
8ad3d454f3496a35cb0d07b0fd32f687f66338b7d60e787fc0a22939e5d8833e,19,TreasuryWithdrawals,2025-07-18T15:40:57,577,578,,,ipfs://bafkreihd2hqcfvssop4aqxxqoch63ds6mkpapsfm7j7onyvemzayiby4ua,"Withdraw ₳605,000 for A free Native Asset CDN for Cardano Developers",605000000000
8ad3d454f3496a35cb0d07b0fd32f687f66338b7d60e787fc0a22939e5d8833e,20,TreasuryWithdrawals,2025-07-18T15:40:57,575,576,,,ipfs://bafkreigivcba5jtrmzvr4ilvokyyzbryry63cz6ctow7tjmmkjxpvgfbsq,"Withdraw ₳212,000 for AdaStat.net Cardano blockchain explorer",212000000000
8ad3d454f3496a35cb0d07b0fd32f687f66338b7d60e787fc0a22939e5d8833e,21,TreasuryWithdrawals,2025-07-18T15:40:57,575,576,,,ipfs://bafkreidy6xsjjpdccodhiurbdcvtcf5tqzkyfgx3ruuhso2ijjuovycuny,"Withdraw ₳15,750,000 for a MBO for the Cardano ecosystem: Intersect",15750000000000
8ad3d454f3496a35cb0d07b0fd32f687f66338b7d60e787fc0a22939e5d8833e,22,TreasuryWithdrawals,2025-07-18T15:40:57,577,578,,,ipfs://bafkreigltrp3abb6s667vrtnyspriii2j4wg25cieulbn26s3v36d4qsay,"Withdraw ₳592,780 for Beyond Minimum Viable Governance: Iteratively Improvin....",592780000000
8ad3d454f3496a35cb0d07b0fd32f687f66338b7d60e787fc0a22939e5d8833e,23,TreasuryWithdrawals,2025-07-18T15:40:57,574,575,,,ipfs://bafkreid2pq5icpp77nfvdvnb5ipy3fqs77tpnls4ngxy6semzkdq7d2z7y,"Withdraw ₳69,459,000 for Catalyst 2025 Proposal by Input Output: Advancing De...",69459000000000
8ad3d454f3496a35cb0d07b0fd32f687f66338b7d60e787fc0a22939e5d8833e,24,TreasuryWithdrawals,2025-07-18T15:40:57,575,576,,,ipfs://bafkreidcvqu57gic4bigicuk6ssiykrkrfzi7c3jlwgiyxuskggqnyvcim,"Withdraw ₳6,000,000 for Cardano Summit 2025 and regional tech events",6000000000000
8ad3d454f3496a35cb0d07b0fd32f687f66338b7d60e787fc0a22939e5d8833e,25,TreasuryWithdrawals,2025-07-18T15:40:57,576,577,,,ipfs://bafkreihhdmx6eumwipv4zlhlrbbkz6uj52y6xpzpjgwfnkzzzamtqgmq4u,"Withdraw ₳6,000,000 for Unveiling the First Unified Global Events Marketing S...",6000000000000
8ad3d454f3496a35cb0d07b0fd32f687f66338b7d60e787fc0a22939e5d8833e,26,TreasuryWithdrawals,2025-07-18T15:40:57,576,577,,,ipfs://bafkreidlb2fusg7asmfcnugcrzmfkhk6sb32b4st5ieji2q3oxmbhm6sma,"Withdraw ₳12,000,000 for Cardano Builder DAO administered by Intersect",12000000000000
8ad3d454f3496a35cb0d07b0fd32f687f66338b7d60e787fc0a22939e5d8833e,27,TreasuryWithdrawals,2025-07-18T15:40:57,,,577,578,ipfs://bafkreicek47fmmvljbc2bjosg23x7hj5h7ijg7on447oy5gfuii7opgm6y,"Withdraw ₳1,500,000 for Complement Catalyst: Extended Quadratic Funding---Zer...",1500000000000
8ad3d454f3496a35cb0d07b0fd32f687f66338b7d60e787fc0a22939e5d8833e,28,TreasuryWithdrawals,2025-07-18T15:40:57,577,578,,,ipfs://bafkreidb56gwlzeuzav2xfubcbqa7txllbl2byiadnlxjdr2dgaqgb7z4m,"Withdraw ₳3,126,000 for Ecosystem Exchange Listing and Market Making service...",3126000000000
8ad3d454f3496a35cb0d07b0fd32f687f66338b7d60e787fc0a22939e5d8833e,29,TreasuryWithdrawals,2025-07-18T15:40:57,577,578,,,ipfs://bafkreicewinu7ogkkxho7ubwpi6q4iy2xqs2pv4lhvueyz6qe3rkc2icru,"Withdraw ₳889,500 for Cardano Ecosystem Pavilions at Exhibitions",889500000000
8ad3d454f3496a35cb0d07b0fd32f687f66338b7d60e787fc0a22939e5d8833e,30,TreasuryWithdrawals,2025-07-18T15:40:57,,,577,578,ipfs://bafkreidccjzvdy7np2uybq22w4n52cqu2qguoaws4o3j3wvu2rk4n27npq,"Withdraw ₳3,000,000 for High-yield RWA Asset for Cardano: Tokenized Real Estate",3000000000000
8ad3d454f3496a35cb0d07b0fd32f687f66338b7d60e787fc0a22939e5d8833e,31,TreasuryWithdrawals,2025-07-18T15:40:57,575,576,,,ipfs://bafkreihki45xehzrcyk6e7onyjc3u4mjg3vbd72oi5wfg2h6blemtr65yq,"Withdraw ₳4,000,000 for Expanding Stablecoin / Cardano Native Asset Support...",4000000000000
8ad3d454f3496a35cb0d07b0fd32f687f66338b7d60e787fc0a22939e5d8833e,32,TreasuryWithdrawals,2025-07-18T15:40:57,575,576,,,ipfs://bafkreigq3zbxymon7of3x4jtn7zrzjk2merntcd54yhvmgsjsduq6h3zwa,"Withdraw ₳26,840,000 for Input Output Research (IOR): Cardano Vision - Wor...",26840000000000
8ad3d454f3496a35cb0d07b0fd32f687f66338b7d60e787fc0a22939e5d8833e,33,TreasuryWithdrawals,2025-07-18T15:40:57,575,576,,,ipfs://bafkreialtiknfumaxc23xjqxs2r4g5qjca3tikopmottieu5iq2sr77b3i,"Withdraw ₳199,911 for OpShin - Python Smart Contracts for Cardano",199911000000
8ad3d454f3496a35cb0d07b0fd32f687f66338b7d60e787fc0a22939e5d8833e,34,TreasuryWithdrawals,2025-07-18T15:40:57,575,576,,,ipfs://bafkreigrw7v6q2wcnbgjd22ev6eepitgaegtkkmhzwmsccfxmejkc3okbm,"Withdraw ₳314,800 for PyCardano administered by Intersect",314800000000
8ad3d454f3496a35cb0d07b0fd32f687f66338b7d60e787fc0a22939e5d8833e,35,TreasuryWithdrawals,2025-07-18T15:40:57,577,578,,,ipfs://bafkreicjt5d4y7phbqwyhfkmtz75u2nck3is5cuywkcisnmtsuibdrm3li,"Withdraw ₳750,000 for Cardano Product Committee: Community-driven 2030 Carda...",750000000000
8ad3d454f3496a35cb0d07b0fd32f687f66338b7d60e787fc0a22939e5d8833e,36,TreasuryWithdrawals,2025-07-18T15:40:57,575,576,,,ipfs://bafkreig4bosl5dfpmtqguybf4yaffkwo5hcaxxy2k7wlbwdl57twojfk2i,"Withdraw ₳104,347 for MLabs Research towards Tooling for Elliptical Curves...",104347000000
2c7f900b7ff68f317a7b0e42231d4aed36227660baf2ee9a4be7e880eb977313,0,TreasuryWithdrawals,2025-07-18T15:50:20,575,576,,,ipfs://bafkreibelpp2qzjcpeizeobf57tmhl4q6kauutytdve3mqzzjxzp2jqjxm,"Withdraw ₳99,600 for BloxBean Java Tools Maintenance and Enhancement",99600000000
47a0e7a4f9383b1afc2192b23b41824d65ac978d7741aca61fc1fa16833d1111,0,NewCommittee,2025-07-29T18:51:11,580,581,,,ipfs://bafkreicw6kinbtfwxygoj4jf7khextfq6a3yirlhkldhd7zizdq4xu2ghm,Replace Interim Constitutional Committee,
4ff43f1eab5252ef00ba6f1429dc23715e3899834f10c067e8065c8364d5559a,0,TreasuryWithdrawals,2025-08-02T12:46:02,,,580,581,https://raw.githubusercontent.com/snekadmin/Public/refs/heads/main/data.jsonld,Cardano Global Listing Expansion - Powered by Snek,5000000
1d6aea56e6a523b13e03ae30ff24ebf9852543b4f7d415c7e50f55f6baaa4e3d,0,TreasuryWithdrawals,2025-08-02T13:34:22,,,580,581,https://raw.githubusercontent.com/snekadmin/Public/refs/heads/main/data_final.jsonld,Withdraw ₳5M for Cardano's Global Listing Expansion - Powered by Snek,5000000000000
207b226e110e13bb18b119fcd313520e0fcd060b2bc9fb9a5e5bc6e94ab10f3b,0,NewConstitution,2025-08-04T15:08:40,,,581,582,ipfs://bafkreig4vjv636y7yhc3va6u4u6euluzs7wxwas5ntwqrvyzafjnnbcsgu,CARDANO BLOCKCHAIN ECOSYSTEM CONSTITUTION v2.0,
89e3a4f09122d669d6f6c82dd894e02826e8497be7eb036233bafc0ee4fc6665,0,InfoAction,2025-09-01T16:17:07,,,586,587,https://most-brass-sun.quicknode-ipfs.com/ipfs/QmTRrewK9MzARcCSYNFwmqizjFpMRK2kZhe9R6NJU4XHwJ,Cardano in Oceania: A community-led strategic plan for investing in growth.,
90cf51975f9c19c291bac3e57364a89507e64daa0a2d35e356f87e6684821556,0,InfoAction,2025-09-03T15:27:37,,,587,588,ipfs://bafkreiegpigegytetkwrqhftqphcqjkammmjipwq2d57s6xkfbtxiq3tei,Budget: ₳5M Loan for Cardano's Global Listing Expansion - Powered by Snek,
e5643c33f608642e329228a968770e5b19ef5f48ff1f698712e2ce864a49e3f0,0,InfoAction,2025-09-16T18:57:09,,,589,590,ipfs://bafkreihk5qt5tgbojnno7eymbm2urm6y6jkt4yqfxdzh3agnj47zuv7lpe,Stablecoin DeFi Liquidity Budget,
996edfe370b8e51be73541e75499a818461305e37c7fa0c1b193f2c587167cc7,0,InfoAction,2025-09-18T12:46:56,,,590,591,ipfs://bafkreigc2vumhgcgfuouuk5ndom4dg3yxncuhdcsyirbkybggd5bv47sve,Defining the Cardano 2030 Vision & Strategy,
d2db60c5307cb517c735e2d0138d2b6f10fc5b221d610fa187719bdc82af9a03,0,TreasuryWithdrawals,2025-09-23T11:01:41,,,591,592,ipfs://bafkreihju7a6zywpv3adaeeg4nnyrkewurng5csavsspmqsgikzg2suhry,"Withdraw ₳1,150,000 for GovTool 12 months active maintenance and development",1150000000000
c882f194684d672316212f01efc6d28177e8965b7cd6956981fe37cc6715961e,0,NewConstitution,2025-10-03T13:28:05,,,593,594,ipfs://bafkreig4ural237c4gczp4srzygsmlaquiibixiskus2lwy4a6vilivgiy,CARDANO BLOCKCHAIN ECOSYSTEM CONSTITUTION v2.3,
d2745225498d1c56c0f01be9971074a49144d625df0e73a86c51689624fbadb0,0,InfoAction,2025-10-21T20:16:17,,,596,597,ipfs://QmZdZ387ZfcDwQ4YYSPAvWX42gX1w8nGPdhbwk7gxTtNBE,Constitutional Committee Compensation Epochs 581-653,
a36eafaea085b77f97cceacf07fe9450f8c6b47fec3af94da8f7d158a1fc9722,0,InfoAction,2025-10-22T08:20:03,,,597,598,https://ipfs.io/ipfs/QmeMvA4j38n46hye724etsdUoUMzQ3T9bvmHMJUtNRf9ps,Securing  Generic Top-Level Domains for the Cardano Ecosystem,
03f671791fd97011f30e4d6b76c9a91f4f6bcfb60ee37e5399b9545bb3f2757a,0,TreasuryWithdrawals,2025-10-23T15:59:15,597,598,,,ipfs://bafkreidl43ghacdpczaims63glq5kepaa63d63cr5mrpznv56jdm7e2eny,"Loan ₳5,000,000 to Expand Cardano's Global Listings",5000000000000
3285b7fd0da16d21e0b8f8910c37f77e17a57cfff8f513df4baf692954801088,0,InfoAction,2025-10-24T07:07:56,,,597,598,https://most-brass-sun.quicknode-ipfs.com/ipfs/QmR7khTUdWyQFdNvyXDsuyZLUNsdfm7Ejo9wKfKdRE3ReG,Reimburse Ikigai Info Governance Action Deposit.,
8f54d021c6e6fcdd5a4908f10a7b092fa31cd94db2e809f2e06d7ffa4d78773d,0,InfoAction,2025-11-27T19:50:18,,,604,605,ipfs://bafkreicbxui5lbdrgcpjwhlti3rqkxfnd3vveiinkcu2zak5bny435w4yq,Cardano Critical Integrations Budget,
d16dffbae9d86a73cb343506e6712d79c278096dc25e8ba6900eb24522726bba,0,InfoAction,2025-11-30T20:13:21,,,604,605,ipfs://Qmeme8EWugVPQeVghpqB53nvG5U4VT9zy3Ta545fEJPnqL,2025 Net Change Limit Extension,
f8393f1ff814d3d52336a97712361fed933d9ef9e8d0909e1d31536a549fd22f,0,TreasuryWithdrawals,2025-12-08T22:34:44,605,606,,,ipfs://bafkreiecqskxkmakkrzrs2xs2olh5jcwbuz5qr5gesp6merwcaydcaojiq,"Withdraw ₳70,000,000 for Cardano Critical Integrations Budget",70000000000000
4dab331457b61b824bbc6ba4b9d9be4750e25c0b5dd42207aeb63c7431a6b704,0,NewCommittee,2025-12-09T20:49:04,601,602,,,ipfs://bafkreibqxuceexlhali4nhqo7tvsdzrcndzr775pv7wfsdq2lbxtyk4emu,Add Constitutional Committee Member,
eb8ef28ca80dbd9ced6f577f013bdfc64897d1f4e326beb37a50fb6b62c38ccd,0,NewCommittee,2025-12-15T20:36:44,,,607,608,ipfs://Qme6n18tBndukAbRyvHc6MMj8WrjsBnppYvTAmsm3SHa4y,Add Constitutional Committee Member - Christina,
3a5be93bafd26d0dbb9bfe19f4acecaa38cef75e50201d19199e6cc856db6601,0,InfoAction,2025-12-17T17:17:07,,,608,609,ipfs://bafkreifxxz6n33l5umvgxdoxzp35gsnbzvi63slmeqnwg3pj4gsrwnzr4e,"Cardano 2030: Vision, Mission, Strategy Framework and KPIs",
91a79f5c934b7c91e3027736d565080c2b6611fb8484b1156fdf16121fcfb410,0,NewConstitution,2025-12-18T03:17:40,608,609,,,ipfs://bafkreigxpweqv2rnh7ajt5hzdq6gikogmaq3nbyof5uvdntc4hkg52ghqy,CARDANO BLOCKCHAIN ECOSYSTEM CONSTITUTION v2.4,
a633504ddc47a852c4ae033c750597d011a3daf00a0f6bbd48de4c52ef1022dc,0,InfoAction,2025-12-29T20:48:29,,,610,611,ipfs://QmP25wNHBBh62eRUBnRbvpXz2DFJ5aQBgbqMq27zpHXNjs,"DeltaDeFi: Hydra Trading Infrastructure Budget (₳1,500,000)",
dc4c679c8cf1cec49817d4d2c1c96cd802ec8a047a11dc0b0bb125b5af0a76cd,0,InfoAction,2026-01-09T17:22:09,,,612,613,ipfs://bafkreidpcmogdet4beysyxq4u7l2qywplbfnahudyevqjcu2yxiceurn3u,Net Change Limit (Epoch 613 to Epoch 713),
8845bfc37bb2f69e8f200fe28148b3dea3c4399b0c49ee0ed2bb4e349cab9eb7,0,InfoAction,2026-01-13T11:44:59,,,613,614,ipfs://bafkreiaaevieqcufh6or65xtva2r2txy2tre45p4vlesfz5l3l5kpd6djm,Name Protocol Version 11 hard fork - van Rossem,
c21b00f90f18fce4003edf42b0b0d455126e01c946e80cc5341a9f9750caf795,0,ParameterChange,2026-01-14T18:16:48,613,614,,,ipfs://bafkreifwx5z25x6bh5vcwgvzrajy7qlgisukglywjjduwfsrsnp752pqca,Increase Transaction and Block Memory Units (Part 1 of 2),
4b10e5793208cb8f228756e02113227c91602248eac4d992681a0ee760b6c4e2,0,TreasuryWithdrawals,2026-01-15T03:32:00,,,614,615,https://raw.githubusercontent.com/theeldermillenial/2025-liquidity-budget/refs/heads/master/withdrawal-1/data.jsonld,Cardano DeFi Liquidity Budget - Withdrawal 1,500000000000
73a4eb2148781c37ef37c90a33a1d3d00511a8eefe9cdfaa1ea593b090f23f96,0,InfoAction,2026-02-07T03:55:52,,,618,619,ipfs://bafkreid7tr5uotr4bp2jp54q7lbm5p5eldncuahprj53msy6kqgjscyrdu,Net Change Limit of 300 Million ADA for Epochs 613–713,
dfdac5921ab657241fce58583d61bef59a369e01d2ba78191d6df6632a07fdfd,0,ParameterChange,2026-02-10T02:47:12,,,,614,ipfs://bafkreigmd7xasljkmisbal5pu2xcqolr2fkre4jnlllgqrof4wctadxa7m,Reduce minimum Constitutional Committee size (committeeMinSize) from 7 to 5,
2f2fc2539dde550d3c83bea67c11b03861407976bbe8d07c5b0e124aa8a12baa,0,TreasuryWithdrawals,2026-02-23T15:56:10,620,621,,,ipfs://bafkreicshobgfe6o6siinj6ym4yxpz4dyyf3dqfex3w42htfvhpdn6msfu,,10142000000000
e9693ed6b6465b2b46daaf641486a12b4b2946081634b5967b9d98897b0598fa,0,InfoAction,2026-03-05T16:01:57,,,623,624,ipfs://bafkreidkxk3akjqukgyuxp65g2pesfbhk2miepg7cd6tq7u2hujxmxqzvu,,
f35285db3c4e085ad331843b3007737952b8a322bb3216311edc37fdf44ad3da,0,TreasuryWithdrawals,2026-03-07T00:00:31,624,625,,,ipfs://bafkreibeffgc4ow5rxbttesgqqe36copa5rejtsw6b4jruwow2p3wahxtq,,6900000000000
e5c4d7ebaad03ac127ec19a286605a188d6fea1c54e075c619ca6993b7fa9fd1,0,TreasuryWithdrawals,2026-03-10T01:52:56,624,625,,,https://raw.githubusercontent.com/theeldermillenial/2025-liquidity-budget/f824da7f0c2dbab15e324d1736a967de87d34f7d/w1.jsonld,,800000000000
8807e3cee3be5647742c329c1dea242f0c1c29b8ad050e15169e3b0302fcbfd6,0,TreasuryWithdrawals,2026-03-12T22:29:04,623,624,,,ipfs://QmPXYnQ65EuKCVPrWfDqFZmiF8Y4PzxZ87XrGs6UaMkNru,,50000000000000
b518efa466593906ab388f978b3695449809aacdf28d2aaf4eb5ba16b3c24a1e,0,InfoAction,2026-03-17T09:56:15,,,626,627,ipfs://QmV9raiDbx8cs5wspNT8EiX5ReusETusVerwQBSrmhrX8N,Approve Cardano Foundation as New Managing Entity of Project Catalyst,
b11527fbcdc9d41e8f497de64a029a18673a5eefc413718459046f0b7a1a6656,0,TreasuryWithdrawals,2026-03-29T14:56:18,,,628,629,ipfs://QmNuDfoojLyBNqk7qEXjd4UvZUKRX5aALjRUydrrr1pxWb,,8035714000000
bd91fa7ea9b4e09f76cbde3abb0b564ffc60b27e18af464ccec9bef9c718d087,0,TreasuryWithdrawals,2026-04-09T13:49:24,,,630,631,ipfs://QmPZ6yDL62ms5ZGQfrPUXEDANrY9e2qrrzWVXRzbhJennk,,14076539000000
73e171a4c0730b4b59ecae271ab89f12a9d56360b02920e1f95107dbdc1d6762,0,TreasuryWithdrawals,2026-04-22T13:11:01,633,634,,,ipfs://QmUnSimkwuaXX357ugYxDkiUMzsKTYgcWvV74xWbiXUt3Y,,3601926000000
73e171a4c0730b4b59ecae271ab89f12a9d56360b02920e1f95107dbdc1d6762,1,TreasuryWithdrawals,2026-04-22T13:11:01,633,634,,,ipfs://QmeNzwKE9bMyr65E4Dxtvoji7WBbazXUVykqQWq1pHXZvQ,,13103039000000
73e171a4c0730b4b59ecae271ab89f12a9d56360b02920e1f95107dbdc1d6762,2,TreasuryWithdrawals,2026-04-22T13:11:01,633,634,,,ipfs://QmNqVt8X1EX9iJJXGaEeiZ5nbePL91NkZcoVedpn6gfKWA,,27714342000000
73e171a4c0730b4b59ecae271ab89f12a9d56360b02920e1f95107dbdc1d6762,3,TreasuryWithdrawals,2026-04-22T13:11:01,633,634,,,ipfs://QmZMFAZvCxW6HpRC1EKzNcensJv9N89yzKPn7uRTTJdTpx,,62134630000000
73e171a4c0730b4b59ecae271ab89f12a9d56360b02920e1f95107dbdc1d6762,4,TreasuryWithdrawals,2026-04-22T13:11:01,,,633,634,ipfs://Qmf3GSWna8PQFF2Vi5Css4R5pvGfaVUZ1zhCfHw9LqGKNV,,10425871000000
73e171a4c0730b4b59ecae271ab89f12a9d56360b02920e1f95107dbdc1d6762,5,TreasuryWithdrawals,2026-04-22T13:11:01,633,634,,,ipfs://QmfM3VRtGvpmxTDYrgGJoPSLW41SiNyeazfjusg98jrATS,,13078578000000
73e171a4c0730b4b59ecae271ab89f12a9d56360b02920e1f95107dbdc1d6762,6,TreasuryWithdrawals,2026-04-22T13:11:01,633,634,,,ipfs://QmPkZ6Azo1tJfWVRjwn8G1Qk7k1SC3Vk3L21WFPSracCzg,,11877575000000
73e171a4c0730b4b59ecae271ab89f12a9d56360b02920e1f95107dbdc1d6762,7,TreasuryWithdrawals,2026-04-22T13:11:01,,,633,634,ipfs://QmSaGx6WutdwLgfsw34JyawNf1a7XuK1YchEerdKSp8EkT,,7920000000000
73e171a4c0730b4b59ecae271ab89f12a9d56360b02920e1f95107dbdc1d6762,8,TreasuryWithdrawals,2026-04-22T13:11:01,,,633,634,ipfs://QmVdGh1cXgsMXGRS7mzxurxtkaqhU7VJMjx4piNSSHrBs2,,12290000000000
7b42570b685aa6085c8345f894a6b04df06cb6fb17f9f252cfe891ceae705ddc,0,TreasuryWithdrawals,2026-04-29T06:01:08,,,634,635,ipfs://QmQeNSMNUDWy75tgjPLqqUXDN7YvkVH6GS8iHx6P8adCAy,,7800000000000
3f0ff0d848cab1036621f92732fef5ea1cb6466305889777ee95496933dfd1e4,0,TreasuryWithdrawals,2026-04-30T05:45:51,634,635,,,ipfs://bafkreibmdzs4o5samwbjct7j6ufjbvqfyqj7yudgrklnb2yi3yznle3yae,,3303750000000
b4b48b8b822bb0039d312795821339b3719dfc0f682d51064dae716a7610e102,0,TreasuryWithdrawals,2026-04-30T08:25:42,,,635,636,ipfs://bafkreifl24qjwnj4qa2vqaun3wfwg7z4lzcgg3okdpdbqoa4oiouwfwdsi,,1768167000000
af15a6627176f13be28100d7aa96a40f103f63c98e553869e38ab135ff4292cd,0,TreasuryWithdrawals,2026-04-30T13:50:52,,,635,636,ipfs://bafkreifdoitcxw4anxadosoqi5y5ny647hym4u62gpyvkkuyg7wpnq6gbi,,39787316000000
2f583d8efb7a01da81df432f561a5a9bb2f5749555cea3e19d5097a9bfb06b52,0,TreasuryWithdrawals,2026-05-04T06:15:29,,,635,636,https://most-brass-sun.quicknode-ipfs.com/ipfs/QmSNGYbjMQfb8tMvPtqi5bdMeXsV5M27iFecFvddWmC8xL,,2400000000000
4705a3e4e2b3837c370774c357e31fb30aa02279ff8d34a770d855f905e502dc,0,TreasuryWithdrawals,2026-05-04T22:23:43,,,636,637,ipfs://QmbQPrRhUUtvqNitu9mgC8esM3kXmR5iHGhEkLX1UZaLDy,,4600000000000
4206ae0bc11ba74f9eb86cd561ba684e44f0f9dfe12bc8f23911422a7e0a75f3,0,TreasuryWithdrawals,2026-05-04T22:37:49,634,635,,,ipfs://QmYJynuvpv1mY7yWDL763LcscHrFSCAW9d8SvCDf4BRdHK,,4600000000000
5ad10ad39f49a0f93ac91e70482f114fdbcbc05b20ac774dbe23a82efbcb820a,0,TreasuryWithdrawals,2026-05-07T08:54:58,636,637,,,ipfs://Qmd1pXncVGaAwaZEBcDQqyj9jLjixk2mRpBwpuf24occP9,,32916000000000
0b3c83b5e62a63603948c247b47cfd012279756fa38cf73b0c6c19ce63f0868c,0,TreasuryWithdrawals,2026-05-11T17:34:46,,,637,638,ipfs://QmP76MXJwp19ZAcX8soUPyh5jcvMoK1DoLbxAJT9LLRhDK,,12000000000000
e0900fddf52f1f2f6439fa8a3aaa8c224ab59b6074d0e2db3b27c8f06b0e5d33,0,TreasuryWithdrawals,2026-05-14T15:09:43,,,637,638,ipfs://QmPuukXDGrY4VjeprLZhovQfWCY5RDyXjQAPUKhRFNPiDT,,8503000000000
9a020ea7a6a0d813ff08c92bd8300b26077ae69a4b827c4d432ac665120325d7,0,TreasuryWithdrawals,2026-05-15T12:52:13,,,638,639,ipfs://QmWmEKFTae7Q12HUeVyMui6ReCuTXRx55W6eahBGn9ECgn,,1680000000000
c05eed09c8706453c97c88d403c4ff43b7786a552fe8711aa07d3e6529ffd8ba,0,TreasuryWithdrawals,2026-05-20T20:58:08,638,639,,,ipfs://bafkreia3kwal45bb6ivjxzqohw6yvwkeiximblnfccsribzdny3mfb6fy4,,23000000000000
aaa6d9ccb72639c77db46b73bec2eaff9e5fcdfa04909cf1a0f7855a4d31485a,0,TreasuryWithdrawals,2026-05-21T14:23:23,639,640,,,ipfs://QmbLLQDmduuWJNESHtWXqFCKXTL6g8PvchzmMx7QavkeYS,,10000000000000
c82f3834898e4d70d3605fa0d92ffe31345701075b107a54309c1525f9581f62,0,ParameterChange,2026-05-26T16:18:46,637,638,,,ipfs://bafkreie4ykbbk6rjpiqqjcqhubk3b2yrzgvpntm4ozopx2ospendufvhyu,,
3f4b022c9913d52f9f39a8c82a1b9ebe5143fb745f3531f9366c7268bf9b9ce4,0,TreasuryWithdrawals,2026-05-29T17:58:46,,,640,641,ipfs://bafkreifbqd4hblfoi24clcyg4kzr4o2nivgprtaj7hi4uqdnjrvdz3rsfq,,2750000000000
17e43ffe4b2e0df1787d54f21ac66643c74abb131a326272fceecbdbbdd0d3fc,0,TreasuryWithdrawals,2026-06-03T16:13:33,640,641,,,ipfs://bafkreieyqnaojdv7rofmwd6pndv3j6uuho6cnyyjcowbk5p5x2ux4e744e,,18263496000000
c75bb221606687aa858ec89c7a15c88e9c17054f2e045ae31ecc8a9687cd206e,0,ParameterChange,2026-06-05T17:09:29,642,643,,,ipfs://bafkreidbxerdwxxntmmr6qvjvquyla3qbwhk3flfqjbm3d5lj2ubxfk3aq,,
4f6e5df9a6e14bd49e406e2bbb0d108b3be2be64b9569b930053a0c1eebe0d47,0,TreasuryWithdrawals,2026-06-08T19:56:01,642,643,,,ipfs://QmYaPeha2PvacQxAwt5ZRsunGGgVbNwgDzu9pxLWA8zS9d,,5100781000000
5d3a1f657fe330b51b459ca9b482fc1a3b6e3336227f880d8a058771c23e3ce2,0,InfoAction,2026-06-09T13:12:15,,,643,644,https://raw.githubusercontent.com/AGT-T/RTG/refs/heads/main/data.jsonld,Reforming Treasury Governance,
d52a4917df4f91c342eaf06ebb4c0a5c3156f6412d137f307cc77eb911f47ab1,0,TreasuryWithdrawals,2026-06-09T14:15:26,,,643,644,https://most-brass-sun.quicknode-ipfs.com/ipfs/QmSy2CiQhPBzzNLKDFVvMQaDb1FQDbmn9bJf6fVntVAQ1t,Reimburse Ikigai Info Governance Action Deposit.,103000000000
fbb8d1a4a8d6b62f8cd706944a0582b884c2b90187b8fada7953d5c6a33eb5a7,0,TreasuryWithdrawals,2026-06-16T09:20:06,644,645,,,ipfs://QmQ6cDaLLeBMnf1zio7Xn8jV8uTUk68tPirx5uKH6HLr3L,,2350000000000
fdd468da5cc4ac8431dcd7e2b3211666c73bc229f85879469f67f1d9d51d344d,0,HardForkInitiation,2026-06-16T15:49:53,643,644,,,ipfs://bafkreib3ds3bj7izvspcmodz543m5y66slpcmoifzmvpl6xvq6mozaak64,,
8721696358acdd43e34e5ed9ef1b3e2a1d2af9c1aa1972e017b9b9271b7ddc70,0,TreasuryWithdrawals,2026-06-18T20:16:52,,,644,645,ipfs://QmYM4nuNZTVMiMmvCr7mntct7YE1VgWyLgxGhyfWptgFgC,,9000000000000
b3d452bff7769d7f557ec6b8974760ee6c5e496c276652b654032966621e0ccf,0,TreasuryWithdrawals,2026-06-23T16:14:33,,,645,646,ipfs://bafkreie2tzzdv7w4b2rplt3ng47abfyutra2agiyqdlxvgexpljdvkaezm,,3961538000000
b3d452bff7769d7f557ec6b8974760ee6c5e496c276652b654032966621e0ccf,1,TreasuryWithdrawals,2026-06-23T16:14:33,644,645,,,ipfs://bafkreie3kt3363c47zgywymkz6sb5ae7b7i5ljepn3pmhjdjlpwuwptngi,"Withdraw 540,750 ada for by TxPipe Dolos: Maintaining Cardano's Lightweight D...",540750000000
b3d452bff7769d7f557ec6b8974760ee6c5e496c276652b654032966621e0ccf,2,TreasuryWithdrawals,2026-06-23T16:14:33,645,646,,,ipfs://bafkreidws5xwzccvn6lqlqroqmkdhob4uop6k7mvrrjbs5gaxskevkerbe,,1310960000000
b3d452bff7769d7f557ec6b8974760ee6c5e496c276652b654032966621e0ccf,3,TreasuryWithdrawals,2026-06-23T16:14:33,645,646,,,ipfs://bafkreifcdcyszxluac2norfjt7shba7uycplnwrkzr2ebkbpdxvpwo6unq,,1193000000000
b3d452bff7769d7f557ec6b8974760ee6c5e496c276652b654032966621e0ccf,4,TreasuryWithdrawals,2026-06-23T16:14:33,645,646,,,ipfs://bafkreibk6uedirxck6snc6lozidgc77gu322rvdn572xjfpt6iyql4qe6i,,25400000000000
b3d452bff7769d7f557ec6b8974760ee6c5e496c276652b654032966621e0ccf,5,TreasuryWithdrawals,2026-06-23T16:14:33,645,646,,,ipfs://bafkreibk6hukcc2ou2aabwau6a6xcaqn7mwo2vj2wzpk723yxlmdn2dcra,,3810423000000
b3d452bff7769d7f557ec6b8974760ee6c5e496c276652b654032966621e0ccf,6,TreasuryWithdrawals,2026-06-23T16:14:33,645,646,,,ipfs://bafkreidixjkquc6xtimbbdwet2klabcdzbt6kduktlca2ywl3slpqlgx2q,,1162746000000
b3d452bff7769d7f557ec6b8974760ee6c5e496c276652b654032966621e0ccf,7,TreasuryWithdrawals,2026-06-23T16:14:33,644,645,,,ipfs://bafkreicf3r76m64xzy4jqhfbbhmzwpjz2qcw7q27hzjm3r7eo24lbxr7li,,540750000000
b3d452bff7769d7f557ec6b8974760ee6c5e496c276652b654032966621e0ccf,8,TreasuryWithdrawals,2026-06-23T16:14:33,644,645,,,ipfs://bafkreicg6l7ug42xjsai4p7smkwqt4ly4zuzy65weenhiwehgub7mcbg4i,"Withdraw 540,750 ada for Pallas by TxPipe: Maintaining Cardano's Core Rust Li...",540750000000
b3d452bff7769d7f557ec6b8974760ee6c5e496c276652b654032966621e0ccf,9,TreasuryWithdrawals,2026-06-23T16:14:33,644,645,,,ipfs://bafkreidzymldukq7tuixvvwpwdqizfuz3pgtuon4b46pwjdciuxsordbue,,1684050000000
b3d452bff7769d7f557ec6b8974760ee6c5e496c276652b654032966621e0ccf,10,TreasuryWithdrawals,2026-06-23T16:14:33,644,645,,,ipfs://bafkreie4xwthsxjris2oc6sbmhspo757t6zdnyiyd6o4d7zyxs6vh5bzmy,,540750000000
0f75dd11be0b7a6cb4b305a175b17cf4b60cd307c052fccabf9f572950e70583,0,TreasuryWithdrawals,2026-06-24T03:01:28,,,646,647,https://raw.githubusercontent.com/sundial-protocol/alchemy-proposal/d5460de0ed4af81602c44b65567dd8a54cf1c61c/data.jsonld,,10000000000000
4b7abfa70d98858750c50cd651d54c2955303b5410b34f40eb259f2fffc7c939,0,TreasuryWithdrawals,2026-06-24T16:47:14,,,646,647,ipfs://QmT8VE8KBqPUYRpev2jybiMENhPrDh9gwjoNW9Pmgw4ffj,Cardano Builder DAO,20000000000000
35b44189eb4795d5775122da52a3a115753f83fd662dd1ff205ea633fc99b34e,0,TreasuryWithdrawals,2026-06-24T19:30:39,,,646,647,ipfs://QmYVmiR5xqF5kTW55EazGVsC5rsBxPno94m1sDu4SFndMc,,4969231000000
d8de068952df50c862fa1bce9b8180d3387976cbae0fb2c3d9ef84f0faaf64d6,0,TreasuryWithdrawals,2026-06-24T21:25:59,646,647,,,ipfs://QmdWtCCvK6CJUzP4SFiuL5W8hg3eNr5LyngJHnwjoNxJey,,1785333000000
5439b6141625436ccf600f910bb0b3301b6288933a2cdf7939758848ae8b9997,0,TreasuryWithdrawals,2026-06-26T13:51:52,,,646,647,ipfs://QmYiT1K8KUr5wvAEkuLmiFJm79oy9pZ8CB3PbToAUePDYp,,9832979000000
3234567a3f48ace25efc150f1369192615974e232ea06e0251701831d9e4486d,0,TreasuryWithdrawals,2026-06-29T14:02:41,,,647,648,ipfs://QmcZPndRnPR3giqybj1u24VVFx5q4csN9uYHuFCtT38uqD,,2464844000000
c0660dfd01b0a2d9ba7bac02014370096242ec756031b57d78080844fbbe9c05,0,TreasuryWithdrawals,2026-06-30T10:33:59,,,647,648,https://most-brass-sun.quicknode-ipfs.com/ipfs/QmcYmPjBjNMz4fuSJcyFmBRuCHuoGcQjvwRELsEm4DW1YD,,3333000000000
a75645e0871f3dbb6207df867d9bd6a1a3a5befa40d68df6da651db4d6607fbf,0,InfoAction,2026-07-02T16:33:15,,,647,648,ipfs://QmXFz2SrMXustcHZzmg6kz3vXRThebgyZ4pChF9grxqqMD,Net Change Limit: Cardano Treasury (Epochs 613-713),
dfd81f8db652fd9263e0ce3bef043b4823045ec3a5da10c817681ada7a23f034,0,TreasuryWithdrawals,2026-07-03T19:20:39,,,647,648,ipfs://QmZwHmFoyhd18WMRhv9356CXfbUqjkPsKKGZtCpVLaWgcU,,12332031000000
2f429bde312c0806bd16199da10f4145da9807161e99d4486174c6fb9a91f983,0,TreasuryWithdrawals,2026-07-08T03:35:17,,,648,649,ipfs://QmRyqT2c9tHbk9hMrYjjpJ3omRSC2HpSVCBT69kYsm7Szr,,4094000000000
529dccaadaa000746c22f1682574cb3f436eeba4d19710b90791a54226dc96d7,0,TreasuryWithdrawals,2026-07-09T16:30:25,649,650,,,ipfs://bafkreieaerpnfvjblld4pywite3rbfxkebf2fvlacerklrdmsfvp4kvui4,"Withdraw 120,000,000 ada for AlphaGrowth’s Cardano PRIME",120000000000000
48bab0ca71cc46f2ee421242b14f292b8c8382bda707d03ea662644bed22b893,0,InfoAction,2026-07-23T15:57:02,,,651,652,https://str8pool.com/governance/2026-07-23-FabianvBergen.jsonld,,
ab474223d40e2e3540555364be27e161a809c33651408f43d84acff10c0ba306,0,ParameterChange,2026-07-30T17:21:01,,,653,,ipfs://bafkreifc5ct5fpeu4ygx6k4cqzbyzny7xfmuljywgn7jge3zkf2tidacym,,
729daaf2f9f89f842a61f6e3ebf7e57d16d6fa4116e29c13114780cb39090850,0,NewCommittee,2026-07-31T17:34:42,653,,,,ipfs://bafkreif22553h3reaedrd376hzgkjng6kxnb3o7ycu3j4pzjbcjerv2bce,,
f57f8fcb4e83ad1b6f58bffd4a302aacbb5a90874c83c5f84a7f8b4bb43ce9bc,0,TreasuryWithdrawals,2026-08-14T18:47:38,,,,,https://gray-top-unicorn-495.mypinata.cloud/ipfs/bafkreia4wvoh2oa4hb55kvsxt3adyrrl2lyn245huo4lkeyhus3yvijq2q,,4207967000000
7d37220b71806410cc8adfbdafbad494e1ce3fdc674ab13c88a72b3b27de78d9,0,TreasuryWithdrawals,2026-08-17T08:18:17,,,,,https://most-brass-sun.quicknode-ipfs.com/ipfs/QmSy2CiQhPBzzNLKDFVvMQaDb1FQDbmn9bJf6fVntVAQ1t,Reimburse Ikigai Info Governance Action Deposit.,103000000000
