root_seed_id,drep_id_bech32,latest_distinct_stake_addresses,latest_epoch_min,latest_epoch_max,latest_observed_block_time_min,latest_observed_block_time_max
cf,drep_always_abstain,218,507,621,2024-09-02 00:20:23,2026-03-27 06:46:51
cf,drep1qe2l8gw8v7ydswfp9twytxcc3wzwdq8npt55f3vnlgv2u8sx3nt,30,547,615,2025-03-24 19:25:21,2026-02-26 18:43:14
cf,drep13d6sxkyz6st9h65qqrzd8ukpywhr8swe9f6357qntgjqye0gttd,20,514,607,2024-10-08 03:50:47,2026-01-19 09:34:49
cf,drep16tsw66jtrver8ur3y3zzq2fl0m4swl4lwk88fvu8d4z4ydukrj0,13,519,589,2024-11-01 14:34:34,2025-10-19 21:37:18
cf,drep_always_no_confidence,13,520,596,2024-11-10 03:17:31,2025-11-22 19:20:21
cf,drep1kyppjlhz4lawh4g0ewx2d8a5l20t4yclfnppnuvdkmt7vccg836,12,518,535,2024-10-28 07:47:41,2025-01-22 18:44:12
cf,drep1n6gwr6wsyhawt2lewpssmqqnfu4ss75h0stc25lkpsl2q72gycy,7,528,576,2024-12-17 12:39:50,2025-08-13 07:03:08
cf,drep127pc58jyky40fvess0c4tjxkrnkf8ta3sfltvm4ptypqc5fgav3,6,515,539,2024-10-12 01:03:26,2025-02-10 12:01:53
cf,drep1km69g7ksf8t5g0h9d9tkrcd2tezxelx0wtr76rv2mrkl5nzd6v3,6,530,594,2024-12-26 19:48:46,2025-11-14 12:48:10
cf,drep1qz8frp3eq58v3dcguhv0753yt9gf3g50plrxw8rxu2f2krf2p5d,5,512,597,2024-09-30 06:49:17,2025-11-28 06:14:04
cf,drep1ydvwp8x9j8u4flwjqwxf8jdjwp9p4zf2x4rk7vv7fgzk6j2k7c6,4,508,528,2024-09-09 15:55:57,2024-12-18 05:15:30
cf,drep1yzzd7prdl628lwac455e0sc5wtw2fldg3f2th6jg7r5c7pvf3mk,4,520,616,2024-11-09 07:01:35,2026-03-02 17:01:58
cf,drep13hw8d4m6pc9wfj2xmpr3xjhvl4wyhkvkqwq6qxn9atw9ssqheer,3,524,566,2024-11-25 22:45:55,2025-06-26 18:17:58
cf,drep158mfwdv7lvqzg0yrdxwhsmkq5406nmvw4yvjyyfcawlwus2eylt,3,578,578,2025-08-25 03:46:23,2025-08-25 04:35:22
cf,drep1mvn7l9djdckd533eql2rxx42wr93sdvdzwp3zmz4j8h6ss7vkfl,3,512,571,2024-09-30 16:44:51,2025-07-22 12:05:30
cf,drep1000002hneyj7jl9y95m0zxdsg6dp9n9y59lvlm7xjqp4qh2jx7h,2,543,572,2025-03-03 00:58:32,2025-07-26 21:20:43
cf,drep14l69ewnmc5h6uftda9ghs3mw49hdu7w93e9alhzxckp0v5pczql,2,588,600,2025-10-12 16:47:26,2025-12-11 01:56:39
cf,drep14pjm8ytt682wkp4jcegdj2yerkcy9a20xevvp7udlcd0ggjxdud,2,557,557,2025-05-11 00:55:42,2025-05-11 00:57:20
cf,drep17c2cvvx6d2xxwwwea6d9w4g8jnzprnxs3ag8mawf45kvvswfhgj,2,554,557,2025-04-28 16:00:08,2025-05-10 21:11:20
cf,drep1897nvzpn69pmpcgxejzgasre3mztxj7qf2hqs5se9n3p7qdc3yt,2,522,532,2024-11-16 14:27:51,2025-01-06 07:38:29
cf,drep1c59ehxlwkrsulmzhxpx86gr5d4vl9vl8rwa6s3l53du7yeus3y6,2,527,528,2024-12-15 01:02:33,2024-12-18 16:10:17
cf,drep1duf9wj2007jp8zd2k2khq69ppykwq68zsp8vksselwaj5nvnr3n,2,525,589,2024-12-03 07:00:22,2025-10-18 14:42:57
cf,drep1ectemlv45xsnvenfgkhwsxncfvxev4qllj7x5w6vlfc7kmd9zcs,2,597,605,2025-11-29 12:21:03,2026-01-07 13:06:13
cf,drep1kwquh5nf00lfhxmxafd6y6pgc25fvm0d8xx2rtaymtpjgyjagzn,2,508,509,2024-09-11 13:54:12,2024-09-16 09:54:27
cf,drep1l0yurnsfze54j5h0k9y8psus48nzc9geqh8sga3k7atngxrvmfl,2,522,528,2024-11-16 14:26:52,2024-12-18 03:04:48
cf,drep1mkmnzmtlflcadyyy7g6ju3sn9ppcrut5wn73x00mfwmw642g5qy,2,588,589,2025-10-13 17:27:17,2025-10-19 15:13:16
cf,drep1nha38e3edus947xvjlgfurt3zgvh60jnwlqszwfgeh79746tqec,2,579,579,2025-09-01 14:08:39,2025-09-01 14:10:30
cf,drep1npqc9m60dg9a27e852jn8wse9h3l975qsgwgh22mmh2eqzrlsfc,2,519,555,2024-11-02 00:42:02,2025-04-30 17:08:13
cf,drep1sy4x93yl9c6q59ewmhxpkumkjnlz8th4wfetddj8lzryvsu7hqk,2,527,531,2024-12-13 17:08:24,2025-01-03 18:21:54
cf,drep109rd2sz08kvw089d4hw7zy2ygjs575rwh429ntn37fx5v3pwhtl,1,530,530,2024-12-26 13:01:43,2024-12-26 13:01:43
cf,drep125s4lx920k0z38fptf2lvtf933kr5udts3ahdh5am0nxzcqwua9,1,511,511,2024-09-23 21:37:39,2024-09-23 21:37:39
cf,drep159gyj5naypamldy257r9g8hsmj8caxrjdw8j3ez0zl0qqu23zd6,1,558,558,2025-05-19 02:59:15,2025-05-19 02:59:15
cf,drep15jspgw8ea9pw3w0fwyqam2lw58ulw7z6qhr8qyuah7j0yj962w7,1,507,507,2024-09-05 21:39:22,2024-09-05 21:39:22
cf,drep15nvw9d6zr6m08dpckkx4d3g6dplc5vh7yhekyjw0vq07spk38ak,1,511,511,2024-09-25 06:10:33,2024-09-25 06:10:33
cf,drep17rksqsgqx8ej3rtc3x4gjm8a44u6w3qcshfm46yc9tq4zeffuzj,1,537,537,2025-02-03 13:33:18,2025-02-03 13:33:18
cf,drep1alkaplr0l7lt9fva4zrduvke22m8tsntw380p2ery9w7gpf74km,1,542,542,2025-02-26 13:26:44,2025-02-26 13:26:44
cf,drep1cm6mupj0lszffgnfe3t0we7r7c9kwc6lxd4ad7dstf6gggtdqc3,1,553,553,2025-04-24 11:33:22,2025-04-24 11:33:22
cf,drep1e7uj4v5klc5vgllc637a92v4wupq6h5qc55zelk2zmjcuhqgfn4,1,529,529,2024-12-22 20:03:36,2024-12-22 20:03:36
cf,drep1ef0pqfwpc8qlfvq22qxflz0jzhtxcxx3ufj3ck8z9mupxjcsz3v,1,533,533,2025-01-13 15:22:05,2025-01-13 15:22:05
cf,drep1f8dqtkx6snn7wn7ygdsyxqx5q2x0kmak5je4jvpxmx36y5qvcup,1,595,595,2025-11-16 23:08:00,2025-11-16 23:08:00
cf,drep1gdgxcfaf24rur87f6rjkayn5slf7k0kspmq30nsfff6w23q8qgc,1,563,563,2025-06-10 01:07:11,2025-06-10 01:07:11
cf,drep1ghq6tzqa3wn24pmnmspz7l8u7jauxatmqvquekt95v7tzupktt7,1,566,566,2025-06-24 22:13:09,2025-06-24 22:13:09
cf,drep1gsnseus5um6kckgtyx3pvav23wv9ss2pzyndawtj3uqsw5dr4q5,1,576,576,2025-08-14 11:09:31,2025-08-14 11:09:31
cf,drep1gszrx2zmplzan8e960tlhrlyutwlmmpgtp5h8xukzvr5zasda2p,1,554,554,2025-04-28 20:14:28,2025-04-28 20:14:28
cf,drep1jnmmkfwpta0yuwjchw0gu6csh75vy62088egy9n67d0zc7sn83m,1,518,518,2024-10-27 22:31:28,2024-10-27 22:31:28
cf,drep1kl4yss3v5qsw9j9smpakfcwhm7yrw0zkv3es80qx73wl5n09y59,1,529,529,2024-12-21 22:10:46,2024-12-21 22:10:46
cf,drep1lhkqu7uhq9532xr5558q7gh5rl54m4ezav8p5yfkgz27yrx735a,1,523,523,2024-11-22 04:55:26,2024-11-22 04:55:26
cf,drep1lx4gzl5xvmdrthnkrtc4zxdadhwsyz6rz6r80me047t0seant4v,1,534,534,2025-01-15 22:31:07,2025-01-15 22:31:07
cf,drep1m6h3hjxvheyxwfwfu0zwlaxew6h0cgr2g2vz7vdeway0s40hn29,1,524,524,2024-11-26 00:57:31,2024-11-26 00:57:31
cf,drep1m7rzzk4ftvd02w872genpy6kzeyplhdyjeaw9kq3yhmzxtwnfu0,1,569,569,2025-07-12 15:35:47,2025-07-12 15:35:47
cf,drep1m8mnpykcjfyax5mcs42whu3dt347u8aq43x45ucs6dv3ztw0lez,1,619,619,2026-03-16 16:48:18,2026-03-16 16:48:18
cf,drep1nukj2haua0dfu80tpzss0wz66mc6lwwnzjtxwrq325s8qqs3g2c,1,553,553,2025-04-24 03:57:22,2025-04-24 03:57:22
cf,drep1nw0s4rsananj6d473p9uz9yh08jlpl8krc2gxgv2enrg6vuem45,1,534,534,2025-01-18 11:08:42,2025-01-18 11:08:42
cf,drep1nz5796lkhg02luejzc3aec3pdv0tz0s0tg94npxxck7qwayutfs,1,611,611,2026-02-05 15:44:16,2026-02-05 15:44:16
cf,drep1pldju6te2rttusf9lq52fzjk6vscq6zsl9z3tlskwwwgxz40xcd,1,610,610,2026-02-01 05:49:45,2026-02-01 05:49:45
cf,drep1rzyq8kfvk2wkymvj6rhxttelrwrky8mad2cz6kajehtz20uev0x,1,533,533,2025-01-12 14:50:56,2025-01-12 14:50:56
cf,drep1smycdt70dg58adcxm7t9gyhznay3hkc48hznr5sss6dr72duwlz,1,516,516,2024-10-18 09:07:38,2024-10-18 09:07:38
cf,drep1u05yg5ttgkchzpwly339xrc026x27unxjd6vd7dv7umzj2xns0e,1,594,594,2025-11-11 20:49:16,2025-11-11 20:49:16
cf,drep1vjwg9fm0h8f0qeg7txujermuzcum8tnxrafpqjj23yr02urhgjy,1,537,537,2025-01-31 22:15:37,2025-01-31 22:15:37
cf,drep1wfwvaduzxyg75a67m5k0u4m746ymzefqs4nsxz2mrv5dwm22ntt,1,519,519,2024-11-02 15:55:12,2024-11-02 15:55:12
cf,drep1wwmwukesapdkwzqycnfmtlva4hxdgmvuudxpczv88ujewk5tgkt,1,528,528,2024-12-16 15:55:18,2024-12-16 15:55:18
cf,drep1ya6hzdt4kplm2zfnshschz8vweujcxt3f4azyvaplk6xjyw262e,1,531,531,2024-12-31 14:07:23,2024-12-31 14:07:23
cf,drep1ypft5p9fdetpr2zy7zww9j3nku6px06cwkstzqh75sk5vn6t4pa,1,563,563,2025-06-12 19:21:43,2025-06-12 19:21:43
cf,drep1ysy0kzhamk2cvfzrql50unfj9jkk2zffxtaae5zmc39cs3uec6j,1,541,541,2025-02-22 11:24:21,2025-02-22 11:24:21
emurgo,drep_always_abstain,563,507,621,2024-09-02 00:20:23,2026-03-27 15:41:37
emurgo,drep1qe2l8gw8v7ydswfp9twytxcc3wzwdq8npt55f3vnlgv2u8sx3nt,82,547,620,2025-03-23 22:48:59,2026-03-22 17:39:29
emurgo,drep_always_no_confidence,32,516,611,2024-10-17 14:29:15,2026-02-06 04:13:34
emurgo,drep16tsw66jtrver8ur3y3zzq2fl0m4swl4lwk88fvu8d4z4ydukrj0,21,509,606,2024-09-14 01:49:07,2026-01-14 01:00:42
emurgo,drep13d6sxkyz6st9h65qqrzd8ukpywhr8swe9f6357qntgjqye0gttd,20,510,620,2024-09-21 12:24:29,2026-03-23 00:07:26
emurgo,drep1kyppjlhz4lawh4g0ewx2d8a5l20t4yclfnppnuvdkmt7vccg836,13,531,603,2025-01-01 07:32:57,2025-12-29 11:13:27
emurgo,drep127pc58jyky40fvess0c4tjxkrnkf8ta3sfltvm4ptypqc5fgav3,10,507,585,2024-09-04 14:21:09,2025-09-28 03:02:24
emurgo,drep1n6gwr6wsyhawt2lewpssmqqnfu4ss75h0stc25lkpsl2q72gycy,9,507,603,2024-09-06 19:52:54,2025-12-26 19:33:16
emurgo,drep1qz8frp3eq58v3dcguhv0753yt9gf3g50plrxw8rxu2f2krf2p5d,8,518,609,2024-10-28 19:55:52,2026-01-24 23:29:04
emurgo,drep1jnmmkfwpta0yuwjchw0gu6csh75vy62088egy9n67d0zc7sn83m,7,528,585,2024-12-17 15:15:21,2025-09-28 06:10:54
emurgo,drep1km69g7ksf8t5g0h9d9tkrcd2tezxelx0wtr76rv2mrkl5nzd6v3,7,507,621,2024-09-03 11:10:11,2026-03-27 15:35:30
emurgo,drep109rd2sz08kvw089d4hw7zy2ygjs575rwh429ntn37fx5v3pwhtl,5,530,605,2024-12-26 13:01:43,2026-01-08 16:54:14
emurgo,drep15jspgw8ea9pw3w0fwyqam2lw58ulw7z6qhr8qyuah7j0yj962w7,5,521,554,2024-11-12 04:05:36,2025-04-27 02:46:17
emurgo,drep1mkmnzmtlflcadyyy7g6ju3sn9ppcrut5wn73x00mfwmw642g5qy,5,527,583,2024-12-12 06:31:33,2025-09-21 20:52:38
emurgo,drep1000002hneyj7jl9y95m0zxdsg6dp9n9y59lvlm7xjqp4qh2jx7h,4,532,566,2025-01-05 11:57:01,2025-06-26 17:43:46
emurgo,drep120m237kstm7pzywv5nwtjm8gj8dl55j9nupwlkapz77mgv7zu7l,4,523,581,2024-11-25 08:36:34,2025-09-08 10:23:13
emurgo,drep125s4lx920k0z38fptf2lvtf933kr5udts3ahdh5am0nxzcqwua9,4,510,620,2024-09-20 20:42:13,2026-03-22 23:55:56
emurgo,drep1sy4x93yl9c6q59ewmhxpkumkjnlz8th4wfetddj8lzryvsu7hqk,4,527,586,2024-12-13 17:07:53,2025-10-05 17:38:34
emurgo,drep1g2d3y3skgr806wj2ryhhc5ca3akx6vmppde87jq7kgknjmv589e,3,570,582,2025-07-17 20:32:31,2025-09-11 23:14:34
emurgo,drep1lw0n54ypc0pcqeptzwycpp0nk3c3wh62gnss79txgcdjgds4tvl,3,516,570,2024-10-17 13:30:59,2025-07-18 19:15:30
emurgo,drep1npqc9m60dg9a27e852jn8wse9h3l975qsgwgh22mmh2eqzrlsfc,3,520,555,2024-11-10 05:29:34,2025-04-30 17:08:13
emurgo,drep1yzzd7prdl628lwac455e0sc5wtw2fldg3f2th6jg7r5c7pvf3mk,3,514,616,2024-10-11 12:28:43,2026-03-05 05:03:02
emurgo,drep1zekyxrq5auz5c8gf0p6zehtmfnl7s9q4uqq8m4wkvm4e764u3yw,3,543,565,2025-03-02 17:45:08,2025-06-22 11:13:38
emurgo,drep17vw9clp7lnv2qjqtnx68vm6yjfslpgewprqa4kxg7rmkznaryj5,2,509,509,2024-09-12 05:40:12,2024-09-12 05:56:36
emurgo,drep1897nvzpn69pmpcgxejzgasre3mztxj7qf2hqs5se9n3p7qdc3yt,2,524,554,2024-11-30 21:08:05,2025-04-25 15:49:02
emurgo,drep1c59ehxlwkrsulmzhxpx86gr5d4vl9vl8rwa6s3l53du7yeus3y6,2,526,538,2024-12-09 13:12:56,2025-02-05 14:49:54
emurgo,drep1cm6mupj0lszffgnfe3t0we7r7c9kwc6lxd4ad7dstf6gggtdqc3,2,510,534,2024-09-21 17:54:48,2025-01-16 15:58:04
emurgo,drep1h95f0wrxasn0fwfajwe8jtjfdw5nd880d073wh2llvxk54rvnus,2,537,606,2025-01-31 00:31:38,2026-01-10 03:19:02
emurgo,drep1hsy55c300sxskmq0vssqgp8uahwhcdnxxevzysmd7gzmcgzgzsu,2,547,552,2025-03-22 16:55:38,2025-04-17 23:00:14
emurgo,drep1lrtg6qx8tend00wuxs0eg5mgwxejrcu8s5w6zyk07745xuzqf7a,2,522,533,2024-11-17 06:38:52,2025-01-11 08:12:08
emurgo,drep1phvyckc7tqqlftyxqvp9fjdgczac4swsc7ssj26h785uxhwx0tt,2,527,576,2024-12-14 21:41:42,2025-08-17 19:13:19
emurgo,drep1pldju6te2rttusf9lq52fzjk6vscq6zsl9z3tlskwwwgxz40xcd,2,593,610,2025-11-08 08:01:52,2026-02-01 05:49:45
emurgo,drep1t2vz3lrh2vjxcah2mwdjlcsm9l2kxmqy4lqhnm7tawltsm6rugp,2,510,588,2024-09-18 16:39:02,2025-10-15 23:47:11
emurgo,drep1xgzlpyy3pvywm5wvhkvyz9cpga5wylme6wdu6l9vn5g6cp38jdj,2,516,578,2024-10-21 09:35:00,2025-08-27 19:40:42
emurgo,drep1ya6hzdt4kplm2zfnshschz8vweujcxt3f4azyvaplk6xjyw262e,2,531,544,2024-12-31 14:07:23,2025-03-06 11:28:54
emurgo,drep1ydvwp8x9j8u4flwjqwxf8jdjwp9p4zf2x4rk7vv7fgzk6j2k7c6,2,528,553,2024-12-18 11:38:35,2025-04-21 15:24:24
emurgo,drep104534qle8pq34satg3xxr2vp67v9630wc67qfq0ly0vycfrx5l3,1,542,542,2025-02-26 01:23:16,2025-02-26 01:23:16
emurgo,drep12fxcl29dk55lkqqtdce967xm7qsakx4ewyt3apyerwpu5mqcnfw,1,524,524,2024-11-28 10:09:19,2024-11-28 10:09:19
emurgo,drep13hw8d4m6pc9wfj2xmpr3xjhvl4wyhkvkqwq6qxn9atw9ssqheer,1,532,532,2025-01-05 09:18:16,2025-01-05 09:18:16
emurgo,drep13yw08r2vm4fek08uz0qvz6le379fsdalt3tmwkntxqlgjcdfekw,1,594,594,2025-11-14 06:12:50,2025-11-14 06:12:50
emurgo,drep143lxtf54ps3xe3sjtls06r6apndw779njp0m4n4m0m3xvynaq4c,1,514,514,2024-10-10 04:01:27,2024-10-10 04:01:27
emurgo,drep14l69ewnmc5h6uftda9ghs3mw49hdu7w93e9alhzxckp0v5pczql,1,587,587,2025-10-09 03:52:58,2025-10-09 03:52:58
emurgo,drep14pjm8ytt682wkp4jcegdj2yerkcy9a20xevvp7udlcd0ggjxdud,1,522,522,2024-11-20 08:56:16,2024-11-20 08:56:16
emurgo,drep155mx8fszw892n4f0afmy8vern5takfkuycgdgkfxxd3fws4gmfk,1,526,526,2024-12-10 21:01:52,2024-12-10 21:01:52
emurgo,drep158mfwdv7lvqzg0yrdxwhsmkq5406nmvw4yvjyyfcawlwus2eylt,1,537,537,2025-01-30 19:04:43,2025-01-30 19:04:43
emurgo,drep15l8ngwtywu59eshrw6nswa5y2mh2p2699za5w6v2nzsqg7x33af,1,579,579,2025-08-30 07:11:24,2025-08-30 07:11:24
emurgo,drep15nvw9d6zr6m08dpckkx4d3g6dplc5vh7yhekyjw0vq07spk38ak,1,527,527,2024-12-14 06:30:47,2024-12-14 06:30:47
emurgo,drep17delrdj6c38jgmh73y4rs3qxrad3k4qtnscx2f3v4z3x6vp08vd,1,575,575,2025-08-11 01:17:00,2025-08-11 01:17:00
emurgo,drep185yt5r9avk7m9zfyx4cuycak9eeksj0w6rfua6t9c4q6k23mz02,1,537,537,2025-01-30 15:12:14,2025-01-30 15:12:14
emurgo,drep1afljuuafncq4qg46r5zdtjwffenf3gkn4cdeqlqq6e5kkgh6v6t,1,561,561,2025-05-31 19:57:49,2025-05-31 19:57:49
emurgo,drep1aqr3j77yyu92kyjuln30n59tpnp5z3aceaq6d5ljr0jx6ket027,1,574,574,2025-08-06 04:40:53,2025-08-06 04:40:53
emurgo,drep1at8ej9hllmfjms7c5j3xm579qrn7xcn95avesf4s2za22ukhurv,1,534,534,2025-01-15 00:51:55,2025-01-15 00:51:55
emurgo,drep1d65maj046auj5ccj9mfwmy4xk6gvkmvpz534unz4jclnqgx6qvu,1,581,581,2025-09-09 14:33:08,2025-09-09 14:33:08
emurgo,drep1du87slp2v6esqfw3pjdpz2kds3fdjjwghp9q7y56mhnzwqd580j,1,552,552,2025-04-18 09:48:08,2025-04-18 09:48:08
emurgo,drep1duf9wj2007jp8zd2k2khq69ppykwq68zsp8vksselwaj5nvnr3n,1,522,522,2024-11-18 15:36:50,2024-11-18 15:36:50
emurgo,drep1e6cuc37dxye87epzzmcfqs6t32s6ev924jp6aga77jmmvf9va2t,1,576,576,2025-08-14 02:30:53,2025-08-14 02:30:53
emurgo,drep1e7wfa29m9gqnqn6yh4uehv5tfz26dcmzhayh3gt5q4l25xrnv2c,1,556,556,2025-05-07 08:22:56,2025-05-07 08:22:56
emurgo,drep1ectemlv45xsnvenfgkhwsxncfvxev4qllj7x5w6vlfc7kmd9zcs,1,599,599,2025-12-09 18:05:25,2025-12-09 18:05:25
emurgo,drep1g0g4ntlgxfnanvtqaa405y3ruszqyfhx46snptktzwg8xvtce0u,1,527,527,2024-12-13 07:52:02,2024-12-13 07:52:02
emurgo,drep1hvlx2cdu7ql8238dwhrjrncm43q3sl5hlmcmp24p0rcnzcwzcyd,1,534,534,2025-01-18 07:53:30,2025-01-18 07:53:30
emurgo,drep1hz3af6wgav29ue9e8tdlgr2kd4gpfned63rupkt9z9h7zueerle,1,577,577,2025-08-21 18:25:07,2025-08-21 18:25:07
emurgo,drep1k0p2sr3pl4ylu86y0dlamae9r9csdsuhfpec2mrgtckkqxph6e8,1,615,615,2026-02-24 20:49:36,2026-02-24 20:49:36
emurgo,drep1l0yurnsfze54j5h0k9y8psus48nzc9geqh8sga3k7atngxrvmfl,1,535,535,2025-01-20 00:41:51,2025-01-20 00:41:51
emurgo,drep1m2k6dp66gr83chkff2fr6y76wgta5xx8umstphsrrsw9ylhcfha,1,566,566,2025-06-28 12:18:49,2025-06-28 12:18:49
emurgo,drep1m7rzzk4ftvd02w872genpy6kzeyplhdyjeaw9kq3yhmzxtwnfu0,1,533,533,2025-01-10 19:21:19,2025-01-10 19:21:19
emurgo,drep1ng2exqa5zjz8wfd87wd7kkmlmurx2ef79ddlag7lww8hvtnjzuq,1,521,521,2024-11-11 18:01:12,2024-11-11 18:01:12
emurgo,drep1nsrvsnf88cchsc4dzh7kvyn2xqvxn5f7hhenlt8d88gexd2e44q,1,557,557,2025-05-11 01:09:13,2025-05-11 01:09:13
emurgo,drep1qf7fk4r678gnm65hrsyhgjj56qakdygcakvl4hfu87rxgvh9j9z,1,528,528,2024-12-19 21:20:13,2024-12-19 21:20:13
emurgo,drep1rn9jm2r7l6cu5jfy53pzzvztayg388n66ll7sghj2dt0uah8u3j,1,558,558,2025-05-19 15:43:29,2025-05-19 15:43:29
emurgo,drep1s66dp7mlmpvqwqp4xltvzn6q2086whe0n48kwrfrmmyngmuvvhr,1,536,536,2025-01-25 23:13:25,2025-01-25 23:13:25
emurgo,drep1sfr9rpws87tesvdzdlmznn5hrf3ezktmwqt9juj3jgelz6mqn60,1,525,525,2024-12-03 16:36:24,2024-12-03 16:36:24
emurgo,drep1smycdt70dg58adcxm7t9gyhznay3hkc48hznr5sss6dr72duwlz,1,551,551,2025-04-10 19:39:48,2025-04-10 19:39:48
emurgo,drep1u05yg5ttgkchzpwly339xrc026x27unxjd6vd7dv7umzj2xns0e,1,519,519,2024-11-04 11:06:35,2024-11-04 11:06:35
emurgo,drep1u632p38chcackajaw84rhsx7vpsxz4fcetee2tct8pyrgeftpr7,1,526,526,2024-12-10 17:21:07,2024-12-10 17:21:07
emurgo,drep1ukanq0sluynnjnumywfp5du3w9qtkgs4q48gpcwvj8nyg9264gf,1,526,526,2024-12-06 11:13:26,2024-12-06 11:13:26
emurgo,drep1vlx2m8ymj0eug8g9w0n869r3mtn5k66avkjce2w2qrzx6hx8jje,1,554,554,2025-04-28 12:14:08,2025-04-28 12:14:08
emurgo,drep1vzp4tgzwp35r7u9yv2ms58nn7rr3mqpcrsku3qc23mujvv9c8el,1,546,546,2025-03-18 11:13:00,2025-03-18 11:13:00
emurgo,drep1xet3sscmgq2ma7d495h3yxj7uxpmfxq0ja5nspsqaus7k9ugq3t,1,580,580,2025-09-02 00:26:46,2025-09-02 00:26:46
emurgo,drep1xz3vmptcqz60srhcdxgr5uxrwm948zul8e0g6wewdhm3w3u5cln,1,524,524,2024-11-28 00:32:55,2024-11-28 00:32:55
emurgo,drep1ysy0kzhamk2cvfzrql50unfj9jkk2zffxtaae5zmc39cs3uec6j,1,541,541,2025-02-22 11:24:21,2025-02-22 11:24:21
emurgo,drep1z4vr6q5kxpr7kmm667zgnpm7p2yps56zp3mqhjynt7sjyf4p65k,1,508,508,2024-09-07 16:22:45,2024-09-07 16:22:45
fourth_entry_781m,drep_always_abstain,563,507,621,2024-09-02 00:20:23,2026-03-27 15:41:37
fourth_entry_781m,drep1qe2l8gw8v7ydswfp9twytxcc3wzwdq8npt55f3vnlgv2u8sx3nt,82,547,620,2025-03-23 22:48:59,2026-03-22 17:39:29
fourth_entry_781m,drep_always_no_confidence,32,516,611,2024-10-17 14:29:15,2026-02-06 04:13:34
fourth_entry_781m,drep16tsw66jtrver8ur3y3zzq2fl0m4swl4lwk88fvu8d4z4ydukrj0,21,509,606,2024-09-14 01:49:07,2026-01-14 01:00:42
fourth_entry_781m,drep13d6sxkyz6st9h65qqrzd8ukpywhr8swe9f6357qntgjqye0gttd,20,510,620,2024-09-21 12:24:29,2026-03-23 00:07:26
fourth_entry_781m,drep1kyppjlhz4lawh4g0ewx2d8a5l20t4yclfnppnuvdkmt7vccg836,13,531,603,2025-01-01 07:32:57,2025-12-29 11:13:27
fourth_entry_781m,drep127pc58jyky40fvess0c4tjxkrnkf8ta3sfltvm4ptypqc5fgav3,10,507,585,2024-09-04 14:21:09,2025-09-28 03:02:24
fourth_entry_781m,drep1n6gwr6wsyhawt2lewpssmqqnfu4ss75h0stc25lkpsl2q72gycy,9,507,603,2024-09-06 19:52:54,2025-12-26 19:33:16
fourth_entry_781m,drep1qz8frp3eq58v3dcguhv0753yt9gf3g50plrxw8rxu2f2krf2p5d,8,518,609,2024-10-28 19:55:52,2026-01-24 23:29:04
fourth_entry_781m,drep1jnmmkfwpta0yuwjchw0gu6csh75vy62088egy9n67d0zc7sn83m,7,528,585,2024-12-17 15:15:21,2025-09-28 06:10:54
fourth_entry_781m,drep1km69g7ksf8t5g0h9d9tkrcd2tezxelx0wtr76rv2mrkl5nzd6v3,7,507,621,2024-09-03 11:10:11,2026-03-27 15:35:30
fourth_entry_781m,drep109rd2sz08kvw089d4hw7zy2ygjs575rwh429ntn37fx5v3pwhtl,5,530,605,2024-12-26 13:01:43,2026-01-08 16:54:14
fourth_entry_781m,drep15jspgw8ea9pw3w0fwyqam2lw58ulw7z6qhr8qyuah7j0yj962w7,5,521,554,2024-11-12 04:05:36,2025-04-27 02:46:17
fourth_entry_781m,drep1mkmnzmtlflcadyyy7g6ju3sn9ppcrut5wn73x00mfwmw642g5qy,5,527,583,2024-12-12 06:31:33,2025-09-21 20:52:38
fourth_entry_781m,drep1000002hneyj7jl9y95m0zxdsg6dp9n9y59lvlm7xjqp4qh2jx7h,4,532,566,2025-01-05 11:57:01,2025-06-26 17:43:46
fourth_entry_781m,drep120m237kstm7pzywv5nwtjm8gj8dl55j9nupwlkapz77mgv7zu7l,4,523,581,2024-11-25 08:36:34,2025-09-08 10:23:13
fourth_entry_781m,drep125s4lx920k0z38fptf2lvtf933kr5udts3ahdh5am0nxzcqwua9,4,510,620,2024-09-20 20:42:13,2026-03-22 23:55:56
fourth_entry_781m,drep1sy4x93yl9c6q59ewmhxpkumkjnlz8th4wfetddj8lzryvsu7hqk,4,527,586,2024-12-13 17:07:53,2025-10-05 17:38:34
fourth_entry_781m,drep1g2d3y3skgr806wj2ryhhc5ca3akx6vmppde87jq7kgknjmv589e,3,570,582,2025-07-17 20:32:31,2025-09-11 23:14:34
fourth_entry_781m,drep1lw0n54ypc0pcqeptzwycpp0nk3c3wh62gnss79txgcdjgds4tvl,3,516,570,2024-10-17 13:30:59,2025-07-18 19:15:30
fourth_entry_781m,drep1npqc9m60dg9a27e852jn8wse9h3l975qsgwgh22mmh2eqzrlsfc,3,520,555,2024-11-10 05:29:34,2025-04-30 17:08:13
fourth_entry_781m,drep1yzzd7prdl628lwac455e0sc5wtw2fldg3f2th6jg7r5c7pvf3mk,3,514,616,2024-10-11 12:28:43,2026-03-05 05:03:02
fourth_entry_781m,drep1zekyxrq5auz5c8gf0p6zehtmfnl7s9q4uqq8m4wkvm4e764u3yw,3,543,565,2025-03-02 17:45:08,2025-06-22 11:13:38
fourth_entry_781m,drep17vw9clp7lnv2qjqtnx68vm6yjfslpgewprqa4kxg7rmkznaryj5,2,509,509,2024-09-12 05:40:12,2024-09-12 05:56:36
fourth_entry_781m,drep1897nvzpn69pmpcgxejzgasre3mztxj7qf2hqs5se9n3p7qdc3yt,2,524,554,2024-11-30 21:08:05,2025-04-25 15:49:02
fourth_entry_781m,drep1c59ehxlwkrsulmzhxpx86gr5d4vl9vl8rwa6s3l53du7yeus3y6,2,526,538,2024-12-09 13:12:56,2025-02-05 14:49:54
fourth_entry_781m,drep1cm6mupj0lszffgnfe3t0we7r7c9kwc6lxd4ad7dstf6gggtdqc3,2,510,534,2024-09-21 17:54:48,2025-01-16 15:58:04
fourth_entry_781m,drep1h95f0wrxasn0fwfajwe8jtjfdw5nd880d073wh2llvxk54rvnus,2,537,606,2025-01-31 00:31:38,2026-01-10 03:19:02
fourth_entry_781m,drep1hsy55c300sxskmq0vssqgp8uahwhcdnxxevzysmd7gzmcgzgzsu,2,547,552,2025-03-22 16:55:38,2025-04-17 23:00:14
fourth_entry_781m,drep1lrtg6qx8tend00wuxs0eg5mgwxejrcu8s5w6zyk07745xuzqf7a,2,522,533,2024-11-17 06:38:52,2025-01-11 08:12:08
fourth_entry_781m,drep1phvyckc7tqqlftyxqvp9fjdgczac4swsc7ssj26h785uxhwx0tt,2,527,576,2024-12-14 21:41:42,2025-08-17 19:13:19
fourth_entry_781m,drep1pldju6te2rttusf9lq52fzjk6vscq6zsl9z3tlskwwwgxz40xcd,2,593,610,2025-11-08 08:01:52,2026-02-01 05:49:45
fourth_entry_781m,drep1t2vz3lrh2vjxcah2mwdjlcsm9l2kxmqy4lqhnm7tawltsm6rugp,2,510,588,2024-09-18 16:39:02,2025-10-15 23:47:11
fourth_entry_781m,drep1xgzlpyy3pvywm5wvhkvyz9cpga5wylme6wdu6l9vn5g6cp38jdj,2,516,578,2024-10-21 09:35:00,2025-08-27 19:40:42
fourth_entry_781m,drep1ya6hzdt4kplm2zfnshschz8vweujcxt3f4azyvaplk6xjyw262e,2,531,544,2024-12-31 14:07:23,2025-03-06 11:28:54
fourth_entry_781m,drep1ydvwp8x9j8u4flwjqwxf8jdjwp9p4zf2x4rk7vv7fgzk6j2k7c6,2,528,553,2024-12-18 11:38:35,2025-04-21 15:24:24
fourth_entry_781m,drep104534qle8pq34satg3xxr2vp67v9630wc67qfq0ly0vycfrx5l3,1,542,542,2025-02-26 01:23:16,2025-02-26 01:23:16
fourth_entry_781m,drep12fxcl29dk55lkqqtdce967xm7qsakx4ewyt3apyerwpu5mqcnfw,1,524,524,2024-11-28 10:09:19,2024-11-28 10:09:19
fourth_entry_781m,drep13hw8d4m6pc9wfj2xmpr3xjhvl4wyhkvkqwq6qxn9atw9ssqheer,1,532,532,2025-01-05 09:18:16,2025-01-05 09:18:16
fourth_entry_781m,drep13yw08r2vm4fek08uz0qvz6le379fsdalt3tmwkntxqlgjcdfekw,1,594,594,2025-11-14 06:12:50,2025-11-14 06:12:50
fourth_entry_781m,drep143lxtf54ps3xe3sjtls06r6apndw779njp0m4n4m0m3xvynaq4c,1,514,514,2024-10-10 04:01:27,2024-10-10 04:01:27
fourth_entry_781m,drep14l69ewnmc5h6uftda9ghs3mw49hdu7w93e9alhzxckp0v5pczql,1,587,587,2025-10-09 03:52:58,2025-10-09 03:52:58
fourth_entry_781m,drep14pjm8ytt682wkp4jcegdj2yerkcy9a20xevvp7udlcd0ggjxdud,1,522,522,2024-11-20 08:56:16,2024-11-20 08:56:16
fourth_entry_781m,drep155mx8fszw892n4f0afmy8vern5takfkuycgdgkfxxd3fws4gmfk,1,526,526,2024-12-10 21:01:52,2024-12-10 21:01:52
fourth_entry_781m,drep158mfwdv7lvqzg0yrdxwhsmkq5406nmvw4yvjyyfcawlwus2eylt,1,537,537,2025-01-30 19:04:43,2025-01-30 19:04:43
fourth_entry_781m,drep15l8ngwtywu59eshrw6nswa5y2mh2p2699za5w6v2nzsqg7x33af,1,579,579,2025-08-30 07:11:24,2025-08-30 07:11:24
fourth_entry_781m,drep15nvw9d6zr6m08dpckkx4d3g6dplc5vh7yhekyjw0vq07spk38ak,1,527,527,2024-12-14 06:30:47,2024-12-14 06:30:47
fourth_entry_781m,drep17delrdj6c38jgmh73y4rs3qxrad3k4qtnscx2f3v4z3x6vp08vd,1,575,575,2025-08-11 01:17:00,2025-08-11 01:17:00
fourth_entry_781m,drep185yt5r9avk7m9zfyx4cuycak9eeksj0w6rfua6t9c4q6k23mz02,1,537,537,2025-01-30 15:12:14,2025-01-30 15:12:14
fourth_entry_781m,drep1afljuuafncq4qg46r5zdtjwffenf3gkn4cdeqlqq6e5kkgh6v6t,1,561,561,2025-05-31 19:57:49,2025-05-31 19:57:49
fourth_entry_781m,drep1aqr3j77yyu92kyjuln30n59tpnp5z3aceaq6d5ljr0jx6ket027,1,574,574,2025-08-06 04:40:53,2025-08-06 04:40:53
fourth_entry_781m,drep1at8ej9hllmfjms7c5j3xm579qrn7xcn95avesf4s2za22ukhurv,1,534,534,2025-01-15 00:51:55,2025-01-15 00:51:55
fourth_entry_781m,drep1d65maj046auj5ccj9mfwmy4xk6gvkmvpz534unz4jclnqgx6qvu,1,581,581,2025-09-09 14:33:08,2025-09-09 14:33:08
fourth_entry_781m,drep1du87slp2v6esqfw3pjdpz2kds3fdjjwghp9q7y56mhnzwqd580j,1,552,552,2025-04-18 09:48:08,2025-04-18 09:48:08
fourth_entry_781m,drep1duf9wj2007jp8zd2k2khq69ppykwq68zsp8vksselwaj5nvnr3n,1,522,522,2024-11-18 15:36:50,2024-11-18 15:36:50
fourth_entry_781m,drep1e6cuc37dxye87epzzmcfqs6t32s6ev924jp6aga77jmmvf9va2t,1,576,576,2025-08-14 02:30:53,2025-08-14 02:30:53
fourth_entry_781m,drep1e7wfa29m9gqnqn6yh4uehv5tfz26dcmzhayh3gt5q4l25xrnv2c,1,556,556,2025-05-07 08:22:56,2025-05-07 08:22:56
fourth_entry_781m,drep1ectemlv45xsnvenfgkhwsxncfvxev4qllj7x5w6vlfc7kmd9zcs,1,599,599,2025-12-09 18:05:25,2025-12-09 18:05:25
fourth_entry_781m,drep1g0g4ntlgxfnanvtqaa405y3ruszqyfhx46snptktzwg8xvtce0u,1,527,527,2024-12-13 07:52:02,2024-12-13 07:52:02
fourth_entry_781m,drep1hvlx2cdu7ql8238dwhrjrncm43q3sl5hlmcmp24p0rcnzcwzcyd,1,534,534,2025-01-18 07:53:30,2025-01-18 07:53:30
fourth_entry_781m,drep1hz3af6wgav29ue9e8tdlgr2kd4gpfned63rupkt9z9h7zueerle,1,577,577,2025-08-21 18:25:07,2025-08-21 18:25:07
fourth_entry_781m,drep1k0p2sr3pl4ylu86y0dlamae9r9csdsuhfpec2mrgtckkqxph6e8,1,615,615,2026-02-24 20:49:36,2026-02-24 20:49:36
fourth_entry_781m,drep1l0yurnsfze54j5h0k9y8psus48nzc9geqh8sga3k7atngxrvmfl,1,535,535,2025-01-20 00:41:51,2025-01-20 00:41:51
fourth_entry_781m,drep1m2k6dp66gr83chkff2fr6y76wgta5xx8umstphsrrsw9ylhcfha,1,566,566,2025-06-28 12:18:49,2025-06-28 12:18:49
fourth_entry_781m,drep1m7rzzk4ftvd02w872genpy6kzeyplhdyjeaw9kq3yhmzxtwnfu0,1,533,533,2025-01-10 19:21:19,2025-01-10 19:21:19
fourth_entry_781m,drep1ng2exqa5zjz8wfd87wd7kkmlmurx2ef79ddlag7lww8hvtnjzuq,1,521,521,2024-11-11 18:01:12,2024-11-11 18:01:12
fourth_entry_781m,drep1nsrvsnf88cchsc4dzh7kvyn2xqvxn5f7hhenlt8d88gexd2e44q,1,557,557,2025-05-11 01:09:13,2025-05-11 01:09:13
fourth_entry_781m,drep1qf7fk4r678gnm65hrsyhgjj56qakdygcakvl4hfu87rxgvh9j9z,1,528,528,2024-12-19 21:20:13,2024-12-19 21:20:13
fourth_entry_781m,drep1rn9jm2r7l6cu5jfy53pzzvztayg388n66ll7sghj2dt0uah8u3j,1,558,558,2025-05-19 15:43:29,2025-05-19 15:43:29
fourth_entry_781m,drep1s66dp7mlmpvqwqp4xltvzn6q2086whe0n48kwrfrmmyngmuvvhr,1,536,536,2025-01-25 23:13:25,2025-01-25 23:13:25
fourth_entry_781m,drep1sfr9rpws87tesvdzdlmznn5hrf3ezktmwqt9juj3jgelz6mqn60,1,525,525,2024-12-03 16:36:24,2024-12-03 16:36:24
fourth_entry_781m,drep1smycdt70dg58adcxm7t9gyhznay3hkc48hznr5sss6dr72duwlz,1,551,551,2025-04-10 19:39:48,2025-04-10 19:39:48
fourth_entry_781m,drep1u05yg5ttgkchzpwly339xrc026x27unxjd6vd7dv7umzj2xns0e,1,519,519,2024-11-04 11:06:35,2024-11-04 11:06:35
fourth_entry_781m,drep1u632p38chcackajaw84rhsx7vpsxz4fcetee2tct8pyrgeftpr7,1,526,526,2024-12-10 17:21:07,2024-12-10 17:21:07
fourth_entry_781m,drep1ukanq0sluynnjnumywfp5du3w9qtkgs4q48gpcwvj8nyg9264gf,1,526,526,2024-12-06 11:13:26,2024-12-06 11:13:26
fourth_entry_781m,drep1vlx2m8ymj0eug8g9w0n869r3mtn5k66avkjce2w2qrzx6hx8jje,1,554,554,2025-04-28 12:14:08,2025-04-28 12:14:08
fourth_entry_781m,drep1vzp4tgzwp35r7u9yv2ms58nn7rr3mqpcrsku3qc23mujvv9c8el,1,546,546,2025-03-18 11:13:00,2025-03-18 11:13:00
fourth_entry_781m,drep1xet3sscmgq2ma7d495h3yxj7uxpmfxq0ja5nspsqaus7k9ugq3t,1,580,580,2025-09-02 00:26:46,2025-09-02 00:26:46
fourth_entry_781m,drep1xz3vmptcqz60srhcdxgr5uxrwm948zul8e0g6wewdhm3w3u5cln,1,524,524,2024-11-28 00:32:55,2024-11-28 00:32:55
fourth_entry_781m,drep1ysy0kzhamk2cvfzrql50unfj9jkk2zffxtaae5zmc39cs3uec6j,1,541,541,2025-02-22 11:24:21,2025-02-22 11:24:21
fourth_entry_781m,drep1z4vr6q5kxpr7kmm667zgnpm7p2yps56zp3mqhjynt7sjyf4p65k,1,508,508,2024-09-07 16:22:45,2024-09-07 16:22:45
iog,drep_always_abstain,1157,507,621,2024-09-05 10:10:28,2026-03-27 17:27:20
iog,drep1qe2l8gw8v7ydswfp9twytxcc3wzwdq8npt55f3vnlgv2u8sx3nt,128,547,620,2025-03-21 01:22:12,2026-03-22 21:49:04
iog,drep_always_no_confidence,61,516,609,2024-10-17 14:29:15,2026-01-26 13:52:52
iog,drep13d6sxkyz6st9h65qqrzd8ukpywhr8swe9f6357qntgjqye0gttd,42,508,620,2024-09-10 08:39:05,2026-03-23 20:02:07
iog,drep16tsw66jtrver8ur3y3zzq2fl0m4swl4lwk88fvu8d4z4ydukrj0,22,509,606,2024-09-14 01:49:07,2026-01-14 01:00:42
iog,drep1kyppjlhz4lawh4g0ewx2d8a5l20t4yclfnppnuvdkmt7vccg836,17,507,585,2024-09-06 18:41:08,2025-09-27 18:25:25
iog,drep1n6gwr6wsyhawt2lewpssmqqnfu4ss75h0stc25lkpsl2q72gycy,14,518,603,2024-10-30 21:51:01,2025-12-26 19:33:16
iog,drep1ydvwp8x9j8u4flwjqwxf8jdjwp9p4zf2x4rk7vv7fgzk6j2k7c6,11,508,619,2024-09-09 15:55:57,2026-03-17 19:04:46
iog,drep1km69g7ksf8t5g0h9d9tkrcd2tezxelx0wtr76rv2mrkl5nzd6v3,10,507,594,2024-09-03 11:10:11,2025-11-14 12:48:10
iog,drep127pc58jyky40fvess0c4tjxkrnkf8ta3sfltvm4ptypqc5fgav3,9,516,565,2024-10-21 02:09:40,2025-06-21 00:31:16
iog,drep1jnmmkfwpta0yuwjchw0gu6csh75vy62088egy9n67d0zc7sn83m,8,527,605,2024-12-14 06:37:38,2026-01-09 14:26:53
iog,drep1qz8frp3eq58v3dcguhv0753yt9gf3g50plrxw8rxu2f2krf2p5d,8,515,603,2024-10-15 03:05:17,2025-12-28 21:20:39
iog,drep1yzzd7prdl628lwac455e0sc5wtw2fldg3f2th6jg7r5c7pvf3mk,7,532,616,2025-01-09 03:17:32,2026-03-05 05:03:02
iog,drep1000002hneyj7jl9y95m0zxdsg6dp9n9y59lvlm7xjqp4qh2jx7h,6,536,562,2025-01-28 15:50:49,2025-06-06 14:15:30
iog,drep125s4lx920k0z38fptf2lvtf933kr5udts3ahdh5am0nxzcqwua9,6,510,617,2024-09-20 20:42:13,2026-03-06 21:16:31
iog,drep1mkmnzmtlflcadyyy7g6ju3sn9ppcrut5wn73x00mfwmw642g5qy,6,525,604,2024-12-03 15:51:43,2025-12-30 22:52:23
iog,drep1npqc9m60dg9a27e852jn8wse9h3l975qsgwgh22mmh2eqzrlsfc,5,520,578,2024-11-07 07:05:32,2025-08-25 06:13:22
iog,drep109rd2sz08kvw089d4hw7zy2ygjs575rwh429ntn37fx5v3pwhtl,4,536,588,2025-01-29 17:40:23,2025-10-16 12:13:26
iog,drep17vw9clp7lnv2qjqtnx68vm6yjfslpgewprqa4kxg7rmkznaryj5,4,508,537,2024-09-09 04:33:58,2025-01-31 14:26:50
iog,drep13hw8d4m6pc9wfj2xmpr3xjhvl4wyhkvkqwq6qxn9atw9ssqheer,3,522,532,2024-11-17 11:26:53,2025-01-05 09:18:16
iog,drep1a0ezt6thcc3ak54xtrvgennuqqwhs94uw58pflf0sygyxlapnwj,3,570,585,2025-07-15 14:54:27,2025-10-01 13:33:44
iog,drep1c59ehxlwkrsulmzhxpx86gr5d4vl9vl8rwa6s3l53du7yeus3y6,3,527,615,2024-12-15 01:05:52,2026-02-24 18:10:11
iog,drep1ectemlv45xsnvenfgkhwsxncfvxev4qllj7x5w6vlfc7kmd9zcs,3,599,605,2025-12-07 17:53:14,2026-01-08 16:47:51
iog,drep1g2d3y3skgr806wj2ryhhc5ca3akx6vmppde87jq7kgknjmv589e,3,534,595,2025-01-19 02:49:31,2025-11-20 04:08:42
iog,drep1ju2udpph53uuaut4sy6ss46rs9595yeaqnxjsvsms5htkyup4cn,3,540,576,2025-02-15 16:44:52,2025-08-15 02:17:02
iog,drep1m8mnpykcjfyax5mcs42whu3dt347u8aq43x45ucs6dv3ztw0lez,3,545,606,2025-03-15 17:09:54,2026-01-14 13:33:54
iog,drep1rz95fefgxufcjamls4x8a6vnqjd72k624n9sq6fsfvgayqd6r5x,3,588,599,2025-10-13 01:56:19,2025-12-08 16:28:16
iog,drep1xet3sscmgq2ma7d495h3yxj7uxpmfxq0ja5nspsqaus7k9ugq3t,3,508,581,2024-09-11 17:21:29,2025-09-07 10:27:02
iog,drep1xgzlpyy3pvywm5wvhkvyz9cpga5wylme6wdu6l9vn5g6cp38jdj,3,516,543,2024-10-21 09:35:00,2025-03-02 14:27:28
iog,drep120m237kstm7pzywv5nwtjm8gj8dl55j9nupwlkapz77mgv7zu7l,2,526,555,2024-12-07 11:38:28,2025-05-02 05:26:58
iog,drep12ukt4ctzmtf6l5rj76cddgf3dvuy0lfz7uky08jfvgr9ugaapz4,2,541,603,2025-02-21 04:08:17,2025-12-26 18:56:48
iog,drep143lxtf54ps3xe3sjtls06r6apndw779njp0m4n4m0m3xvynaq4c,2,530,590,2024-12-30 14:06:36,2025-10-21 23:32:19
iog,drep15jspgw8ea9pw3w0fwyqam2lw58ulw7z6qhr8qyuah7j0yj962w7,2,519,528,2024-11-02 02:52:00,2024-12-19 04:31:34
iog,drep1at8ej9hllmfjms7c5j3xm579qrn7xcn95avesf4s2za22ukhurv,2,534,563,2025-01-15 00:51:55,2025-06-09 10:55:57
iog,drep1duf9wj2007jp8zd2k2khq69ppykwq68zsp8vksselwaj5nvnr3n,2,525,577,2024-12-03 07:00:22,2025-08-21 18:39:13
iog,drep1vlx2m8ymj0eug8g9w0n869r3mtn5k66avkjce2w2qrzx6hx8jje,2,538,538,2025-02-07 12:08:25,2025-02-08 03:13:38
iog,drep1wgxemjt24eg22kpfpvdgy9hr5gnavx0ccglkvzd2rv86kfgu3y5,2,528,528,2024-12-19 18:08:59,2024-12-19 18:12:50
iog,drep1xa90kae89lneyj6ktjrl3mwyvvkq7pxegtjw5rpy50kvclrsl4f,2,531,544,2025-01-01 04:04:14,2025-03-09 19:42:54
iog,drep1z4vr6q5kxpr7kmm667zgnpm7p2yps56zp3mqhjynt7sjyf4p65k,2,570,598,2025-07-18 03:23:35,2025-12-04 01:41:26
iog,drep104534qle8pq34satg3xxr2vp67v9630wc67qfq0ly0vycfrx5l3,1,542,542,2025-02-26 01:23:16,2025-02-26 01:23:16
iog,drep13lrngcjhwpqdv4hdzgq2j0vdctahcw7fmhzy2dq239dq5xgtv28,1,534,534,2025-01-16 00:00:57,2025-01-16 00:00:57
iog,drep13yw08r2vm4fek08uz0qvz6le379fsdalt3tmwkntxqlgjcdfekw,1,588,588,2025-10-13 20:46:27,2025-10-13 20:46:27
iog,drep14l69ewnmc5h6uftda9ghs3mw49hdu7w93e9alhzxckp0v5pczql,1,618,618,2026-03-12 13:00:11,2026-03-12 13:00:11
iog,drep14pjm8ytt682wkp4jcegdj2yerkcy9a20xevvp7udlcd0ggjxdud,1,522,522,2024-11-16 09:17:01,2024-11-16 09:17:01
iog,drep156ve0n0022grgwz5yu49n6t0w60njz2veehux865e5e5kyfc0lq,1,534,534,2025-01-15 15:00:22,2025-01-15 15:00:22
iog,drep159gyj5naypamldy257r9g8hsmj8caxrjdw8j3ez0zl0qqu23zd6,1,558,558,2025-05-19 02:59:15,2025-05-19 02:59:15
iog,drep15l8ngwtywu59eshrw6nswa5y2mh2p2699za5w6v2nzsqg7x33af,1,579,579,2025-08-30 07:11:24,2025-08-30 07:11:24
iog,drep15mr008j83j7n0aet3rfpw92trx24gc7hjmjdrk50fh9xslp09mx,1,544,544,2025-03-10 14:14:36,2025-03-10 14:14:36
iog,drep15nvw9d6zr6m08dpckkx4d3g6dplc5vh7yhekyjw0vq07spk38ak,1,527,527,2024-12-15 03:51:43,2024-12-15 03:51:43
iog,drep168a76y8ehsuszd2l26m6ndj5jv6v526ysudv70sdp0nfj54v7pt,1,547,547,2025-03-22 15:30:44,2025-03-22 15:30:44
iog,drep16f203ahsan44w8xh65myl2j4k0pf8y9dsqkracyqtvwhy74judz,1,571,571,2025-07-21 15:47:39,2025-07-21 15:47:39
iog,drep16wxc6kg9nju2jv3jzc5erx2ulzgdv7d78dsx6ltumhassgasegz,1,561,561,2025-06-03 16:02:53,2025-06-03 16:02:53
iog,drep17h6rggykfz37srj63lkuah5rg9ed8tzwmwd2nqywl6u3yqvsasg,1,509,509,2024-09-14 13:26:46,2024-09-14 13:26:46
iog,drep17r90fhh5r7vcx2dxsyj06dtfc5jph8l9k7f0zdqf7z002zj2ckn,1,565,565,2025-06-19 13:56:50,2025-06-19 13:56:50
iog,drep17rksqsgqx8ej3rtc3x4gjm8a44u6w3qcshfm46yc9tq4zeffuzj,1,619,619,2026-03-20 06:40:28,2026-03-20 06:40:28
iog,drep17wflxwksrg9jg8q9xpdlm0jcaenqrgldq06de8ql2xzvzdxskhu,1,533,533,2025-01-12 18:32:40,2025-01-12 18:32:40
iog,drep183kpqfxmxtttuu6jxyug4m4mzn24y6270p5pg7d80530kj4u6m4,1,508,508,2024-09-11 17:35:45,2024-09-11 17:35:45
iog,drep185yt5r9avk7m9zfyx4cuycak9eeksj0w6rfua6t9c4q6k23mz02,1,537,537,2025-01-30 15:12:14,2025-01-30 15:12:14
iog,drep18c6dw0e6z9lx65f22zrzgl0z49j48k39ttxqk4q6h953utzepy5,1,522,522,2024-11-18 22:46:20,2024-11-18 22:46:20
iog,drep190xv8v32n43luhu9ag05s5mvcs6079lg4zghzyg3j9vlgsm80cs,1,555,555,2025-05-03 04:34:07,2025-05-03 04:34:07
iog,drep1afljuuafncq4qg46r5zdtjwffenf3gkn4cdeqlqq6e5kkgh6v6t,1,561,561,2025-06-01 02:01:38,2025-06-01 02:01:38
iog,drep1asj4l0kevmyqegyezfrjky0jdjdkee0sruxxu2cj5c0uvmucfcj,1,572,572,2025-07-26 05:54:59,2025-07-26 05:54:59
iog,drep1c604nf9akj2u2gqsqq8vqhw7jz6j0usvrr4ny68weqm95h8v2vk,1,530,530,2024-12-29 06:16:13,2024-12-29 06:16:13
iog,drep1cm6mupj0lszffgnfe3t0we7r7c9kwc6lxd4ad7dstf6gggtdqc3,1,524,524,2024-11-29 08:02:00,2024-11-29 08:02:00
iog,drep1cx4vnd4zwg8r6j3c5lwvvtvv7y9rlyhlsxtrlq8e50he7a3g67q,1,527,527,2024-12-13 21:17:01,2024-12-13 21:17:01
iog,drep1efj8hmm06p550extkumgsc9rs552dvlyrds20fvlsjdvy4wl890,1,535,535,2025-01-21 00:30:50,2025-01-21 00:30:50
iog,drep1esmla69yhjn3yr8f0wzjyya07942pxveer34szw9uqzygjfq3ap,1,604,604,2026-01-01 03:05:21,2026-01-01 03:05:21
iog,drep1g0g4ntlgxfnanvtqaa405y3ruszqyfhx46snptktzwg8xvtce0u,1,574,574,2025-08-06 19:17:28,2025-08-06 19:17:28
iog,drep1gdgxcfaf24rur87f6rjkayn5slf7k0kspmq30nsfff6w23q8qgc,1,535,535,2025-01-23 19:25:59,2025-01-23 19:25:59
iog,drep1gzutjmmzhr9lt330vcjgze9fhjrnhratsse0xz8dfr0k7vszuvm,1,537,537,2025-02-01 01:32:08,2025-02-01 01:32:08
iog,drep1h6l2ea5sq7u62v0a4sf3ru4zu7knvwm6px4twp2hvz2azu54xhp,1,574,574,2025-08-06 16:33:13,2025-08-06 16:33:13
iog,drep1h92sg90589pmhaexdfxz04w00lsaldpllvjf5wwa2d5j5pcehve,1,529,529,2024-12-23 09:26:18,2024-12-23 09:26:18
iog,drep1h95f0wrxasn0fwfajwe8jtjfdw5nd880d073wh2llvxk54rvnus,1,589,589,2025-10-20 01:06:41,2025-10-20 01:06:41
iog,drep1hsy55c300sxskmq0vssqgp8uahwhcdnxxevzysmd7gzmcgzgzsu,1,522,522,2024-11-16 09:13:15,2024-11-16 09:13:15
iog,drep1j9lhu5vjeetyx5g6caty4z908e47c0jmmd4747x0et7lu4506zv,1,543,543,2025-03-05 09:32:34,2025-03-05 09:32:34
iog,drep1jde8rt3uh9yw23wkyf8zr8874u2g0qaue4d860fwdx7gzlktygq,1,591,591,2025-10-31 10:41:26,2025-10-31 10:41:26
iog,drep1jjx7efq77a0gtx49h9vvtraq9prsp45u5q3qrah6vw7p5t2sx66,1,525,525,2024-12-02 01:15:27,2024-12-02 01:15:27
iog,drep1jkdeccjwuun37e64l7zpjwe67xmsxmgpzkuhqtt0qjcrudkvfx2,1,543,543,2025-03-03 23:21:24,2025-03-03 23:21:24
iog,drep1k3m6nhttv64uvzgmf24fsul9je4ww6qj3gyqmzd2yg9a239p5hr,1,525,525,2024-12-05 06:38:10,2024-12-05 06:38:10
iog,drep1ksd86wmjajshc6yvjyaur963827qnhfmtjfy0gjpl92eg3l9cl6,1,519,519,2024-11-02 18:10:46,2024-11-02 18:10:46
iog,drep1kxetjk2yxfzxv3r26rttvur3gngwxhfpzfe4a8vxzg92cwyeu2q,1,520,520,2024-11-09 22:00:22,2024-11-09 22:00:22
iog,drep1l0yurnsfze54j5h0k9y8psus48nzc9geqh8sga3k7atngxrvmfl,1,534,534,2025-01-15 04:46:42,2025-01-15 04:46:42
iog,drep1l27namn7weftgru78t9q9d55rgpkyva8kh0q9s33y44qwysx3uj,1,524,524,2024-11-30 04:23:47,2024-11-30 04:23:47
iog,drep1lhkqu7uhq9532xr5558q7gh5rl54m4ezav8p5yfkgz27yrx735a,1,518,518,2024-10-31 07:54:10,2024-10-31 07:54:10
iog,drep1lrtg6qx8tend00wuxs0eg5mgwxejrcu8s5w6zyk07745xuzqf7a,1,547,547,2025-03-23 13:46:06,2025-03-23 13:46:06
iog,drep1lw0n54ypc0pcqeptzwycpp0nk3c3wh62gnss79txgcdjgds4tvl,1,553,553,2025-04-20 13:38:04,2025-04-20 13:38:04
iog,drep1lzv2vk9u0l9qahz6zgnmkyv6y5qs8lzaukhstwfrqdf0ywhsfd3,1,538,538,2025-02-08 21:12:23,2025-02-08 21:12:23
iog,drep1navsrqral9w6kjy8v9kl0vpmyhzhuytaa65rmdcvnu2eg9jac55,1,536,536,2025-01-26 18:25:27,2025-01-26 18:25:27
iog,drep1nvuyn6ldjenkcnjd005qt76ygmxuv5x2l2ram7eud4uywtrhp7k,1,527,527,2024-12-14 20:53:05,2024-12-14 20:53:05
iog,drep1p3yfyl3hsez09zkz5fj5an5ullhprdxhz3tq26fpfl4p258xyj9,1,523,523,2024-11-22 14:23:34,2024-11-22 14:23:34
iog,drep1phvyckc7tqqlftyxqvp9fjdgczac4swsc7ssj26h785uxhwx0tt,1,527,527,2024-12-14 21:41:42,2024-12-14 21:41:42
iog,drep1pmy58hz70shnprfexg4z6ykfxnavtv5jdemvvl5yktydzml6wlq,1,577,577,2025-08-22 05:04:51,2025-08-22 05:04:51
iog,drep1q8l8jsn35qkpnasrg5zad52xjf34dhmkxcdn6w88y59nzyyhrdt,1,527,527,2024-12-12 08:25:23,2024-12-12 08:25:23
iog,drep1qev0wwxdu7edrslhzgt2k75396k7pmyclhjtm5v2plqfx9nyu2c,1,571,571,2025-07-21 13:06:22,2025-07-21 13:06:22
iog,drep1qgswagyfc60x0zhyxdz7df8e95avxmy8kp5jjzr9j7y4sn0xmcy,1,554,554,2025-04-29 08:18:34,2025-04-29 08:18:34
iog,drep1qjj5qs8aynj9aj5csp7vgk5xpaxykcenk5dnrync444dggyfuqr,1,538,538,2025-02-08 17:20:56,2025-02-08 17:20:56
iog,drep1rmdgqugrj694apvu4m2ystnwwkpmxc8fnee5fpahlqfnq2xkmv4,1,545,545,2025-03-11 14:21:57,2025-03-11 14:21:57
iog,drep1rsmldjj7vg9a9r5lqsegynzw03yyfhzdqwfs8fq3ctsk2rwjlfy,1,527,527,2024-12-15 02:10:29,2024-12-15 02:10:29
iog,drep1sfr9rpws87tesvdzdlmznn5hrf3ezktmwqt9juj3jgelz6mqn60,1,525,525,2024-12-03 16:36:24,2024-12-03 16:36:24
iog,drep1smycdt70dg58adcxm7t9gyhznay3hkc48hznr5sss6dr72duwlz,1,595,595,2025-11-18 04:50:55,2025-11-18 04:50:55
iog,drep1sy4x93yl9c6q59ewmhxpkumkjnlz8th4wfetddj8lzryvsu7hqk,1,586,586,2025-10-05 17:38:34,2025-10-05 17:38:34
iog,drep1t2vz3lrh2vjxcah2mwdjlcsm9l2kxmqy4lqhnm7tawltsm6rugp,1,558,558,2025-05-14 22:57:40,2025-05-14 22:57:40
iog,drep1taxuxp3f9yvw5txzssxx54n6qy73r9ecc40c5mx4wthuw3r3mj6,1,531,531,2025-01-03 22:13:02,2025-01-03 22:13:02
iog,drep1tu2ttdwdmvyrnhczd9segf5w7jr88qmdwam60szll5hnut06n7t,1,582,582,2025-09-15 16:20:55,2025-09-15 16:20:55
iog,drep1ukanq0sluynnjnumywfp5du3w9qtkgs4q48gpcwvj8nyg9264gf,1,539,539,2025-02-12 00:50:37,2025-02-12 00:50:37
iog,drep1vjwg9fm0h8f0qeg7txujermuzcum8tnxrafpqjj23yr02urhgjy,1,510,510,2024-09-19 19:01:49,2024-09-19 19:01:49
iog,drep1wfwvaduzxyg75a67m5k0u4m746ymzefqs4nsxz2mrv5dwm22ntt,1,576,576,2025-08-17 17:29:36,2025-08-17 17:29:36
iog,drep1wwmwukesapdkwzqycnfmtlva4hxdgmvuudxpczv88ujewk5tgkt,1,578,578,2025-08-23 17:45:03,2025-08-23 17:45:03
iog,drep1y99u6r8vdexm854trlwt3svysy953tv7e855vs4rxvaqsqehclg,1,547,547,2025-03-23 19:21:49,2025-03-23 19:21:49
iog,drep1ya6hzdt4kplm2zfnshschz8vweujcxt3f4azyvaplk6xjyw262e,1,531,531,2024-12-31 14:07:23,2024-12-31 14:07:23
iog,drep1zx9u26d8jyulc0klk5jwg7dhku0jm8ntc3s3643kse7ks2na5ud,1,509,509,2024-09-16 15:00:22,2024-09-16 15:00:22
