drep_id_bech32,deposit,voting_anchor_url,voting_anchor_data_hash_hex,registration_tx_hash,epoch_no,block_time_utc
drep1000002hneyj7jl9y95m0zxdsg6dp9n9y59lvlm7xjqp4qh2jx7h,,https://drep.one/drep.jsonld,594631799f4b1c17379893a9a56cf46a0cd4c96113867c8086aaacb66775dd2d,a486ce67cf699c699da4a9538b96a375c01e71c34ea02fe65d0274ad200126f0,553,2025-04-21 18:47:15
drep104534qle8pq34satg3xxr2vp67v9630wc67qfq0ly0vycfrx5l3,,https://most-brass-sun.quicknode-ipfs.com/ipfs/QmefVGAUPG4bpXCUZdLC96mpkwtVxuc6Ta1vPwnKAKFABL,4b284392898ec0a0212ae95474c54749487f785664c0a94eca3746c0a58596f7,4c88edb2fea04f3336026028b0a865800bc768a60aaf7633abab6ca18dd6418a,611,2026-02-07 19:03:15
drep109rd2sz08kvw089d4hw7zy2ygjs575rwh429ntn37fx5v3pwhtl,,https://raw.githubusercontent.com/Maluiin/Drep/refs/heads/main/Linda%20-%20Cryptofly%20-%20Do%20not%20Delete.jsonld,9d4bfa520864a46b1e431f6c2de825a931e86e44fb697c62ae8c19bb35a877c2,2a8a4f4cc67845b6ee0dfe09393c0b996dbcd48a1b126b7da2cc590aeb4390aa,534,2025-01-18 04:38:43
drep120m237kstm7pzywv5nwtjm8gj8dl55j9nupwlkapz77mgv7zu7l,,https://most-brass-sun.quicknode-ipfs.com/ipfs/QmZt7oghHfL3bLVoXCmgshMTyCBSj8Kcyu6uRexcbBuCdC,1bfd4c6f73ba8e867e0ee01f130788da54b8937d67328e865feaa916c6ca2078,b47fdb21a02403b15b654ae1006fc165b6c808b2a9049d2fa83adee1255f4f59,536,2025-01-27 21:51:17
drep125s4lx920k0z38fptf2lvtf933kr5udts3ahdh5am0nxzcqwua9,,https://ipfs.io/ipfs/QmaAAqY6zwaLRSoqDdQBAMRoYKjydxJfEkpwtSiCWKJCdi,214af84e38fb72dc5581a79b9cb74b2a85ec6fff2c0c7faabdf6722db3297fea,fbbbde5b5a40b5f9ea8a6ba92b662c942990066b15cc6aacabf2f3bb736deae4,510,2024-09-17 01:11:15
drep127pc58jyky40fvess0c4tjxkrnkf8ta3sfltvm4ptypqc5fgav3,-500000000,,,3b3a2a74f64359da58904874ef5fd9738906cac11703614f8b680fc523646cdc,640,2026-06-29 01:01:34
drep12ezrfwhqtrva6gvs7lu5ks6z55hfla4g675zzps8fw3jwamdxtr,-500000000,,,3bb2a857a4aa8298af02de13d756c82e5a82bf168329844e4854f23a82876f65,596,2025-11-25 14:15:51
drep12fxcl29dk55lkqqtdce967xm7qsakx4ewyt3apyerwpu5mqcnfw,,https://raw.githubusercontent.com/EccentricBarad/dRep_Voshe/main/dRep_Voshe.jsonld,042315cadcdb4e672848cf4a29f41d51571a85936535f65e79602315c75a27e7,d77488254c586be64968f5779bd76a483712b64bf77d96c850e8cfdaae0a92c1,508,2024-09-10 00:42:55
drep12ukt4ctzmtf6l5rj76cddgf3dvuy0lfz7uky08jfvgr9ugaapz4,,https://most-brass-sun.quicknode-ipfs.com/ipfs/QmPZ1kujruciqphDuRb8KkJQvah5teei4bMsK6S1WJZ6Xw,bdb13c1d28e11eef2cfc38b39da9f45df3378fdb5e6a27cd8404d7e8ef3a360b,243d7f823186e9f3e4588b120b4b9a9c5922a7f76609ef6310c50fef062852c3,548,2025-03-28 21:09:04
drep13d6sxkyz6st9h65qqrzd8ukpywhr8swe9f6357qntgjqye0gttd,,https://raw.githubusercontent.com/Tastenkunst/eternl-drep/main/240909-edc-drep-mainnet.jsonld,81ca64e97864b5a3e1718ceda5314f0b55afcf7a96cb9a305fc9b4fd9dd1704f,34b0fd8ae99432596ea36a472171efba07440c9bed29567c1d0460d1e4c546b6,508,2024-09-09 07:32:19
drep13hw8d4m6pc9wfj2xmpr3xjhvl4wyhkvkqwq6qxn9atw9ssqheer,,https://aichi-stakepool.com/Aichi_Tokai_DRep.jsonld,446d9449b5c2545743ac318b07ba4a82abcf3cb7c12558dd6f755aacc72b31d6,b0c22981786d20a999f56d0b005748093ac40fbad48571d98835a2ec2fc64519,518,2024-10-30 21:24:33
drep13lrngcjhwpqdv4hdzgq2j0vdctahcw7fmhzy2dq239dq5xgtv28,,https://koreapool.io/assets/Daehan_kor.json,234c9d45e222cc8d7c40d7247ba8d9427d8c9e9c993d5d8195a09665c2fd9a62,7c00ae2eab344f29694eaf2cda02795217a209f3443ba8545f2d8035053ccd38,508,2024-09-08 21:26:36
drep13qrhsx7qm7cm70ky0eynzat4vsmrqmlwqc0ntyfk0kh75yxfxf2,500000000,https://raw.githubusercontent.com/chikaraya/drep/refs/heads/main/Chikara.jsonld,d31f293c6ec1cec8b6197a7478426ec1d09929ded45ecc7498099e7cc8ea16e8,2f845a10ba3ea05363d85e07a5672bdb7dc9e5f03c0cd7e4c62ce5987a874f8a,511,2024-09-25 09:31:49
drep13rdvmy8vdscv8c20xywavdfxt2y3rqdgpfeycs5fusxvc023y39,-500000000,,,bced45dd280658f019e08c6ba74178b402a8da0d80b4265389411dea495cc299,562,2025-06-08 08:23:26
drep13whcp5axqsjv0y7a8vd550prngjx5254mlj9cjp5g2qxvtf2tpr,500000000,https://tinyurl.com/3ykvpwkx,30815c3c0cb5cad79f74f56e22632e9c327b10ee7ae1778b1b1c06ef7c35a587,ca4e48ca5170fb426f8778d8c7922dd2b9d732008242d3309161a0830419a257,538,2025-02-07 12:02:49
drep13yw08r2vm4fek08uz0qvz6le379fsdalt3tmwkntxqlgjcdfekw,,https://most-brass-sun.quicknode-ipfs.com/ipfs/QmTdBBPKSFofcz2oVnSXDBs2TTmnyiZebfTTsCNmx6LrAs,c9a37a5b6baa077e6520382dc23df5ddb94a94c57e480fab7abfc2b709ee0d9e,cba20d141b1211a1f6107fa7baadb8460b5e6d024d28d22c2ba6a76a74fb35dd,551,2025-04-11 15:34:42
drep143lxtf54ps3xe3sjtls06r6apndw779njp0m4n4m0m3xvynaq4c,500000000,https://cardano24.com/holger.jsonld,b3cdc85d2a9e1f9c9899f4d44185907c6fabdb2efc03e21cc8f2339991065984,152af84e23e7384b8d74de36c6afe37ead360ed36e282872031ef47350fbcd9d,507,2024-09-04 06:32:28
drep14cmcm8cj4deegmj4txax2n5dupm3ezz7yum5lx53jffaj33cmpc,500000000,,,bb5db6a6e09c5c355d58dfd546f72dcba268afe2ff2976b7efb6a6d266674615,551,2025-04-10 18:29:59
drep14l69ewnmc5h6uftda9ghs3mw49hdu7w93e9alhzxckp0v5pczql,,https://dreptalk.com/drep/dc567dd4517133f56accd9402f69c7b3b18350467762910a8dc534f59a617275.json,dc567dd4517133f56accd9402f69c7b3b18350467762910a8dc534f59a617275,682a45766b08a681653bf99d6ede583644c1b5d837a4362f6d9d7bf8919f4a52,640,2026-07-02 19:26:18
drep14pjm8ytt682wkp4jcegdj2yerkcy9a20xevvp7udlcd0ggjxdud,,https://raw.githubusercontent.com/Chris-O-dRep/dRep/main/Chris-O.jsonld,f546c81a61663d30cd706c08c3379169f79c2d353a98b8773a8b69291df82b1d,0c021290f28178156f6132e59666d2c6a2c83a60a70d61140383c12b5ef0a8ac,510,2024-09-18 00:36:55
drep155cz0w692c98wgf46zq4cz8sg9z8ycdat3qd39egygz6k2yawm6,,https://most-brass-sun.quicknode-ipfs.com/ipfs/QmTzQ6QZRiU5NRpMyNiL3DHWD5G95bCdTpcpPt4xZiAD8J,8db2a95f025f7ed9d37f3d68ee9a701cac8f8a2c0c924b0ba0bc8e0b11639196,a81dce4ec01452fdcbc3534233de9507d596e4c4c8b7baabff39532fd818e4ed,546,2025-03-17 12:50:56
drep155mx8fszw892n4f0afmy8vern5takfkuycgdgkfxxd3fws4gmfk,500000000,https://raw.githubusercontent.com/Malama-Project/DRep/main/Ma%CC%84lamaProject.jsonld,43c7d70618dacf7597faf42db03dec293478cb4a6de7fa11ed2a3b2b4a323615,0b88496e038371014ee2eafa1dba0f52bd99ffa91e5c85beb05237d9b4be2e1c,508,2024-09-10 18:22:52
drep156ve0n0022grgwz5yu49n6t0w60njz2veehux865e5e5kyfc0lq,,https://angelstakepool.net/other/ANGEL.jsonld,547d4f90d7e321a37742ab27f5bdc09a2d5a3a9303eb23485c899e7f386570c9,6124894b942df349829a36699b141a9e642dd8e1d468615aa5fe365ddced881e,527,2024-12-15 05:43:24
drep158mfwdv7lvqzg0yrdxwhsmkq5406nmvw4yvjyyfcawlwus2eylt,,https://314pool.com/drep-2025-01-30.jsonld,c7161db44a733abd27ab57dec1e2e6371df14ea77609e8de57c546bcda27e88d,0b2ca9f0d43b70ad6e1b241a374918019f697ef2f31eff63aaf4e50fb17a39d6,537,2025-01-30 08:01:19
drep159gyj5naypamldy257r9g8hsmj8caxrjdw8j3ez0zl0qqu23zd6,500000000,https://ecopool.io/Mat%20-%20ECO%20Pool.jsonld,ef274efef8c6275eebc3a9a19718a2892c241493be7d452eefc818a712fe369b,b379087330fa3c1f1a1b011bc49d98d91d06c7f479e2f79c8ac4ad0a90ee4059,543,2025-03-04 08:43:18
drep15jspgw8ea9pw3w0fwyqam2lw58ulw7z6qhr8qyuah7j0yj962w7,,https://most-brass-sun.quicknode-ipfs.com/ipfs/QmW4diXvKVDmScpGhygyopADCEpqdJhVFCqW3y9WE8JATh,e2f32b0436711f3bbfac1aec38cf2e83c61c1e877824314290e5681ad3f74977,d7505c462840e2ad996604bb38080ab165caef23b9378606c22028b2e69d5d8c,547,2025-03-25 14:34:57
drep15l8ngwtywu59eshrw6nswa5y2mh2p2699za5w6v2nzsqg7x33af,500000000,,,e6cc82a42e7d32f9aa02d314e78b2ba39ddfcedd0a9603c962d213c73150bdc1,579,2025-08-30 07:11:24
drep15mr008j83j7n0aet3rfpw92trx24gc7hjmjdrk50fh9xslp09mx,,https://gitlab.com/cbolden/cardano-governance/-/raw/main/Blockdaemon.jsonld,20e4da426659a9a4b393cf45d05718a542db8e607aabac827e56f0a1a14cb764,f7cb3d2c749d692dda8e6b91236e73c787834823f7e968e6d2525f45d6cd715e,535,2025-01-24 14:56:22
drep15nvw9d6zr6m08dpckkx4d3g6dplc5vh7yhekyjw0vq07spk38ak,,https://most-brass-sun.quicknode-ipfs.com/ipfs/QmaKYgF7yQ9V817zirAcCHe1uskaQijCSNBh3z7oEM2JZa,4a840d40f511722f80e0c43dcbaf45a951da57554af3a2f0f992421483bee8fd,38791e1e55259438b5da7e6614e719d3fa68583b3ba4e2abd2fad6b934b82a03,512,2024-10-01 14:02:44
drep1678t8j9ufhasrflkjx6xlv2k8sy4998v5uu2vcfdh7ha2uran5p,-500000000,,,d09a0b6891194cedf644767dac2bcb62d1aaf13a0ded88db1e90d4043e40c1d9,581,2025-09-10 18:45:15
drep168a76y8ehsuszd2l26m6ndj5jv6v526ysudv70sdp0nfj54v7pt,,https://most-brass-sun.quicknode-ipfs.com/ipfs/QmbavhKGJUcX246uVfZwEZo7EP4WvTmLZa18j5nASEkwmb,7505b4f0c5122a8791f13e405b67167985da5154da453b59696a22d1ddbb1bfa,17d7f18a36062b8eac0486d97189608872f1fbcc1a3c8e458f5eac1621b517d8,558,2025-05-16 21:57:52
drep16f203ahsan44w8xh65myl2j4k0pf8y9dsqkracyqtvwhy74judz,500000000,https://terminada.io/terminada-drep.jsonld,cbf4fd51b48dbdf47a49a9129af20de333b871e4e02138e74bb3f51def98782a,7639f807d9e8e7528ce3985d9319663501f171ca66d42eb6afe9be22f17b09d9,516,2024-10-20 10:53:17
drep16tsw66jtrver8ur3y3zzq2fl0m4swl4lwk88fvu8d4z4ydukrj0,,https://most-brass-sun.quicknode-ipfs.com/ipfs/QmZT35nEcX84VFtDGpUnTxhoB5urXLE285S5ChB4wAsiWj,e0b4b8d41b3e121cd211c9dde68cb4df932c60da2cbda2e6bbc68e90697148fe,bbc405e52f857c565e3fed76e9079db3d0b744639d4297bd3f6fb7628caf6bed,571,2025-07-23 13:47:43
drep16wxc6kg9nju2jv3jzc5erx2ulzgdv7d78dsx6ltumhassgasegz,-500000000,,,3bfd089d6817a81cb6391ced60639cd1cf152ddb9467476d8be2a7958c049886,562,2025-06-05 13:01:21
drep17c2cvvx6d2xxwwwea6d9w4g8jnzprnxs3ag8mawf45kvvswfhgj,500000000,https://cardaspians.io/JasonMatthys_DRep.json,afe9a1e6f4dfad895b9e0b720dd1e97b8fa5f3163190dc9a8eab993e12be946f,7f84fb6fbb4921b561a7a92cca44ee464098bbb61050753ed5dbf2af38198ac5,522,2024-11-18 23:25:27
drep17delrdj6c38jgmh73y4rs3qxrad3k4qtnscx2f3v4z3x6vp08vd,,https://raw.githubusercontent.com/0xdoriworld/DRep-metadata/refs/heads/main/Dori.jsonld,923ee005f463793f0600111ca8af59ae1dea6ae72122cd8d06165fdfb5d80358,1f0c9b1f7f2264b70ed08090202c159ad463ca87b7141f72646843c1dd1776fd,606,2026-01-11 09:31:33
drep17elhnlgrtesye6vteywxytju8daptqz989vh83kcdlawwm6pteq,,https://most-brass-sun.quicknode-ipfs.com/ipfs/QmQ8Ur4Vjg9MVUxs3zHcAQHyUB4SV5Ehn9nfZmvcy7R3UT,bc2579c0e0f926cb7a3c31802a3f2bca263e95913881fd7d2c5bda7e36fffeb2,ab35cc08c2a6f0b080e94ab1aa19c0ddb0ca598532682af0e90a6a79ca305062,538,2025-02-06 20:04:56
drep17h6rggykfz37srj63lkuah5rg9ed8tzwmwd2nqywl6u3yqvsasg,,https://raw.githubusercontent.com/MUEN718/Sarver-saver/refs/heads/main/MUEN.jsonld,4bd1ba823f86d96d4d311b0e449b79d92b6779c83f58424ffac8a3d977924e2f,33bfd03fcf0662965841b28cf772ced7aa28d7929dd7487267123a696df35b0b,556,2025-05-07 07:20:00
drep17r90fhh5r7vcx2dxsyj06dtfc5jph8l9k7f0zdqf7z002zj2ckn,,https://most-brass-sun.quicknode-ipfs.com/ipfs/QmdZHVLb2PPab8fpXcP7KVcd2MFhzsU83kHEyyJissAvj3,4ac43307bc300f0b90895caddc8aec0e04150a8d60583d4b427f0de99ff35d7c,f1b4e979f19610df59a08fe805d423cef5db60aff51a95107a557057447da2b1,552,2025-04-18 14:10:35
drep17rksqsgqx8ej3rtc3x4gjm8a44u6w3qcshfm46yc9tq4zeffuzj,,https://most-brass-sun.quicknode-ipfs.com/ipfs/QmUpr2BCeEP12L31WyBa4BT8Yk5BySdHrHkxmt6f2mBiV2,8207723b1cc51c3485e70be048d06f41d4bb8c12e7fefcf8815d821bdd4d56e6,fac9830a6f5691ccc274d4da2dcc23098257be517adfd98450d4b6a9d5420ed8,585,2025-10-01 04:42:10
drep17vw9clp7lnv2qjqtnx68vm6yjfslpgewprqa4kxg7rmkznaryj5,,https://most-brass-sun.quicknode-ipfs.com/ipfs/QmYKxvHysLLaQTZchnjqepE3fEKMdvQpTJgTzV6SkYFM46,47daf68f1264bb5a83b5aef1b6d0a64de6ba590d69b6b7b9d1ec5bb6e3eae3eb,c1e954f0310a277e5c1111f7b187051681925738600ff89013edf655463202fd,545,2025-03-15 12:52:12
drep17wflxwksrg9jg8q9xpdlm0jcaenqrgldq06de8ql2xzvzdxskhu,-500000000,,,bac7538d786305b5801de24f36f7b36d8252631da79949eea74858428077b7b4,631,2026-05-17 16:31:58
drep183kpqfxmxtttuu6jxyug4m4mzn24y6270p5pg7d80530kj4u6m4,,https://rkdn.app/GA/ArcadianComputers.jsonld,ead17db88cac9d609c50c03796c55fda2852958fa1e9a26798fa84ac6a1400c0,66f69ac38b1813ed8d134b6334a41c42256f2907e3cef2a56bd43d830577466d,571,2025-07-21 12:24:09
drep185yt5r9avk7m9zfyx4cuycak9eeksj0w6rfua6t9c4q6k23mz02,,https://ipfs.io/ipfs/QmfFEyA3CjkH8yf5wJDJ3vEsaZAVwqMfHyBic4LjWwz7m8,fc13b0f2364012d526e4928e99554b988bc730a1106fb8a999d8bed58c1a93bf,073fd259940c4f094fb1479b3a5b39c368f6b2ca76ec6a52d63a2c13631e8e04,537,2025-01-30 10:46:12
drep1897nvzpn69pmpcgxejzgasre3mztxj7qf2hqs5se9n3p7qdc3yt,,https://raw.githubusercontent.com/Florian1111/DREP-Final/refs/heads/main/Florian%20Volery.jsonld,fe406b8f36093651a79ef07f256720cf893e84c9e71766175ebdbfe2024c3a77,ed4c3fff6e3604b1455a2aa1417c2a765b7ea03d24098c606c8cf7c85168aebf,526,2024-12-10 14:43:12
drep18c6dw0e6z9lx65f22zrzgl0z49j48k39ttxqk4q6h953utzepy5,,https://raw.githubusercontent.com/Cerkoryn/governance-reference/refs/heads/main/Cerkoryn.jsonld,c881b5413ab2047859fd480608cfd6c94fc38951c97f6edcdcd3e2e88d703415,8ceffa5340486d00603cdf53124573a8a8449cb8a4abb1416599fe561249c753,556,2025-05-07 17:37:07
drep190xv8v32n43luhu9ag05s5mvcs6079lg4zghzyg3j9vlgsm80cs,,https://tinyurl.com/mesh-drep,7ace63a1c447a7769c979f530c97b1bfa6e664d50b495cb6f2aff8c7a2e8696a,86a1ac4e7d88d8a3c3a021a9254cffd0c84b9784f00ae79c6d9007b2c5b729ff,567,2025-07-02 12:21:43
drep19qg34ctllr7lh48nnj4akfc978qzqzuwzkgsdu6r3zc42e5y854,500000000,https://adawallet.io/public_files/MDRep.jsonld,d604fa7dcd2c0efef5524f059bc43c3911eddb6bfca1b048b3985ac5aea19726,00e22de8db8cc096fcca84bee51a1d4eb3587111d29ba9a67152ee65df6ad22a,508,2024-09-10 10:31:00
drep19we4mh7zaxqmyasqgpr7h7hcuq5m6dwpx99j4mrcd3e4ufxuc8n,,https://most-brass-sun.quicknode-ipfs.com/ipfs/QmNviVEGtcLuv3T77nobXARhDfMM7bKaV1zBq2Y5vrU34T,bf3c37eada3e3117533100525a8720ee0144c1d7db3a1bd9cc98096bb81b74bf,d1dcbbda3718ac72a52f56d924b258baa8d8ef570e3b2cc8bfc75c2ef53fcf23,584,2025-09-24 13:44:10
drep1a0ezt6thcc3ak54xtrvgennuqqwhs94uw58pflf0sygyxlapnwj,,https://raw.githubusercontent.com/cardanians/cardanians.io/refs/heads/master/gov/Cardanians%20(6)1.jsonld,0da9ddae1ce5b282627de537b07b8fbaa0273fb696c7ab83a4acca78719237a7,c8902fa9f3020af8eec62cbe0afd98f3f1404d6ce4b5b5b01894b2833b5d102b,556,2025-05-07 08:56:27
drep1afljuuafncq4qg46r5zdtjwffenf3gkn4cdeqlqq6e5kkgh6v6t,,https://most-brass-sun.quicknode-ipfs.com/ipfs/QmbfKFZYsFWjY5QdQReqEeNjR5Ez5yVsBjppCzVijszNXn,3b79110199fd1019d40a75204991a70b02fd9b4f344bb52461135970a3fe5a56,5ad5fd8a642ac61cf6381b43079a9a124c4262bd59229f110a9f10908f1cc56f,561,2025-06-02 00:55:25
drep1alkaplr0l7lt9fva4zrduvke22m8tsntw380p2ery9w7gpf74km,500000000,https://capitalstakepool.info/drep.jsonld,69f516cc9be3a3b5db0805e0a2c9b4fbdb35d224b638331e481240846ae8513d,6315a7e0142fc56c86a85f52666a18649130386924e3d53c78f6da35b3e951a3,542,2025-02-26 12:22:53
drep1aqr3j77yyu92kyjuln30n59tpnp5z3aceaq6d5ljr0jx6ket027,500000000,https://topopool.com/assets/TOPO.jsonld,355571a1350d00e7b335a3a8d94c5a50e5861add4429f5daca5cd2d3f527502b,8e588765ad0d6a48e8b7fb38af9f084b70cf7d34d6b2e2945754033ec14da166,531,2025-01-03 19:12:11
drep1asj4l0kevmyqegyezfrjky0jdjdkee0sruxxu2cj5c0uvmucfcj,,https://raw.githubusercontent.com/granada-pool/LaPetite/refs/heads/main/LaPetiteADA.jsonld,c7f9dad6769c8aa0f57d22b44d920dbf6beb2d20b943065bcf64fdc20820cef3,6f5a454f249d5838c7690d73d3ad982be479a799aa9dfa9e9099bc463f5a375f,534,2025-01-19 16:34:23
drep1at8ej9hllmfjms7c5j3xm579qrn7xcn95avesf4s2za22ukhurv,500000000,https://raw.githubusercontent.com/mokshstakepool/Drep/refs/heads/main/MOKSHDrep.jsonld,c5a087eca6146790a9239b125dea0fd2c31a12c6fb6f7223af8539f2cbe4cb80,62c88cc6f0859e0b948b09094bee70ee5b587ebcdfadf1a09b1e9d47e3fedc7d,532,2025-01-09 16:21:48
drep1c3e65ewexytnyczk9aftyaktnf7srdzc5sjm9qcgjtdhjk6mwc5,-500000000,,,3aed80444dec91bbc81bb22b5f6db8b18802eadfbe6e8325ffa8cdca7b536053,629,2026-05-09 16:08:39
drep1c59ehxlwkrsulmzhxpx86gr5d4vl9vl8rwa6s3l53du7yeus3y6,500000000,https://raw.githubusercontent.com/adosiawolf/m/master/drep-metadata.json,7ebff1083e350826d1264ab34b83af525da86ed89fd9d66c14429b5cedf04086,12d8fc658e270529a29be6fc9b9c8a8dd05d8312eeedacbbebd65c3500307f00,507,2024-09-05 19:02:49
drep1c604nf9akj2u2gqsqq8vqhw7jz6j0usvrr4ny68weqm95h8v2vk,500000000,https://raw.githubusercontent.com/erikd/cardano-drep/refs/heads/master/metadata/erikdrep.jsonld,e868b92e3b5c4d71fdcdfc52980b8c50a7fc23eddb56f0e3bc2c6c98cc570e9a,340025fa3d22fba240faa923fe29a245dbf336b4475030a0576179564d2a83e3,530,2024-12-29 06:09:17
drep1cdrlkzu9neregad4wlu6pfn00tvnlsqcxxg0yu3yssqsquhfm6j,-500000000,,,9e3c4e6eae7cf521dfcd4266e77ed1f9ea0c98c80d0633d111628b71c32ccd87,534,2025-01-17 16:11:37
drep1cm6mupj0lszffgnfe3t0we7r7c9kwc6lxd4ad7dstf6gggtdqc3,-500000000,,,c9e01f821248da66df70ad62e04baa9a2f1b895b788932b2ea6dab99813d1360,632,2026-05-22 10:29:08
drep1cx4vnd4zwg8r6j3c5lwvvtvv7y9rlyhlsxtrlq8e50he7a3g67q,500000000,https://atlasstakepool.com/wp-content/uploads/2024/09/ATLAS_Wolfgang.jsonld,4b86339aacf865afca41eb67b1e506fb07a51fa2b75460841288596ffb949e32,3154f62eab73a20a14beffdb5bfa6ecd1ebc91ad3a7950aa8446f04aa93e1f51,507,2024-09-06 11:29:47
drep1d65maj046auj5ccj9mfwmy4xk6gvkmvpz534unz4jclnqgx6qvu,500000000,https://raw.githubusercontent.com/lilyxbrodi/DRep/refs/heads/main/Lily%20Brodi.jsonld,de74df0808a1ed225ec9c48274b31b8c9a3fe9aa9eb4a8f29ec353a55dd6306a,1f211f502b7ea123f982e3482ce70831f990953b1b71878dadb35858fd4fd2c2,555,2025-05-03 11:20:41
drep1du87slp2v6esqfw3pjdpz2kds3fdjjwghp9q7y56mhnzwqd580j,500000000,,,4e9f6908853412d833ba48336e935c8c07bdaab9359a96821d2882b809b20c6c,552,2025-04-15 01:03:51
drep1duf9wj2007jp8zd2k2khq69ppykwq68zsp8vksselwaj5nvnr3n,,https://raw.githubusercontent.com/LGCjosh/dRep-file-LateGameCrypto/main/LateGameCrypto.jsonld,439e0c84ccf21f845504706fd85666edc5cd2305e924c5200b00ca481070aef9,0b7f9093a9e3cf67b3f341c4c23ac1d77ba9976fea3f99de4b65b6c17b22b5ed,509,2024-09-12 19:54:35
drep1e6cuc37dxye87epzzmcfqs6t32s6ev924jp6aga77jmmvf9va2t,,https://raw.githubusercontent.com/jonahkoch/DRep/refs/heads/main/jonahkochDrep2025V2.jsonld,5a76059c68c5b98b07162b04b224f9285b5ad2a56cfdc8f669fd7c968f253aa3,0cea9c19c6874c3197bb5bdffb68546868bd03e3513aed4230c877144cb932e0,545,2025-03-14 18:55:52
drep1e7uj4v5klc5vgllc637a92v4wupq6h5qc55zelk2zmjcuhqgfn4,-500000000,,,7a6a5d8efbf6568d741744167aee2d304bd3d24040d21c8a0f46358d5461fc4e,637,2026-06-16 17:26:57
drep1e7wfa29m9gqnqn6yh4uehv5tfz26dcmzhayh3gt5q4l25xrnv2c,500000000,https://raw.githubusercontent.com/Knackfisch/DRep/refs/heads/main/Luca%20_%20Knackfisc.jsonld,b23c775943b687dd476b00231a1fddbe6953a65cffd1e6fa27efcba6b887725c,62cdbae766f5870eb6b835970d5bbabc3591095248da380c963e827bc71d5b81,555,2025-05-04 06:22:27
drep1earr67qkx8lhv3avyjr78mepw6ryauldxtmt3aks5zqq7u4y9ve,-500000000,,,2c56b685aab259c33bb9be801d496d339104bc59e8a3d21f61c2305a1ba7abce,559,2025-05-22 07:11:12
drep1ectemlv45xsnvenfgkhwsxncfvxev4qllj7x5w6vlfc7kmd9zcs,,https://everstake.one/cardano/everstake_id.json,d2666fc8da73ac60c8b9308735bcf123bc694c4b25de8c212d2f252b24b6b0a8,203bf739dc678d9618860703798372e9b44a468d747c1fe4c646e97fa2ccac67,573,2025-08-01 12:03:24
drep1ef0pqfwpc8qlfvq22qxflz0jzhtxcxx3ufj3ck8z9mupxjcsz3v,500000000,https://squidpool.com/drep.jsonld,213bfbb6b8540553ef9cf4c378d8354bd8dd5af4a4bb044e4d547d17dc7ab4cd,e1c7fc22eeec59fa7d0073d132876f0764c91ee0317cbe5b25482079699ab2b2,520,2024-11-09 23:15:05
drep1efj8hmm06p550extkumgsc9rs552dvlyrds20fvlsjdvy4wl890,,https://most-brass-sun.quicknode-ipfs.com/ipfs/QmPYBXHHKZzMPHmH8s98pyT8y7AbtjyiYrzB9iXCBm9KXt,b116e32a729069a470bf4069e6b053b6158a2973f13a58bda96fdc4c7528a6dc,3cba31155b92d7b43b2c4411961f12ea700c67775b058e3005a71e563b1e3e03,572,2025-07-26 18:37:46
drep1egcdpv48sektp2sq5y3psve88e6xpd2ve902v24cud8mc2jhxz0,500000000,https://adapolis.io/ADP_JSON/Adapolis_Stakepo.jsonld,1bee5a8e0459ca4741d5bd30b494a812398fc2f92d2ebc7a35864c0336ed499c,36fa12f18e8ad128b9410640a2be1d97938b9d9a2d58dbd6478caace2b3ce568,508,2024-09-11 17:05:09
drep1ejcahd27mx7325aj9nda0xg5uydrngxgc8z8wrtz6lcn2gs2exg,,https://www.cardano.club/ID/Marin_Cardano_Maven.jsonld,940172d5a1e902cbfb19079b2bacf893839bed0b105b3f7ccef717c4c951c9a0,c2f8929187fbe70adf73a0c310fd00020bc83c7b7c12e3cadb3b0ba7e4a4fc0c,508,2024-09-09 07:00:45
drep1esmla69yhjn3yr8f0wzjyya07942pxveer34szw9uqzygjfq3ap,,https://raw.githubusercontent.com/BrianLee12/Cardano-Governance/refs/heads/main/GAIA.jsonld,4c513121abbb11ac3ee863ad2cea84fd73466c6966aac7d066df9241701d86ab,88db14194955602c2d6bbba02f767b82fe51da15ebb0c7a86a171829eff5155c,519,2024-11-04 19:24:11
drep1f8dqtkx6snn7wn7ygdsyxqx5q2x0kmak5je4jvpxmx36y5qvcup,,https://most-brass-sun.quicknode-ipfs.com/ipfs/Qma8jitqeNnK5ZCbnxraFmiHFpRJCCdcZbYJcCNhMCnqNe,8e94b51867c95aa9801be81043e7a3f863f7ee18a1d80e4f7059e8b0164e723f,b9b779b1e863d429440bf9bab185b0ab62fd04677f312d027fe33439f6f116c6,592,2025-11-02 18:03:20
drep1fcwj52pvrep5luusk0068v3pha84h5758w0tx8hgjr7q7k9e55q,,https://ipfs.io/ipfs/QmWaLeWvPgvX7tCzGpkrotRmD3zPaTM9NGWwCh4ZbztGx4,34aeb21ba5be07cf9fda041b635f107ef978238b3fccae9be1b571518ce9d1b7,90072db5a6108e53c73a4778393ad5f3a531921a0f42624d67abb91314b6c1c1,528,2024-12-20 19:22:58
drep1g0g4ntlgxfnanvtqaa405y3ruszqyfhx46snptktzwg8xvtce0u,,https://www.stakewithpride.org/PRIDE.jsonld,d4870c206804b76a591380a341ea1c04b82150101d04cf6905af99cf6f87fb5c,07b65b7fe12410c161284a3febcfbb340a874c02138e14988e49d447816d87c7,524,2024-11-29 05:17:13
drep1g2d3y3skgr806wj2ryhhc5ca3akx6vmppde87jq7kgknjmv589e,,https://raw.githubusercontent.com/cardano-foundation/Governance/refs/heads/main/DRep-Activities/cf-drep.jsonld,8b8441b53ca2f26a733bd42ae6121a14a7be7c53f07546ffa2ad5354e04a4c74,f40eab630309f3a68c3ab170eab57c770be3b5c8920f3b011dca1655974352a3,571,2025-07-22 12:02:46
drep1gdgxcfaf24rur87f6rjkayn5slf7k0kspmq30nsfff6w23q8qgc,500000000,https://raw.githubusercontent.com/congle-engineer/moonstake-drep/refs/heads/master/Moonstake.jsonld,ce492c9b16fd3e4a027c03e3fa0f83eaebd7c0dd2e9e4dc3b00f135923df51fb,a99921776180cd433631fce8caf58c2dc58196efdf5da9dd0cc3bd4ee6abc988,521,2024-11-13 04:44:35
drep1ghq6tzqa3wn24pmnmspz7l8u7jauxatmqvquekt95v7tzupktt7,-500000000,,,ab40a84054ebf829091750244abc17ef4d6b073f8394aa738736dd31716e5f3b,591,2025-10-30 11:05:35
drep1gr4upcx238vns9gmlvc22sr6c2kse35hxww5n2pw86gcw6a39dg,500000000,https://raw.githubusercontent.com/QuocTuan-maker/Drep-Profile-04/refs/heads/main/QuocTuan.jsonld,71f044ccf4ad049539a8a5c77e3d539d9ecc438ec4b02a2a521581abc93a474c,82c6617dbca92db151919f198325e0ac4eb117d17ca9946c8ee75705e420126f,514,2024-10-09 04:20:49
drep1gsnseus5um6kckgtyx3pvav23wv9ss2pzyndawtj3uqsw5dr4q5,,https://most-brass-sun.quicknode-ipfs.com/ipfs/QmXuUE4akXVoE9L6uLR4suADywbJ2vFaBAEZVNnubhRx9C,cfb6041529e8968f40a0deffa8a17dfe75a642f0489df1a04dd5ef28e6d5d094,5dd8f64ba2fbcc838bfaefe08871e941abb4220e00f2736f08afae78e1f5c5bd,539,2025-02-10 19:55:39
drep1gszrx2zmplzan8e960tlhrlyutwlmmpgtp5h8xukzvr5zasda2p,500000000,https://gitlab.com/thecardanoadvocate1/cardanoadvocate/-/raw/main/Cardano_Advocate.jsonld,edb07a952a4ba3c1c5f2502718d5a425bfb135b91a38d53864f8e3682d29bfea,08008fa93f2c2043c0d3357e7da64f2b638bd0f3daa302054351080cc9af91bd,540,2025-02-13 22:54:30
drep1gzutjmmzhr9lt330vcjgze9fhjrnhratsse0xz8dfr0k7vszuvm,,https://raw.githubusercontent.com/Flux-Point-Studios/cardano-drep-documentation/refs/heads/main/Talos.jsonld,924cae7c837242ed927f6feb3c5f5496993cc220149f02754fd15d46748cc166,4728a71532126ccc547afd05edc1a80b66389067838b0948f7433cfd4dea9324,537,2025-01-31 21:55:28
drep1h6l2ea5sq7u62v0a4sf3ru4zu7knvwm6px4twp2hvz2azu54xhp,500000000,https://raw.githubusercontent.com/CFMatrix/Metadata-storage/refs/heads/main/%24Khale.jsonld,48beb30d1d3663b7b62daf0ce785cae2eb2ac4d83e6983e76e0689f97ce8d09f,ef51f78427cc4e95ed4961eac5bab59d844905279aaa8a011ade68fe036bbf6e,518,2024-10-28 06:24:30
drep1h92sg90589pmhaexdfxz04w00lsaldpllvjf5wwa2d5j5pcehve,,https://raw.githubusercontent.com/bsandmann/cardano-governance/master/Bj%C3%B6rn%20Sandmann.jsonld,c55c0c3d015d56cf16d68728be2b58acfafb04e20f3b0cb64cdf0f6ccfd464fd,6802c6b86480e0ee1ef2a3855128b5bafe4ae0651ae8a59a1ea37483c6c7b934,507,2024-09-06 16:05:02
drep1h95f0wrxasn0fwfajwe8jtjfdw5nd880d073wh2llvxk54rvnus,,https://raw.githubusercontent.com/portocripto/drep-entry/refs/heads/main/portocripto_drep.jsonld,b4a31a3fe3840bf2e1f720eb5e087f888352269311233c14f003e0d3d8af5c77,ad28c0feaf0f1a08fef63fc68a23919e96d07cd4803f31ad71959d7386b99753,535,2025-01-20 03:31:20
drep1hsy55c300sxskmq0vssqgp8uahwhcdnxxevzysmd7gzmcgzgzsu,,https://str8pool.com/str8drep2.jsonld,a1b610ebf4f3ccf6e7023753f881d84c9dcfa7ac1f3b357fe051c5f8fe305ec8,2dbfb5552c3ebad7d377fb46e6151ecb9dd747a9ab15167796af622ef9547b36,521,2024-11-10 23:48:33
drep1hvlx2cdu7ql8238dwhrjrncm43q3sl5hlmcmp24p0rcnzcwzcyd,,https://raw.githubusercontent.com/trjones8918/dRep/refs/heads/main/Ryan%20Jones_Maestroman.jsonld,6601ad191ed95b74b00c13e1d90183b3af1947a8ac9d3c0c688bbe0b006dd5c3,b4bd5d7109d9a6ab5e4e42ce4ed86ab7bddca525b913dc1f75e5abdd86c06c13,528,2024-12-19 05:24:29
drep1hz3af6wgav29ue9e8tdlgr2kd4gpfned63rupkt9z9h7zueerle,500000000,https://raw.githubusercontent.com/loncho/DRep/refs/heads/main/God%20BLESS%20You.jsonld,dd39e6014b053a374dd771ff062ec68ae0b1d96d5149130347235e0d0cc71954,343b871d409b467e5130a180b2010c4f6d47510533ba6a34a91b9f9aa0eb7d6c,524,2024-11-30 19:52:16
drep1j9lhu5vjeetyx5g6caty4z908e47c0jmmd4747x0et7lu4506zv,500000000,https://raw.githubusercontent.com/albert-kevin/DRep/main/Kevin_ALBERT.jsonld,9279977d0d30bf678478d892eb04e7b2d7f34b143ba7d83a2f09c37a76672b14,13e085791728268bc5b2538b245345740443681275dc0236ddb80d3ccaa1ea98,510,2024-09-17 13:34:15
drep1jde8rt3uh9yw23wkyf8zr8874u2g0qaue4d860fwdx7gzlktygq,,,,89ab633761c71609e516b24f9ab7d3e647bb3b2487295e807cfce7d2801a82ef,537,2025-02-03 07:23:16
drep1jjx7efq77a0gtx49h9vvtraq9prsp45u5q3qrah6vw7p5t2sx66,,https://raw.githubusercontent.com/hyperlinkpool/staticresources/refs/heads/master/hyper_drep_metadata_202411161401.jsonld,54f2f041f491c2ebfc5c2a321f7f40da0d33611b89bd2278da063b30bac3b323,aa2fe08420d6e1d0ba6608edeae16cf12216f260a925c2df29554212ae73fb64,522,2024-11-16 05:04:42
drep1jk8rk0p7py52vz4jnhwjtn4nhyptnr5tcvewgpahwu7djkqu46m,500000000,https://twitter.com/AnastasiaLabs,3f95e6def652a0c9278069fec4af2f5b77f240417e17bdb92ea03c42cbee9a84,231e85f7a960506a6fe901757b52359943551feebac844e156d899e2fb5fb3fe,507,2024-09-03 19:54:33
drep1jkdeccjwuun37e64l7zpjwe67xmsxmgpzkuhqtt0qjcrudkvfx2,,https://raw.githubusercontent.com/Bmtxs/sp/master/drep.json,be622df3ea5d7be0cabcd07b8cee517141cc5d408b6efcb3499331a4504eaffc,1e968c68436e552117f4351dab54167b26148835075c7f7497669fc02808414c,510,2024-09-17 13:52:35
drep1jnmmkfwpta0yuwjchw0gu6csh75vy62088egy9n67d0zc7sn83m,,https://raw.githubusercontent.com/cardanoz/drep/refs/heads/main/YUTA.jsonld,11d74e121eeab90ae721458160023860f6e243f3bdf53278f86a578b84e824d8,85e35569d30793e6fc9d55e2237ed290e4797388723d0b0368ef57ac3e530b09,539,2025-02-10 15:55:32
drep1jnp2ztlj83ecp80dpjj7srq2jgfnalan8e6u3ye2mn92uedrnu6,-500000000,,,967146da2af63ba90a0a7f54fa7a17bc30bdcc4f0ab258426b7383f5dffbf2cf,564,2025-06-14 13:33:02
drep1ju2udpph53uuaut4sy6ss46rs9595yeaqnxjsvsms5htkyup4cn,,https://most-brass-sun.quicknode-ipfs.com/ipfs/QmNMeHWJTHUQWtDpkBBLEG9FfdLnNgAp9RQziSTjHdp1sz,1687a320e297a076ba124246d024fa5f11ce22e3006d3b931cd44d01dc8a7f52,4cbd2935006a821119b9e4211eb351b8b6d70a727854f6c990d7320b3ea86abf,560,2025-05-27 15:01:52
drep1k0p2sr3pl4ylu86y0dlamae9r9csdsuhfpec2mrgtckkqxph6e8,,https://most-brass-sun.quicknode-ipfs.com/ipfs/QmdKoc5wYKpSyyQBPz3fnkWVUujR2feaLedDidyCYV6TZ3,61e5d99775e1c4fff7b903b3e0654dd9e1d24a7e596cf5b6a55aea13f0307e6b,c97aad1a3edf31e19f16a5cc7166de4207cd3c1ac3320a47261f4bed6c584dd5,540,2025-02-17 08:42:56
drep1k3m6nhttv64uvzgmf24fsul9je4ww6qj3gyqmzd2yg9a239p5hr,500000000,,,f9919d6a08903724fb091966606482904bfdaff076be51e70307d9873eba4a51,525,2024-12-05 06:38:10
drep1kl4yss3v5qsw9j9smpakfcwhm7yrw0zkv3es80qx73wl5n09y59,-500000000,,,9b20bdfd5c152cce33668cd925eaa1a45abdabf89f6f2b4f584358c9b4eadd2e,541,2025-02-21 12:29:16
drep1km69g7ksf8t5g0h9d9tkrcd2tezxelx0wtr76rv2mrkl5nzd6v3,,https://raw.githubusercontent.com/Satuchac/DRep/refs/heads/main/CardanoYoda%20(MANDA%20Pool).jsonld,aa868772033b47ce690ff74ee6196e58ca7cd06bce1aa0d7654aee5b17e8d6ba,01ce40f75eadbf32723c87962c983731bb74d3b920f67bd4187a7bf01f6cbc84,616,2026-03-03 08:16:30
drep1ksd86wmjajshc6yvjyaur963827qnhfmtjfy0gjpl92eg3l9cl6,,,,332eb328cc28bfa124732fcda5973e8f5307ed62a8e663e167123d57ccf0faad,585,2025-10-01 08:58:00
drep1kwquh5nf00lfhxmxafd6y6pgc25fvm0d8xx2rtaymtpjgyjagzn,,https://raw.githubusercontent.com/DRepVoiceOfThePeople/VOP_Repo/refs/heads/main/Voice%20of%20the%20People.jsonld,f757e2a9e8e8037fb4ef6d9f9446241d4500a77143d0142a1daa9c379fad0842,0a1ce0fae93f104264be22dc1eb6869ea9f9b46324863644c8d92cd77937a284,531,2024-12-31 15:54:17
drep1kxetjk2yxfzxv3r26rttvur3gngwxhfpzfe4a8vxzg92cwyeu2q,500000000,https://raw.githubusercontent.com/bbandu/DRep-Doc/refs/heads/main/GOMA-DRep.jsonld,e0863118ea193d074eced85842d05a5dbddf6a8645c29a938ce58aa375a24778,90f4e255146fb752319fb50ddab847f5b8f2f480839efa525d4e11d48b477f07,516,2024-10-18 08:07:26
drep1kyppjlhz4lawh4g0ewx2d8a5l20t4yclfnppnuvdkmt7vccg836,500000000,https://raw.githubusercontent.com/SebastienGllmt/drep/main/drep-mainnet.jsonld,4a96a0fa2188bf7eaef1ec28c5fa4a1a3cb60dedfdec0dc951bba616474ee8e7,e8c4ed0f3d08b65a2e62e4f5bc7d264cb20b3fbf014ab96b94de3080248a591a,507,2024-09-01 21:54:38
drep1l0yurnsfze54j5h0k9y8psus48nzc9geqh8sga3k7atngxrvmfl,-500000000,,,c974e297669b80b36c40b2adcbf569eaa89a750a2cc6d523358bed94ac15b2e4,640,2026-06-29 18:04:33
drep1l27namn7weftgru78t9q9d55rgpkyva8kh0q9s33y44qwysx3uj,500000000,https://raw.githubusercontent.com/Coldheat22/DREP_Cardano/main/COLDHEAT_3.jsonld,ce0f8d45fe8517ea721951823509126a8093e7f70b333151cebfc408bf38e4fd,f0567ae6567e0f8544f6913b63621e85f26dd7ad20d4580fe367f5e6f513f594,508,2024-09-08 06:45:39
drep1l46t0lcnllnlhya4e2zjvpwvdr07nfd2my3yuaa2azrkj2cw4jl,,https://most-brass-sun.quicknode-ipfs.com/ipfs/QmNi9fxk5yo2La3fXABLWfYDXzyu7ocB3DEyXmjD1gH697,46d9b6249abe90727b8caa8b8bd7d8555c8ec649b7b1a82adf11f89fa2219866,8dafb28add72f50623da6d46078a6c6e3c6c63ded8e71557f82764d52b1cd1a5,536,2025-01-28 04:59:01
drep1lhkqu7uhq9532xr5558q7gh5rl54m4ezav8p5yfkgz27yrx735a,,https://neeup.com/drep/JAZZ.jsonld,74dbbc4975d2b5cec44f1155fce9f9c40753bfbb6ecec9295a4fc2c17c2005b8,22381d9cf4a761f4d9055fe950a5ec09cca4c0bea48b6782964a6513402e47f8,534,2025-01-16 23:30:14
drep1lk2npf0k6fnhjj6nq5l2lyrhfxgn0hkp0cdh0fpwtxf2vm8z5q5,-500000000,,,dac5a1f41108b5ffbc0a5b6fba8e037ac1f48fa9663eb3c0e8e23340688d055d,556,2025-05-08 17:20:01
drep1lrtg6qx8tend00wuxs0eg5mgwxejrcu8s5w6zyk07745xuzqf7a,,https://raw.githubusercontent.com/nagamarupanda/Drep/refs/heads/main/SASA_nagamaru_%E3%81%AA%E3%81%8C%E3%81%BE%E3%82%8B.jsonld,867285a8cade7056ac82b73583ab87946ee8a21a61ee6b3fca9545c309be40b4,a17d58cc454ccc150f1fe2646507f583f5d570addb28e92059a2c662a37b443e,552,2025-04-18 14:06:59
drep1lw0n54ypc0pcqeptzwycpp0nk3c3wh62gnss79txgcdjgds4tvl,,https://tobg.github.io/Cardano_Pool/drep.jsonld,5b9b493105b3c48ccb291cfab388625b3d5ae6da0c164687515d0c81f5b52142,19866236763eb6d81175fcf58a7e725cfa65d778964e6ad5a56d0c58217554b5,632,2026-05-20 10:16:29
drep1lx4gzl5xvmdrthnkrtc4zxdadhwsyz6rz6r80me047t0seant4v,,https://most-brass-sun.quicknode-ipfs.com/ipfs/QmYLfbAKfunhudCbY7Q6RRzcSqhJoaiE9xcg88fbkwKL1f,fadeb53ba748a0794b9ccdc68a35c83c9d72e73bb59433b6cb7ff9049d86479b,818cf24182699c43e525bf55e3dff18edd5bb212afe299709682a29d67122ef7,631,2026-05-18 00:01:12
drep1lzv2vk9u0l9qahz6zgnmkyv6y5qs8lzaukhstwfrqdf0ywhsfd3,500000000,https://thevikingpool.com/thor.jsonld,52220a6a07e3706a410d7766f6c25856d21aabdd434f5736dc5180892becc307,b361b0f5919569fcd7f0f2fbc9f8b646e796984b28824be2f18bef62a204e244,507,2024-09-05 23:44:32
drep1m2k6dp66gr83chkff2fr6y76wgta5xx8umstphsrrsw9ylhcfha,,https://most-brass-sun.quicknode-ipfs.com/ipfs/QmbX24JJwAUhpKwQDAgXPLfxsiXLosT6zKEMBBkGMDUU8V,9ad0b6fe88901fe9d37d66d846a41b7629fb6d7fc94df48c6454252668c318bc,c7b283fdfade7779a3f14d6d7d82afdb9ad8269213f83da25face6378bc5e8fa,600,2025-12-15 13:00:27
drep1m6h3hjxvheyxwfwfu0zwlaxew6h0cgr2g2vz7vdeway0s40hn29,-500000000,,,5e3df45e9a136f7fc64452afff351a0aef0c6706509f03e6370b5a65f0160e03,525,2024-12-02 17:56:30
drep1m7rzzk4ftvd02w872genpy6kzeyplhdyjeaw9kq3yhmzxtwnfu0,,https://most-brass-sun.quicknode-ipfs.com/ipfs/Qme4FrBXZsSBfWD8tcNEbza47QAJhCmaatBdyjzWgyrgA2,9990394cdd25b7d46ca232bba1c66f5da816fa60e466f411edac2215a6ea78b2,99d19844597c88d265d09e09e7ba23cc714f6b5766d442e7982124922362b625,524,2024-11-27 09:38:01
drep1m8mnpykcjfyax5mcs42whu3dt347u8aq43x45ucs6dv3ztw0lez,500000000,https://raw.githubusercontent.com/Emurgo/constitution-committee/a0301c0547e8a4eb7566829ae387396761a34b42/EMURGO.jsonld,3d28926c2b360534244c37caedf932eb56f6ac647d5e372553d31305825a793c,c42a4570dabce46ffd6cd3adcf704475b124af122730a9a398387a00b0b0763c,540,2025-02-18 04:43:46
drep1mkmnzmtlflcadyyy7g6ju3sn9ppcrut5wn73x00mfwmw642g5qy,,https://raw.githubusercontent.com/gitmachtl/cardano-related-stuff/refs/heads/master/MartinLang_DRep_13062026_.json,a78058d96a49f2d8825e83a336a458a3759a3b101808415f70e5fb3a78fcf927,7259554421df1e5f5d17a5864ab865f3a760ed897ae66043df10e8c6b8602db5,636,2026-06-13 06:31:34
drep1mvn7l9djdckd533eql2rxx42wr93sdvdzwp3zmz4j8h6ss7vkfl,,https://most-brass-sun.quicknode-ipfs.com/ipfs/QmTN71NbkB4KucauVcWB4CzKTE2pikFXZY5EJsHeqwU7JK,30bdc88999b0af2c2aa119b9028fefa5b65db38b999b4652bd890e802a38fd21,f0115f9ca1a71c9e5a90a36c9ba3325c67cf7cc4b3217351da2e3b018028a4fa,609,2026-01-29 21:12:28
drep1n6gwr6wsyhawt2lewpssmqqnfu4ss75h0stc25lkpsl2q72gycy,-500000000,,,9b16a684ac30c48678d76744a12f27999ca40e3a93d1575ba4b872e768675406,637,2026-06-18 14:18:10
drep1navsrqral9w6kjy8v9kl0vpmyhzhuytaa65rmdcvnu2eg9jac55,,https://raw.githubusercontent.com/ClearContracts/drep-registration/refs/heads/main/Clarity_Cofounder_dRep.jsonld,ad4b17a99e125cdddf6967e5a7bbba41e26c4646382ed20c638cf40b780f9b6f,c137e99ffb689755055bf01fc4a7b94ad4534c8b56232b902ff7ec14eec5f681,534,2025-01-17 19:46:21
drep1ng2exqa5zjz8wfd87wd7kkmlmurx2ef79ddlag7lww8hvtnjzuq,,https://most-brass-sun.quicknode-ipfs.com/ipfs/QmWJYPHGXTupdBXFEgWy3SV3uSbmj1ij1wX3HAwYyyfbCX,78db41630fbaed1e2f584096fca3a5e3744c55fbcc5f92b9feaddec9cee45d93,d51aa5a82f264450e068799ee02a7924e71747210ff8dc8e478985e5fde05f1b,523,2024-11-21 10:09:14
drep1nha38e3edus947xvjlgfurt3zgvh60jnwlqszwfgeh79746tqec,500000000,https://adaocean.com/drepmeta.jsonld,b7a1d357a05ccea6ba2df738cd051cf3da266cca4590a91c85394e5b4b581820,e3f190f86b8d7382f2e23f19b0b1f6c7c421c08f8d9e97bbaf4274a3171e447a,523,2024-11-24 13:02:39
drep1nm3mpnnvtxvlmqt7lpnskm0clhtm7ngg4pm7qklv42j5qcvhhnw,,https://raw.githubusercontent.com/andreassosilo/drep-profile/main/metadata.jsonld,2b12457a1722ec0dee63ce0fd254463a4440140f655ab8fc5c313e3b7e15f32e,73c00e25a93a2b03b5a32140ef6767c43a1e14530ca9a701c37f3d250330fdf0,570,2025-07-17 17:24:48
drep1npqc9m60dg9a27e852jn8wse9h3l975qsgwgh22mmh2eqzrlsfc,,https://most-brass-sun.quicknode-ipfs.com/ipfs/QmWW5d7GmaBwaziip4TfTpWjLvbtMarNrKo9BrBa1uAV2v,f6a4fe9beba984d80de7c3287e0e352522e132c258ab3c053bdf7c38bb1de813,cf4595c0100f89e2b1208a8067e7cc411b499355585c1d6b2eed43caab3ce8a2,624,2026-04-11 08:56:04
drep1nsrvsnf88cchsc4dzh7kvyn2xqvxn5f7hhenlt8d88gexd2e44q,500000000,https://raw.githubusercontent.com/AsherDude/DRep/refs/heads/main/AsherDude.jsonld,d8db0edc8909e289666e63d2a2c27d0d2dc656fc9ff1572e332a0c31e54601d2,edd94eed3c91c3c4c323b27d7ed52a6e1713c45d3641de59fbefaff476cf24c3,539,2025-02-13 06:14:49
drep1nukj2haua0dfu80tpzss0wz66mc6lwwnzjtxwrq325s8qqs3g2c,500000000,,,9c14fd4946022f8af6459f2f6cb3c9ccc449024f4768e1ec2d1affbff48a3575,553,2025-04-24 03:57:22
drep1nvuyn6ldjenkcnjd005qt76ygmxuv5x2l2ram7eud4uywtrhp7k,,https://most-brass-sun.quicknode-ipfs.com/ipfs/QmXZtbutvr6ARXzf6n3xXTUogBZNCgNgVxuEc8cJM8oCx9,b8c2a1c27eebe4c7434a4aaba210240ef28c122a42b300ea160531c4c2393443,6578114474c51267e848637c135e2f6d15291537a63e98ae86d265b0004a5505,628,2026-05-04 12:38:17
drep1nw0s4rsananj6d473p9uz9yh08jlpl8krc2gxgv2enrg6vuem45,,https://outerspace.money/SPACE.jsonld,3988950c2c7d5e9e250546b2e6c6075cd20ad954a353605950b1eab9259b4ff9,fe4df2710f5698006b47a806bdd23bcd98d7ac7e610c69d08ff2cff44a26ef15,572,2025-07-26 07:10:23
drep1nz5796lkhg02luejzc3aec3pdv0tz0s0tg94npxxck7qwayutfs,500000000,https://concon4171.github.io/concon/concon.jsonld,ebf9ef49632f925d0b3576c423e1d0f850f5b9e94911e2bc9fad356bd5a65e56,c0a60af652f580585048f3f5bfcc69d341da05ffb8a6984d7674ccd5b0f6a02e,539,2025-02-10 10:13:01
drep1p3yfyl3hsez09zkz5fj5an5ullhprdxhz3tq26fpfl4p258xyj9,500000000,https://raw.githubusercontent.com/tindoantrong/tavn/refs/heads/main/TAVN_2.jsonld,7b6864ddd8edd1a85b17ea8ee525f014fdf998e477ec12802729719b99808530,789d096dab3a86abc6810a886474816394524bc63e541395fd2317c886b29206,520,2024-11-10 09:48:09
drep1phvyckc7tqqlftyxqvp9fjdgczac4swsc7ssj26h785uxhwx0tt,,https://raw.githubusercontent.com/goofycrisp/Public/refs/heads/main/Goofycrisp.jsonld,6cc89d8f862ae29c891bc47951c3873455b2b732e89d275cb109289cac329272,36c031dc207c3f232980eaab3e84b9f23e5d79b338d534722cb0ce34d8b99397,586,2025-10-06 03:39:54
drep1pjlm2g0vr69e0zncnqthltfnny3amtdr344jzee8ehvlw025dhu,,https://tinyurl.com/KurdDrep,44f50650b4d47707886832467eabc9fd01eb28c56b15434b32ca0e6c9e782ab5,b9a8b5d9ffd3c0031a73825b4884f1a8d14b8c325a49a8d7726ceae2803116ac,523,2024-11-21 02:00:18
drep1pldju6te2rttusf9lq52fzjk6vscq6zsl9z3tlskwwwgxz40xcd,,https://most-brass-sun.quicknode-ipfs.com/ipfs/QmUVEa1twJVdtWaf1wgmXmxKBE6NzQ4mfemFtMan9r2CnV,eba76ebd3ad9687062cb1a1f7d4f5cc4c0202a78eb839d81c39d01ef86d60f96,be67bbdb074c766d117333d41cd03bab7d7d9a52dc606a225554b0e31b99dadc,560,2025-05-28 22:46:14
drep1plm3zm53xcusez3sx0hx3htz27sdlgux04ulagvngq4zu7cry5f,,https://info.hazelpool.com/drep.json,81c5cb6d3bac724f5890f7d16bba1ba3b5c438a7c8341c1aa810b3dd5bd2ef18,5975c74ccb6eb0f81df875c3e147ab50156f5840fa82b6792bff291e1b8d5881,508,2024-09-08 22:34:32
drep1pmy58hz70shnprfexg4z6ykfxnavtv5jdemvvl5yktydzml6wlq,,https://earncoinpool.com/ecp_drep.jsonld,c211ec8e0191eb10f0aee2a8f1fbd44e6066eb66136729da8b04ac04f08426b6,20d9fb6728a12723cc75fa5513689ed95325bed4965f514a9030020933ad2cc2,550,2025-04-07 14:38:25
drep1q39wjtvhutnarh6yqh7qrmu32yqh0ns79r65yn0a2qa327x2rg3,500000000,,,1453b0bfa89f326f4a736aaba0aa2a11f1c5caaf9abc5d28e6a83f51e9e623cd,510,2024-09-21 15:54:32
drep1q8l8jsn35qkpnasrg5zad52xjf34dhmkxcdn6w88y59nzyyhrdt,500000000,https://raw.githubusercontent.com/c2vn/DRep/main/C2VN.jsonld,5448a898b2cf0150ab7337789ce20d6cc0db10eeb7cb93a7636dbe6a1329ab41,7d0089363988b913ad420ff696378e97da7933d9aa3e2ae405130f3dd48b0ab7,509,2024-09-14 15:44:33
drep1qe2l8gw8v7ydswfp9twytxcc3wzwdq8npt55f3vnlgv2u8sx3nt,,https://raw.githubusercontent.com/Emurgo/constitution-committee/11af02e3b66daa7106941a1b3000d9721862bc3c/YOROI.jsonld,b9223775db23f025dcfb767c6e7d6d31b7a042af70785828e3835921fc54c3f0,92e41c419f4863160a7e369acc68f166cb6056b8a9d937c59223cc6c3fe9e0ea,547,2025-03-25 09:44:10
drep1qev0wwxdu7edrslhzgt2k75396k7pmyclhjtm5v2plqfx9nyu2c,500000000,https://bit.ly/ds-drep,a7c9ec8f1550bbbacebb78e332ab77b419beff13625c4dadc352899b1d473bd4,e910ee4168a88790056001b723ba00c12605c1253d0d6cb664d040e09c77eb15,554,2025-04-29 10:24:24
drep1qf7fk4r678gnm65hrsyhgjj56qakdygcakvl4hfu87rxgvh9j9z,-500000000,,,8efc51d0ee774932034cbf834fe8ea43638ce73d2c148c6bfb56573eafd1b896,540,2025-02-18 06:56:58
drep1qfngnxtfuy022l8v9cg6azn0am4u9yaykk5tcful8248qh2he2p,500000000,,,58010f750ce818fa1fca179bee06e41bc86c387f7085217a7c1deaa6b788006a,629,2026-05-09 19:18:28
drep1qgswagyfc60x0zhyxdz7df8e95avxmy8kp5jjzr9j7y4sn0xmcy,500000000,https://raw.githubusercontent.com/IlumNguyen/DRep-Profile/main/Viet_Cardano_Com.jsonld,68002844fb106f04a26dfdb0bd0793620eb4e0cffca6ff7a0ed0e5c4d94c519d,8c02ede5dfd34de0382dea6481fbb92e482fd0b3fe1652b09ef3ea5dcb9dbdaf,508,2024-09-07 15:17:23
drep1qjj5qs8aynj9aj5csp7vgk5xpaxykcenk5dnrync444dggyfuqr,,https://raw.githubusercontent.com/FaizanShaikh-3033/DRep-Decentral-Dynamo/main/Decentral_Dynamo.jsonld,1e6aef467751ff28967fd6808aff653b9ec8b731ceed09ff4a6270eb9e2c6388,36ff08fb5bf30fdc9974f75b7e1337bb76225fe40029c0ad516190a7eee28957,507,2024-09-06 04:03:31
drep1qz8frp3eq58v3dcguhv0753yt9gf3g50plrxw8rxu2f2krf2p5d,500000000,https://raw.githubusercontent.com/BlocksandBlocks/DRep/main/DRepAnchorMetaData,6e71b281c6f56ef25519956b118af1ccf21003347432e9e5043141c5fd8d0e26,a9107c2975671496092c7dc63a4570795d2321d96c94ebe9feaecc1dbac9f791,507,2024-09-03 02:41:15
drep1rmdgqugrj694apvu4m2ystnwwkpmxc8fnee5fpahlqfnq2xkmv4,,https://raw.githubusercontent.com/drep-id/data/main/mainnet/spannercode,ef7758d5504e2f818a65ab861f73213dc5fe889a1adc81937fb6fcefb552a7aa,e33c62777f095905625d843cf1b4e2ab2e09853068db2749b5204203dc60b3b4,546,2025-03-18 05:52:37
drep1rn9jm2r7l6cu5jfy53pzzvztayg388n66ll7sghj2dt0uah8u3j,,https://most-brass-sun.quicknode-ipfs.com/ipfs/QmWQPmn4J6FiHXZSjDRrRarmFfGQ8X7DjsJyZufdhuh1Ph,52998219bb407981f5b88b0d8ac7f1de0c1e390b38985899876977a7de9f9962,9d7fe3e11a11a9f0cc4d3a78bacddc81563f868e0c9d89e6bb5d53abc4b7842b,633,2026-05-29 14:57:29
drep1rsmldjj7vg9a9r5lqsegynzw03yyfhzdqwfs8fq3ctsk2rwjlfy,500000000,https://raw.githubusercontent.com/rhystmorgan/drep/main/STOIC.jsonld,63bc7f100eb61e7b11d7eca0196e51c875c57878cd4b2a6d5beaf09f06ad9aae,00800a2e3749266ff6934fb50dccc3d22ea21b28ebdd8ace2a5e68f438bfd594,508,2024-09-08 08:42:01
drep1rz95fefgxufcjamls4x8a6vnqjd72k624n9sq6fsfvgayqd6r5x,,https://most-brass-sun.quicknode-ipfs.com/ipfs/QmRSkg3zqDX7ruAZiTL85bxkuhuo7C36SPFPCVrybzc51p,7291c8d475518390ba84a330a8642e78b5eb6f35db259dc69da25d6fa814931b,3e67e21071ed9ed09b201b056272ea09bd28df83ee48b37412a46b745dfc970a,580,2025-09-05 18:27:36
drep1rzyq8kfvk2wkymvj6rhxttelrwrky8mad2cz6kajehtz20uev0x,500000000,https://drep.iagon.com/iagon.jsonld,397962be9c481824408d9d99c0160482efb58e8642cbfb34afd05da1d4bc95d3,fdc04feb6a2fa2f4e9815dd1a4e45903a0ee6bb0a9a9a48b3c714aa840394ca4,508,2024-09-11 20:21:33
drep1s66dp7mlmpvqwqp4xltvzn6q2086whe0n48kwrfrmmyngmuvvhr,,https://most-brass-sun.quicknode-ipfs.com/ipfs/Qmc6HJvXR7EtdEw4Sk8Yhu8rXemYAC6aXmpPC6FY8whUVw,70a9766f14cc65e57de549e03a9d41d381e4d0764cef1c83fe6360b0fa817695,df1e9f49a1868ee83e149857cbe2bf8932e42d076d531cdba9ac9a4167a3b903,623,2026-04-09 16:00:52
drep1sfr9rpws87tesvdzdlmznn5hrf3ezktmwqt9juj3jgelz6mqn60,,https://files.butane.dev/Micah.jsonld,7c61969e3ab8575316e58782889b63614e9916520242fa05b1cfe53f8e915253,56128dde0300b0dca40dc719e821c2e10d5150d7cfddaee37158fcc6585645d2,529,2024-12-22 12:52:02
drep1smycdt70dg58adcxm7t9gyhznay3hkc48hznr5sss6dr72duwlz,-500000000,,,91ef53315a9572e7ccef1a9499a9ac2cad76d00b8d443e88111f52b54703d614,596,2025-11-24 22:11:31
drep1sy4x93yl9c6q59ewmhxpkumkjnlz8th4wfetddj8lzryvsu7hqk,,https://raw.githubusercontent.com/dostrelith678/garden-staging-site/7d96dcacd9c87d17a8766853b627812fe55fbe15/DRep/EDEN.jsonld,9c4d08bdbc803969c389a30a34b59fa5be8952bda5fbeb92f2c29100c6a35f0c,3f9db7e1e5752a6eef3529b9be0b1cd27cf1f352e0934b46d495df736db89738,560,2025-05-28 20:09:29
drep1t2vz3lrh2vjxcah2mwdjlcsm9l2kxmqy4lqhnm7tawltsm6rugp,,https://most-brass-sun.quicknode-ipfs.com/ipfs/QmeBKZ2yXisLss5EyCQuEs5cna1AutMxSF6psFQZtWNHGz,ed72b80fceb9fb43727bb08e23c0db9bfff3b9cd47c421e8479a4701cb4e62f8,09c425594eb7d2f7ae0a128679e6537cc74ce7782cd11a3054058d7ac046594a,634,2026-05-30 12:00:02
drep1taxuxp3f9yvw5txzssxx54n6qy73r9ecc40c5mx4wthuw3r3mj6,,https://raw.githubusercontent.com/gimbalabs/gimbalabs-drep/refs/heads/main/drep.jsonld,4de5a7825a7745f312cd3a6a964e29433d449f71df91af18defb300eb998db4c,f8c43cbb2ac83b9e75f9ed44cce3b09a44703d87d0c158faecf732fa4a508158,532,2025-01-07 21:35:17
drep1tkjc5ez4w0gya2jvm8t948xhj6jrq0r4dwwea4gql0geq48ds0e,-500000000,,,9b5c2906136dc2406dad552a0b0fe3245e2198410a924a835503d99d5ebda708,563,2025-06-12 19:02:19
drep1trhk3060j9qdden786jfu3nw8ztwqqy5whruewvxykrnveg78um,,https://ipfs.io/ipfs/QmRin6EhtanViF7g7XbL1ZkE477zicy2Sh1N6snQFfgWvK,0848c64b81430325c22dfbf240135e6f80a1015997814ea7baaf0eb6a8e6e049,6d6056d2d21463eaea83063d9e37ea30a9043a72b0d38d0c9165eb62cc7b725a,511,2024-09-23 18:48:54
drep1tu2ttdwdmvyrnhczd9segf5w7jr88qmdwam60szll5hnut06n7t,500000000,https://drepdotfun.s3.eu-west-2.amazonaws.com/7aafa7c2-746f-4701-a567-6405bf6f7299.json,f01c78cc44a084c43e708c9bce83d22485bb0f8d92ab941c058bdbdcfc164d95,652ffbc9edb5c9611781e32fafccddb7f07e3228c1c61246267fe1a30f7c7427,510,2024-09-19 10:50:51
drep1u05yg5ttgkchzpwly339xrc026x27unxjd6vd7dv7umzj2xns0e,,,,1012bb7eb26b9331091deebe40058ba0592beb16f6c3ab886554a4424edd3d47,571,2025-07-22 14:50:14
drep1u632p38chcackajaw84rhsx7vpsxz4fcetee2tct8pyrgeftpr7,500000000,https://tinyurl.com/rbtdkawz,24d6cb8fa102e89cdfddca3b03f99d015baee85a3b13e49762c2b7b292e5e348,e99d0f44f2ef2e78ef2fe795ffc1e32297f1dc023c3c1d9a289920bd6ea81961,507,2024-09-01 21:56:06
drep1ukanq0sluynnjnumywfp5du3w9qtkgs4q48gpcwvj8nyg9264gf,,https://raw.githubusercontent.com/kiwipool/drep/refs/heads/main/matticus_kiwi.jsonld,5c68c79c6fa639c4851b402bcbba5e4e76512b442bdc7cdb980cef4a843b6892,b14bb93fd2ee5cee1ed1e04c36f510b89d6304d719b67920320f1e0b87016401,618,2026-03-14 04:32:40
drep1vjwg9fm0h8f0qeg7txujermuzcum8tnxrafpqjj23yr02urhgjy,,https://raw.githubusercontent.com/anonymousfreeman/DREP-Anonymousfreeman/refs/heads/main/Anonymous%20Freeman.jsonld,20f080c6b158d0639748463bdc6dc3c75d82790b37bc61f8b1b810a663608a58,bc1301cd3fb1f86ced21fedc2d9ba8ea4a62c81c990ed80dec362e5455857c62,537,2025-01-31 22:26:46
drep1vlx2m8ymj0eug8g9w0n869r3mtn5k66avkjce2w2qrzx6hx8jje,-500000000,,,587b73b4093a3db82beccbaf4f59ba94ef1c9151bbd7b8c9ed72c0c122c560da,571,2025-07-21 17:31:48
drep1vzp4tgzwp35r7u9yv2ms58nn7rr3mqpcrsku3qc23mujvv9c8el,,https://most-brass-sun.quicknode-ipfs.com/ipfs/QmPkcJqR692o6VZVkTjPVFAjQWDct66pSxp3Tm5n6XP8nj,59055b3c1205bad4e852a86c975b7b89346b47ce9c76760ee3bfcd41d027dc44,67d47474f91923b6c8f52cbb5a9a4b5e06c80a4150ca1e2036e895de196b6979,542,2025-02-24 07:20:11
drep1wfwvaduzxyg75a67m5k0u4m746ymzefqs4nsxz2mrv5dwm22ntt,,https://raw.githubusercontent.com/CardanoExplorer/drep/main/metadata.jsonld,8bff6c4cb86f05458075c787cb843f7dffb52f2b7f438037d291d987d71f7738,d446a662cf4a9037be425646c472c73ceab321c5cbaa9682d25f5ab7aa45ecba,508,2024-09-09 20:03:50
drep1wgxemjt24eg22kpfpvdgy9hr5gnavx0ccglkvzd2rv86kfgu3y5,,https://raw.githubusercontent.com/kenerik/KryptoLabs/refs/heads/main/KryptoLabs.jsonld,b550c3a0176dfe7ff138a1f5c6e10d8d08dafb82d4fd3dbc793642b48608053c,deedd3b829c723dd42228706a577cca65ac4422fbb848de81558fc466d41cd88,511,2024-09-23 17:07:13
drep1wwmwukesapdkwzqycnfmtlva4hxdgmvuudxpczv88ujewk5tgkt,,https://raw.githubusercontent.com/papacarp/drep/main/drep-metadata.json,70a02fcb8cb3c2d9a06c626820334967a29b0dfb85be1eb3b72c40b90f19d260,23910c585effedeb1fe2474bd1af2f9150e823324720aa7259907180e0d4316d,508,2024-09-10 15:29:02
drep1xa90kae89lneyj6ktjrl3mwyvvkq7pxegtjw5rpy50kvclrsl4f,500000000,https://raw.githubusercontent.com/KaizenCrypto/Drep/refs/heads/main/Kaizen%20Crypto.jsonld,9f8bc25e7e1e10a901f8a5bad7b2eab3a5c91ce994dcc61e9a466967482b004e,a5868b0eb5c87715bbe9fe652a7908aaafbb3fae20b67068f37891f75ab4d03e,529,2024-12-23 12:10:07
drep1xet3sscmgq2ma7d495h3yxj7uxpmfxq0ja5nspsqaus7k9ugq3t,,https://raw.githubusercontent.com/PatrickTobler/DRep/refs/heads/main/Patrick_Tobler%20(1).jsonld,90895dd5234ca0531f2eeb999dd3bcc06d68114358b9f465e147dbae503ed478,6f607aa1440f3c1d5529ae38bc7ac29f3b9df63959fea972f2337b5da09cd9f6,528,2024-12-16 01:44:11
drep1xgzlpyy3pvywm5wvhkvyz9cpga5wylme6wdu6l9vn5g6cp38jdj,,https://bit.ly/drep-fimi,d19d1c291ab8e3bbef77ba30ce4e1ecf0c0c7aac00d0953d70cb3723c418523e,9c54b4574cfe559fe7dccb47e7db44eac6a7bd9e48dd3a15165a870bc5446173,508,2024-09-11 14:50:58
drep1xz3vmptcqz60srhcdxgr5uxrwm948zul8e0g6wewdhm3w3u5cln,,https://raw.githubusercontent.com/kostaspanagias/drep/refs/heads/main/json/Kostas%20Panagias_updated.jsonld,9fcdd0cc644274766d4e265b9fecc77732b40a4ea811fc401c481ba8ae526c0f,b313badb409e0c6582fcdb5d01cca3a8531b893fdb8615b044a59ede327304d0,542,2025-02-27 06:46:34
drep1y99u6r8vdexm854trlwt3svysy953tv7e855vs4rxvaqsqehclg,,https://raw.githubusercontent.com/wiiinnie/drep/refs/heads/main/HRMSv3.jsonld,f3758d06128a815f1c75b5ae30bb0bb753d4e91e748c321790e1ca6f500dff13,35801dcdb4922edfff713b0c1ac0d38ecc2b7923acf8d3519e62e80fab2f6750,570,2025-07-17 09:02:24
drep1ya6hzdt4kplm2zfnshschz8vweujcxt3f4azyvaplk6xjyw262e,,https://coffeepool.jp/hix-coffeepool.json,91318efa65e64df957e7481d5c2e0a4123ff02bafde3f068d1e0a72d1b166cac,75af4009b076ad56b57c39965aafca097f7a017452246633957f1399627fb116,624,2026-04-11 08:35:22
drep1ydvwp8x9j8u4flwjqwxf8jdjwp9p4zf2x4rk7vv7fgzk6j2k7c6,,https://raw.githubusercontent.com/colll78/drep-metadata-storage/main/Phil%20UPLC.jsonld,ab5d59898bfc3b84dfd886938bfde9119ebfde9512e9e7f6823e9edfbb782438,907b771d0f829c0836200e23c503f2c8c117bf76a532f10c552fa2dd7bf09b5e,530,2024-12-30 20:27:41
drep1ypft5p9fdetpr2zy7zww9j3nku6px06cwkstzqh75sk5vn6t4pa,,https://raw.githubusercontent.com/Dracula-DAO/cardano-drep/refs/heads/main/DraculaDAO.jsonld,4ed881d75454f44228756aa7c14224a789ed3d7e081556a9266f25cd6b50b1f3,fac4ecfa568d2ed94249e84a131b13e79b70257a283c2718d03627462969913a,538,2025-02-04 14:50:37
drep1ysy0kzhamk2cvfzrql50unfj9jkk2zffxtaae5zmc39cs3uec6j,-500000000,,,661319b75e628bab3b6391f78c5113780ac5229c57fe8c785ef331181305bb93,640,2026-06-29 18:04:33
drep1yzzd7prdl628lwac455e0sc5wtw2fldg3f2th6jg7r5c7pvf3mk,,https://most-brass-sun.quicknode-ipfs.com/ipfs/QmRz6RMBdNZCDLEacfGdM1zuwmp4oWN2jH14Z8efVcGUgJ,17d04ce3c57246b4d1d3e08c9186f77a8af32726b1553e61268c1c978a51bc1f,ab187da56ecedf89602acf935623f334f01b099f63ae37187b1867d4c3626bc7,551,2025-04-13 08:14:33
drep1z4vr6q5kxpr7kmm667zgnpm7p2yps56zp3mqhjynt7sjyf4p65k,500000000,https://raw.githubusercontent.com/CL-LLC/Metadata-storage/main/LATIN_Staking_Po.jsonld,7f602c74f626f89158d0abf25031747a7126a02f096b37360473ec1460799ee6,7910c2feec801e93558553f7f4150bffa90afcc92c03dc7de0dfa1138b1e780b,507,2024-09-05 23:56:46
drep1zagwghdf0q2yz0ra70p6zgvmug9zns2yxefygsfn6suq5qvgqq0,,https://raw.githubusercontent.com/st8tikratio/cardano_DRep/refs/heads/main/docs/Ratio_St8tik_St8tikRatio.jsonld,79c2d5c4879873ae78ad2441ab632f964beeb922387d8f3bb3bbbd3789e311aa,c8249256952162a3233360f80fbcac8929dda5b99d5697bb9dcc3b5e964d8f52,524,2024-11-27 14:21:21
drep1zekyxrq5auz5c8gf0p6zehtmfnl7s9q4uqq8m4wkvm4e764u3yw,,https://pooltera.github.io/drep6.jsonld,a81af7e1056985703aad19a516db0f54a017e91fe63b0004db27c189154a0b33,f3db4ad0d479acd6ab259bbd66aa72141dff5463593fd36f166e90b6c0301b8d,603,2025-12-27 12:56:20
drep1zx9u26d8jyulc0klk5jwg7dhku0jm8ntc3s3643kse7ks2na5ud,,,,bfd8c4551e036bbcc3f4754a20e408cfcafad309a6b56a937c054157992ea524,509,2024-09-16 15:00:22
