flow_level,leaf_utxos,qty_night,pct_of_supply
2,7,9300589521.695047,38.7525
3,6,970538894.322245,4.0439
4,569,1868007587.046469,7.7834
5,976,136459946.119004,0.5686
6,1098,71244746.957334,0.2969
7,1139,1187764486.827464,4.949
8,1258,810725748.2395,3.378
9,1311,1053900316.630894,4.3913
10,1507,612817652.720114,2.5534
11,1555,57990847.920127,0.2416
12,1780,116538795.375355,0.4856
13,1958,268671603.206053,1.1195
14,2292,112734103.689682,0.4697
15,2710,186035654.784555,0.7751
16,3081,208682359.403467,0.8695
17,3500,433132039.048677,1.8047
18,3938,427265323.512274,1.7803
19,4181,276677262.661989,1.1528
20,4426,282026060.444216,1.1751
21,4402,169235577.116352,0.7051
22,4695,151079040.156794,0.6295
23,4492,336325323.785883,1.4014
24,4199,218175892.224438,0.9091
25,3961,217904044.653435,0.9079
26,3321,62961324.713213,0.2623
27,3040,51639152.470235,0.2152
28,2690,61169124.628212,0.2549
29,2396,42015536.741846,0.1751
30,2197,47983273.412318,0.1999
31,1988,295412610.533226,1.2309
32,1755,130254624.247652,0.5427
33,1598,54991136.061325,0.2291
34,1564,31355206.372684,0.1306
35,1461,161009833.078529,0.6709
36,1348,85205929.525449,0.355
37,1344,45279273.304855,0.1887
38,1293,43053621.904405,0.1794
39,1235,26266861.666453,0.1094
40,1230,20530639.655957,0.0855
41,1168,24378836.431404,0.1016
42,1202,32182789.296222,0.1341
43,1184,41135917.64754,0.1714
44,1163,26001435.357396,0.1083
45,1206,12708452.125991,0.053
46,1179,53308498.227639,0.2221
47,1110,40376043.564194,0.1682
48,1102,28056747.73792,0.1169
49,1111,67516238.891009,0.2813
50,1032,20083065.385243,0.0837
51,1021,32838664.699644,0.1368
52,921,35013010.263143,0.1459
53,893,23257552.578391,0.0969
54,876,15338330.467726,0.0639
55,931,16963308.634658,0.0707
56,893,33494138.386442,0.1396
57,817,35630158.2109,0.1485
58,834,22878871.110319,0.0953
59,818,58280289.004854,0.2428
60,826,17962541.848053,0.0748
61,802,41698645.629456,0.1737
62,781,31706397.35127,0.1321
63,760,21350628.81187,0.089
64,747,24056943.317325,0.1002
65,729,33861878.400607,0.1411
66,734,10497380.788476,0.0437
67,712,5961887.959545,0.0248
68,702,9183842.375144,0.0383
69,714,11206591.504946,0.0467
70,708,18270145.159772,0.0761
71,695,17698281.458298,0.0737
72,687,25871408.312178,0.1078
73,677,29750709.865763,0.124
74,696,24882309.818265,0.1037
75,652,18609544.389235,0.0775
76,643,59986863.482086,0.2499
77,621,7120486.57104,0.0297
78,635,39554688.492113,0.1648
79,620,25279455.859838,0.1053
80,601,10919814.961015,0.0455
81,583,30534833.775901,0.1272
82,593,29621505.363234,0.1234
83,643,23333010.830272,0.0972
84,589,17573309.795795,0.0732
85,576,25256578.454701,0.1052
86,584,59971064.026036,0.2499
87,559,17241784.759119,0.0718
88,574,49459459.993307,0.2061
89,558,25182385.914332,0.1049
90,535,26093573.598673,0.1087
91,539,10276521.626173,0.0428
92,536,54484815.434683,0.227
93,540,35866092.96156,0.1494
94,525,22877093.316901,0.0953
95,506,7286047.503967,0.0304
96,540,22015367.902982,0.0917
97,497,63306885.401949,0.2638
98,504,64552371.799469,0.269
99,484,24086585.191303,0.1004
100,495,21831035.423905,0.091
101,484,10893227.904723,0.0454
102,457,16763561.793352,0.0698
103,477,11194247.19072,0.0466
104,479,23597035.586288,0.0983
105,473,5752650.479841,0.024
106,460,29825128.843188,0.1243
107,457,6010204.513561,0.025
108,468,4699138.952794,0.0196
109,464,5341017.100825,0.0223
110,470,13393731.274078,0.0558
111,406,25058591.393421,0.1044
112,463,21282858.008736,0.0887
113,408,6944020.198073,0.0289
114,443,9017809.083189,0.0376
115,444,17008817.29111,0.0709
116,392,7925461.075622,0.033
117,408,12297786.38885,0.0512
118,407,7561438.708093,0.0315
119,400,5312009.482833,0.0221
120,384,6852376.393062,0.0286
121,405,7785657.600736,0.0324
122,367,7014905.788201,0.0292
123,373,7682385.781826,0.032
124,373,7035491.076729,0.0293
125,364,8115823.922249,0.0338
126,386,5176915.714071,0.0216
127,342,4663589.862998,0.0194
128,357,14731830.432295,0.0614
129,347,17486503.543313,0.0729
130,359,13010123.790262,0.0542
131,350,19402878.327065,0.0808
132,310,2833287.496248,0.0118
133,318,4144076.16268,0.0173
134,343,6944428.377456,0.0289
135,319,32127982.325629,0.1339
136,321,12969991.742705,0.054
137,288,5588438.209082,0.0233
138,310,7161513.101936,0.0298
139,278,6840307.728341,0.0285
140,291,21833079.196775,0.091
141,275,7143292.808525,0.0298
142,290,18222247.116322,0.0759
143,245,3307271.46102,0.0138
144,267,20318635.08555,0.0847
145,251,2595742.6928,0.0108
146,275,14192516.467911,0.0591
147,243,12119299.027452,0.0505
148,235,7383441.983917,0.0308
149,275,46802024.789305,0.195
150,241,3550762.9855,0.0148
151,235,4441656.95293,0.0185
152,247,14522460.737095,0.0605
153,225,5273418.162439,0.022
154,254,14185798.90836,0.0591
155,239,33240816.617309,0.1385
156,228,86595286.413699,0.3608
157,226,14376430.394593,0.0599
158,234,1957265.45354,0.0082
159,226,12567513.942146,0.0524
160,215,3786829.372784,0.0158
161,201,15599204.389106,0.065
162,213,8479626.475407,0.0353
163,207,37248101.256282,0.1552
164,205,13151077.436989,0.0548
165,199,3223818.83732,0.0134
166,189,2052240.978049,0.0086
167,196,1991875.070475,0.0083
168,187,22067031.483357,0.0919
169,187,28808476.12432,0.12
170,154,1783784.027118,0.0074
171,171,13044551.423195,0.0544
172,156,2969333.734788,0.0124
173,176,3887718.063542,0.0162
174,146,3642266.948761,0.0152
175,142,3780034.482608,0.0158
176,159,1496607.154035,0.0062
177,150,3422689.053578,0.0143
178,152,4221919.94807,0.0176
179,154,2265763.20488,0.0094
180,144,1358077.852101,0.0057
181,155,14422524.777975,0.0601
182,149,5113146.480658,0.0213
183,141,4559595.341049,0.019
184,138,14293909.300653,0.0596
185,141,3408278.867856,0.0142
186,143,1809303.643453,0.0075
187,140,2687844.503525,0.0112
188,146,25921985.755986,0.108
189,133,1687997.825828,0.007
190,132,2776354.15795,0.0116
191,122,1950024.088042,0.0081
192,128,1500770.756021,0.0063
193,134,5505136.704896,0.0229
194,111,1428280.501432,0.006
195,111,5194155.970731,0.0216
196,122,1353904.65122,0.0056
197,118,3133565.076164,0.0131
198,105,2644084.123026,0.011
199,110,3382339.691587,0.0141
200,115,1816099.337172,0.0076
201,109,1403336.357987,0.0058
202,109,1422642.902751,0.0059
203,105,2410991.887078,0.01
204,109,1760493.909407,0.0073
205,102,1907309.006,0.0079
206,106,3519036.804741,0.0147
207,100,2126096.62362,0.0089
208,95,865868.009128,0.0036
209,94,1201922.968976,0.005
210,104,31401055.957811,0.1308
211,96,1948756.121532,0.0081
212,102,3009463.900089,0.0125
213,92,12740098.612637,0.0531
214,83,607463.443136,0.0025
215,93,1206224.421746,0.005
216,89,2241585.15868,0.0093
217,84,13752190.561652,0.0573
218,90,1983832.486016,0.0083
219,88,2105325.34464,0.0088
220,76,2652398.639034,0.0111
221,85,1022037.162967,0.0043
222,82,1051021.478949,0.0044
223,78,986610.406419,0.0041
224,83,10448259.079873,0.0435
225,75,628654.091453,0.0026
226,74,2936792.286649,0.0122
227,85,705540.955273,0.0029
228,67,2063746.20946,0.0086
229,79,1352590.055045,0.0056
230,80,499371.379082,0.0021
231,80,12050675.10356,0.0502
232,69,807379.315897,0.0034
233,70,3445429.146418,0.0144
234,78,10332733.918472,0.0431
235,66,741753.798725,0.0031
236,64,186875.289128,0.0008
237,71,463284.339718,0.0019
238,60,15726227.110283,0.0655
239,65,1462606.008778,0.0061
240,69,1524359.131987,0.0064
241,64,964433.48911,0.004
242,62,1379321.777128,0.0057
243,71,1520079.082125,0.0063
244,64,4095839.014042,0.0171
245,70,11913778.597877,0.0496
246,61,17335301.046703,0.0722
247,62,1770104.721367,0.0074
248,55,956145.460738,0.004
249,58,500981.360597,0.0021
250,51,571296.282536,0.0024
251,63,902221.021672,0.0038
252,52,1845971.785215,0.0077
253,57,497012.279134,0.0021
254,54,781503.512566,0.0033
255,53,625588.37745,0.0026
256,60,1093428.222508,0.0046
257,53,1804330.290778,0.0075
258,50,958937.72766,0.004
259,57,538966.121395,0.0022
260,50,1284784.958231,0.0054
261,52,172148.926485,0.0007
262,55,1160009.491396,0.0048
263,57,1158476.809041,0.0048
264,49,873878.219625,0.0036
265,50,765136.188159,0.0032
266,49,720379.124738,0.003
267,50,6826623.659466,0.0284
268,54,9792136.089775,0.0408
269,56,372221.708855,0.0016
270,45,378470.880986,0.0016
271,53,2117750.105209,0.0088
272,46,1570391.832856,0.0065
273,57,946133.003812,0.0039
274,53,352667.278974,0.0015
275,45,21555486.094221,0.0898
276,47,14067551.752037,0.0586
277,48,641814.137484,0.0027
278,45,359932.241902,0.0015
279,47,373729.445144,0.0016
280,47,778590.636665,0.0032
281,44,243085.191436,0.001
282,53,835998.697563,0.0035
283,45,504768.581228,0.0021
284,43,818073.343835,0.0034
285,44,8780115.268337,0.0366
286,38,480845.278338,0.002
287,39,8743327.504542,0.0364
288,42,1244567.401327,0.0052
289,40,282723.811465,0.0012
290,45,462067.076104,0.0019
291,45,243902.682812,0.001
292,42,358343.744904,0.0015
293,40,542673.957582,0.0023
294,38,844138.443573,0.0035
295,43,436152.126765,0.0018
296,36,483735.345654,0.002
297,43,56461803.949822,0.2353
298,33,12838953.284006,0.0535
299,36,3622400.337273,0.0151
300,34,500526.781825,0.0021
301,29,566148.194775,0.0024
302,33,437023.531135,0.0018
303,27,139508.219196,0.0006
304,30,839800.852554,0.0035
305,34,18985233.235956,0.0791
306,26,303838.613685,0.0013
307,28,116141.747264,0.0005
308,29,15069357.23013,0.0628
309,28,619381.053271,0.0026
310,19,57081.06112,0.0002
311,23,1284972.966555,0.0054
312,21,26232.857238,0.0001
313,19,15358900.89002,0.064
314,23,2465536.267032,0.0103
315,17,22420018.539736,0.0934
316,16,323337.326297,0.0013
317,18,10320554.015802,0.043
318,17,131362.768728,0.0005
319,14,66998.142034,0.0003
320,17,340261.770233,0.0014
321,15,214779.572821,0.0009
322,14,18394142.64872,0.0766
323,12,41223.328202,0.0002
324,12,10211465.140355,0.0425
325,9,245323.490063,0.001
326,9,282469.687196,0.0012
327,10,2502.030012,0.0
328,12,5431.46804,0.0
329,9,58705.808841,0.0002
330,10,18096739.909117,0.0754
331,9,4403.325664,0.0
332,7,2848.703127,0.0
333,10,7130.440646,0.0
334,9,15843071.487641,0.066
335,6,3438.562211,0.0
336,8,7873.818831,0.0
337,6,11479873.040636,0.0478
338,4,481.725104,0.0
339,4,506.325346,0.0
340,3,360.012657,0.0
341,2,448.291542,0.0
342,4,423.914613,0.0
343,2,233.246792,0.0
344,7,700796.190847,0.0029
345,6,5318.091262,0.0
346,3,1035.328893,0.0
347,7,629.168127,0.0
348,4,952.405223,0.0
349,5,211005.034826,0.0009
350,4,714.928021,0.0
351,1,5.314832,0.0
352,3,182.942303,0.0
353,2,51.825214,0.0
354,4,3887.050661,0.0
355,3,389.242832,0.0
356,2,233.045085,0.0
357,4,225.966881,0.0
358,1,21.133797,0.0
359,2,995.33213,0.0
360,4,399.268045,0.0
361,3,320.131498,0.0
362,3,1726.350014,0.0
363,4,383.785382,0.0
364,2,214.831387,0.0
365,3,1630.165058,0.0
366,3,1489.964786,0.0
367,3,199.818477,0.0
368,3,587.804821,0.0
369,3,157.964165,0.0
370,2,650.040154,0.0
371,4,1398.453383,0.0
372,3,456.127449,0.0
373,5,493.010883,0.0
374,3,1590.80558,0.0
375,4,82267.378255,0.0003
376,4,179.999288,0.0
377,1,97.044383,0.0
378,2,6327.974465,0.0
379,5,476.501089,0.0
380,3,687.879311,0.0
381,4,233.852018,0.0
382,2,122.735507,0.0
383,1,140.603223,0.0
384,3,155.498908,0.0
385,1,113.336315,0.0
386,2,189.57686,0.0
387,4,705.819408,0.0
388,5,1266.352176,0.0
389,2,417.860746,0.0
390,2,531.622702,0.0
391,4,855.228995,0.0
392,6,6209.924037,0.0
393,4,780.554806,0.0
394,4,484.987556,0.0
395,4,109.219968,0.0
396,2,53.244823,0.0
397,3,169.320573,0.0
398,3,4388.327844,0.0
399,3,1396.311933,0.0
400,3,5686.934884,0.0
401,2,124.874853,0.0
402,3,3152.767811,0.0
403,3,545.574033,0.0
404,3,289.42025,0.0
405,4,109984.393368,0.0005
406,4,253.151985,0.0
407,3,536.512015,0.0
408,4,91.398581,0.0
409,2,66.626232,0.0
410,2,128.851868,0.0
411,2,150.242837,0.0
412,4,186.648099,0.0
413,3,3536.320894,0.0
414,2,116.436898,0.0
415,3,158.063765,0.0
416,2,503.265436,0.0
417,4,151.824366,0.0
418,2,1031798.808402,0.0043
419,3,275.78979,0.0
420,4,341.849903,0.0
421,2,158.255772,0.0
422,6,28417.434195,0.0001
423,3,29837.515273,0.0001
424,2,4890.995856,0.0
425,4,9878.116053,0.0
426,4,1205.113327,0.0
427,4,2261.616757,0.0
428,3,36.797049,0.0
429,2,53.525219,0.0
430,3,428.874556,0.0
431,2,162.941333,0.0
432,2,20.711162,0.0
433,4,727.839567,0.0
434,6,18001.030219,0.0001
435,4,4806.525983,0.0
436,4,55.302949,0.0
437,4,697.892782,0.0
438,3,123135.900182,0.0005
439,3,134434.258516,0.0006
440,4,108188.927209,0.0005
441,3,240.186127,0.0
442,3,101506.513464,0.0004
443,2,273.705223,0.0
444,3,3012.310617,0.0
445,2,166.351549,0.0
446,2,217.445683,0.0
447,3,429.306453,0.0
448,2,221.067239,0.0
449,3,293.877161,0.0
450,2,190.233841,0.0
451,3,330.743551,0.0
452,2,3076.114624,0.0
453,3,2356.428689,0.0
454,2,377.708989,0.0
455,3,200.93416,0.0
456,2,410.153946,0.0
457,1,152.812701,0.0
458,3,191.665168,0.0
459,2,245.387484,0.0
460,5,50621.063117,0.0002
461,2,226.049258,0.0
462,4,906.175777,0.0
463,1,135.966957,0.0
464,4,915.171071,0.0
465,1,133.921763,0.0
466,2,712.681896,0.0
467,2,214.658707,0.0
468,3,452.057088,0.0
469,3,959.514016,0.0
470,2,128.810264,0.0
471,4,401.187869,0.0
472,3,144.05493,0.0
473,2,808.390611,0.0
474,3,252.68283,0.0
475,2,144.070687,0.0
476,3,2027.097402,0.0
477,3,10387.482116,0.0
478,2,122.885309,0.0
479,2,53.270187,0.0
480,1,112.20873,0.0
481,2,103.044464,0.0
482,5,282.244413,0.0
483,3,823.260171,0.0
484,1,90.840027,0.0
485,2,105.51621,0.0
486,2,43.977786,0.0
487,2,82.239764,0.0
488,2,177.696284,0.0
489,3,1009.423534,0.0
490,1,76.127931,0.0
491,4,808.621256,0.0
492,2,52.021003,0.0
493,2,24.293884,0.0
494,3,128.28049,0.0
495,2,120.943043,0.0
496,2,558.354348,0.0
497,3,124.310232,0.0
498,2,118.964552,0.0
499,2,74.62487,0.0
500,2,71.976937,0.0
501,2,997.068478,0.0
502,2,39.042993,0.0
503,3,1723.563274,0.0
504,1,89.340492,0.0
505,2,88.979454,0.0
506,2,3928.037395,0.0
507,3,37841.86146,0.0002
508,1,709.62609,0.0
509,2,1133.232809,0.0
510,3,48041.716447,0.0002
511,1,9954.845919,0.0
512,2,308.477889,0.0
513,1,19.428969,0.0
514,1,47.945408,0.0
515,2,302.740416,0.0
516,2,34850.34446,0.0001
517,2,1559.153181,0.0
518,2,1128.159162,0.0
519,2,121.592901,0.0
520,3,1064.707829,0.0
523,1,390.57176,0.0
524,1,1223.272885,0.0
525,1,8.20507,0.0
527,1,128.748383,0.0
528,2,36.159121,0.0
529,1,14.411942,0.0
530,1,2511.363811,0.0
531,1,311.799456,0.0
532,3,3035.037091,0.0
533,1,3231.711296,0.0
534,4,116.640395,0.0
535,1,92.232616,0.0
536,3,751.462546,0.0
537,1,42.194551,0.0
538,2,520.028904,0.0
539,2,99.755295,0.0
540,2,78.998454,0.0
541,4,9.916152,0.0
542,1,171.326053,0.0
543,2,17903.682919,0.0001
544,2,24244.565971,0.0001
545,1,316.67844,0.0
546,2,582.199829,0.0
547,1,479.729539,0.0
548,4,536567.524127,0.0022
549,2,372.251426,0.0
550,1,0.201138,0.0
554,1,0.419443,0.0
556,1,7.580065,0.0
561,1,77.712119,0.0
563,1,28.860365,0.0
564,1,5.855906,0.0
567,1,8.30542,0.0
568,1,183.864104,0.0
569,1,0.181079,0.0
571,3,120186.179034,0.0005
572,2,40655.572666,0.0002
573,1,2.605708,0.0
575,2,2.419176,0.0
577,1,0.533947,0.0
578,2,981.552629,0.0
583,1,3.700918,0.0
586,1,3360.847314,0.0
588,2,208.302279,0.0
589,1,70.005008,0.0
590,1,52985.0,0.0002
595,1,21.896784,0.0
600,1,0.131615,0.0
605,1,0.515788,0.0
607,1,1.256305,0.0
608,2,1061.050954,0.0
609,1,4.111584,0.0
611,1,0.088395,0.0
612,1,20.220016,0.0
614,1,7.257904,0.0
615,1,77.436712,0.0
618,1,30.500361,0.0
621,1,685.708426,0.0
623,1,1636.732848,0.0
624,2,1481.238757,0.0
626,1,42020.0,0.0002
627,1,4.379091,0.0
628,1,0.032181,0.0
631,1,530.884047,0.0
633,1,7.583554,0.0
638,1,294.691306,0.0
639,1,7.902097,0.0
641,2,1448.273348,0.0
642,1,1.864378,0.0
643,2,18.66885,0.0
644,1,228.449585,0.0
645,1,54488.399017,0.0002
647,1,4039.229857,0.0
649,1,0.317308,0.0
651,1,3.280424,0.0
652,3,2814834.504957,0.0117
654,1,0.081853,0.0
655,1,6.839039,0.0
656,3,20.240737,0.0
658,1,1887.106858,0.0
659,1,8.519804,0.0
660,1,2.059097,0.0
661,1,705.409321,0.0
662,2,123.160163,0.0
663,2,3.30191,0.0
664,1,3.347417,0.0
666,1,0.028531,0.0
667,1,74.623146,0.0
674,1,13.337679,0.0
675,3,290.565421,0.0
678,1,3.400174,0.0
679,2,2037.418726,0.0
680,1,2.902975,0.0
683,3,36.400991,0.0
685,1,0.375224,0.0
688,1,0.253272,0.0
689,1,85.044031,0.0
691,1,1778.081639,0.0
695,1,11.93324,0.0
699,3,30004.133402,0.0001
700,2,61.335557,0.0
701,3,772.057053,0.0
702,2,100320.192807,0.0004
703,1,3.463403,0.0
704,3,80227.022469,0.0003
705,2,58770.91,0.0002
706,1,1.393567,0.0
707,1,64235.0,0.0003
708,1,0.09605,0.0
710,1,15.378593,0.0
712,3,12581.546926,0.0001
715,1,3.432737,0.0
717,1,100.0,0.0
719,1,20263.7335,0.0001
721,2,50004.930083,0.0002
722,3,50927.811164,0.0002
724,1,0.000159,0.0
725,1,31.29245,0.0
726,2,70619.109813,0.0003
727,2,367.409657,0.0
729,1,648.667752,0.0
730,1,0.005087,0.0
731,1,0.02346,0.0
732,1,0.000128,0.0
733,1,20000.0,0.0001
734,1,12024.92,0.0001
735,1,0.003387,0.0
736,3,91635.01794,0.0004
739,3,356.71283,0.0
740,1,24.040899,0.0
741,1,0.002173,0.0
743,1,0.000212,0.0
746,2,25.28967,0.0
747,1,985.1699,0.0
748,1,0.436102,0.0
751,2,184.684725,0.0
754,2,676.335306,0.0
755,1,605.056975,0.0
758,1,4.270361,0.0
759,1,1.75874,0.0
762,2,37.445207,0.0
766,2,4.70619,0.0
770,4,5067.367799,0.0
771,1,530.30766,0.0
772,3,9267.557751,0.0
774,1,0.046538,0.0
775,1,0.861595,0.0
776,1,0.999259,0.0
777,2,100000.447337,0.0004
778,2,8.847753,0.0
779,2,154.287506,0.0
781,2,1151.990258,0.0
782,2,0.816214,0.0
783,1,15.043228,0.0
784,2,51.982324,0.0
786,3,1517.207696,0.0
788,2,100626.808049,0.0004
789,2,55938.145286,0.0002
790,1,5.22021,0.0
792,1,52.36253,0.0
795,2,50107.194512,0.0002
796,1,0.057341,0.0
798,2,23.572316,0.0
799,1,0.556843,0.0
801,1,19.44112,0.0
802,2,96.04419,0.0
803,3,55954.615588,0.0002
804,3,50028.927363,0.0002
805,1,15.588668,0.0
807,1,0.081513,0.0
808,1,0.000143,0.0
809,1,961.319222,0.0
810,2,2.57222,0.0
811,3,193353.47183,0.0008
816,1,0.031826,0.0
817,1,0.311344,0.0
819,1,0.612767,0.0
820,1,7.84161,0.0
821,3,3772.346343,0.0
823,1,3.274774,0.0
824,4,171.632755,0.0
825,3,4230.803944,0.0
826,1,25.293946,0.0
827,1,408.822189,0.0
829,2,3.740398,0.0
830,1,61635.0,0.0003
831,2,3054.704184,0.0
832,2,3778.627849,0.0
833,1,14.046871,0.0
837,1,502.320797,0.0
838,1,3.21531,0.0
841,2,800.193902,0.0
843,2,107.265025,0.0
844,1,241.918491,0.0
846,1,267.050766,0.0
847,2,236077.45213,0.001
848,2,1078.0,0.0
849,1,10.10577,0.0
850,2,941.453334,0.0
851,1,1105.1816,0.0
852,4,644.004046,0.0
853,1,10.0,0.0
854,1,2.073896,0.0
858,1,0.568234,0.0
859,1,0.01782,0.0
861,2,608.395253,0.0
863,1,3163.426444,0.0
866,1,56.562213,0.0
868,1,0.067789,0.0
870,2,2.613743,0.0
871,1,85935.0,0.0004
872,1,2000.0,0.0
874,3,139.701832,0.0
875,1,2.600265,0.0
876,1,4.9e-05,0.0
878,1,15.77437,0.0
882,1,6.48036,0.0
883,2,80.045068,0.0
887,2,856.496132,0.0
889,1,77.641389,0.0
890,1,37.028183,0.0
891,1,5.657193,0.0
892,2,4.489611,0.0
895,1,0.653922,0.0
899,2,553.045268,0.0
900,1,20167.2308,0.0001
902,2,2.897051,0.0
904,1,0.00369,0.0
905,1,0.368041,0.0
906,1,4.315782,0.0
910,1,6.330007,0.0
912,1,0.059429,0.0
913,1,0.480009,0.0
914,1,217.621843,0.0
916,2,958.625147,0.0
918,1,8941.938156,0.0
919,1,242.012379,0.0
920,1,1.290799,0.0
921,1,153000.0,0.0006
922,1,5.940467,0.0
924,1,4.361849,0.0
925,3,10.738253,0.0
926,1,60.237924,0.0
927,1,8.278838,0.0
928,1,149.404893,0.0
929,2,38.783235,0.0
930,1,35.344445,0.0
931,1,64.284167,0.0
932,2,104.0678,0.0
933,3,1167.558377,0.0
934,1,21.599904,0.0
935,1,0.002284,0.0
937,1,564.407941,0.0
938,1,0.209828,0.0
939,1,1.177006,0.0
940,1,683.616313,0.0
942,3,5790.388685,0.0
943,2,11.930495,0.0
945,3,450225.345896,0.0019
946,1,0.947316,0.0
947,1,4763.296092,0.0
952,1,120000.0,0.0005
954,2,10231.365197,0.0
956,1,4.94417,0.0
961,1,1089.093439,0.0
965,1,40.0,0.0
967,1,1672.95,0.0
969,1,494.045205,0.0
971,1,182.98646,0.0
972,2,217.125504,0.0
973,1,276065.04028,0.0012
974,1,1114.4794,0.0
975,1,120.0,0.0
978,1,57.115376,0.0
980,1,3.15691,0.0
981,1,1007.307582,0.0
984,1,3888.029466,0.0
985,1,42.391511,0.0
986,1,0.830579,0.0
990,1,2.203546,0.0
991,1,1107.573444,0.0
993,1,2295.165119,0.0
996,2,640.454059,0.0
1003,1,87.975919,0.0
1005,1,508.209836,0.0
1006,1,0.108743,0.0
1007,1,500.0,0.0
1009,1,72412.969596,0.0003
1010,1,60935.0,0.0003
1013,1,1.722287,0.0
1014,2,100864.776836,0.0004
1015,1,1070.822958,0.0
1017,1,14.475983,0.0
1020,1,7766.24871,0.0
1022,1,729.14971,0.0
1024,1,226.505068,0.0
1025,1,358.08382,0.0
1027,1,2.991696,0.0
1028,1,0.288964,0.0
1030,1,61522.6052,0.0003
1031,1,439.737308,0.0
1032,1,0.056313,0.0
1034,1,0.168697,0.0
1035,1,181.559478,0.0
1036,2,27350.026933,0.0001
1037,2,1780.74268,0.0
1041,1,17.413378,0.0
1043,2,1067.638004,0.0
1045,1,0.210379,0.0
1047,1,0.223972,0.0
1048,1,2200.245432,0.0
1049,1,0.745803,0.0
1052,1,85.00462,0.0
1054,1,713674.311633,0.003
1070,1,20141.6466,0.0001
1087,1,40.0,0.0
1092,1,137.292218,0.0
1098,1,105435.0,0.0004
1099,2,646534.50886,0.0027
1115,1,18514.4248,0.0001
1116,2,68263.2284,0.0003
1119,1,55935.0,0.0002
1123,1,55935.0,0.0002
1149,1,67493.0,0.0003
1150,1,2062.2089,0.0
1155,1,303752.7232,0.0013
1157,1,55935.0,0.0002
1160,1,55935.0,0.0002
1161,2,165520.0,0.0007
1162,2,109676.19,0.0005
1163,1,554.85,0.0
1165,1,400.0,0.0
1176,1,59185.0,0.0002
1177,1,2852.0,0.0
1179,2,422283.1531,0.0018
1195,1,106000.0,0.0004
1210,1,16230.024235,0.0001
1215,1,10000.0,0.0
1216,1,10025.0,0.0
1217,1,888.0,0.0
1221,1,17077.6846,0.0001
1227,1,633.0,0.0
1245,2,7601.0,0.0
1267,2,73349.6973,0.0003
1268,2,51608.5,0.0002
1269,1,548.46,0.0
1286,1,180.0,0.0
1295,1,144.5453,0.0
1305,1,200000.0,0.0008
1306,1,4221.15,0.0
1307,1,84609.0,0.0004
1320,1,581884.26536,0.0024
1326,3,143677.297754,0.0006
1327,1,69635.0,0.0003
1328,2,393553.319952,0.0016
1329,2,132489.3699,0.0006
1343,1,40.0,0.0
1348,1,109885.0,0.0005
1363,2,62119.9948,0.0003
1365,1,345.39,0.0
1366,1,47000.0,0.0002
1373,2,700.92324,0.0
1374,1,286.1064,0.0
1376,1,180.0,0.0
1393,1,40.0,0.0
1397,1,14321.971655,0.0001
1399,1,100.0,0.0
1413,1,1101.0,0.0
1416,1,39631.212,0.0002
1427,1,40.0,0.0
1444,1,40.0,0.0
1446,1,119.0608,0.0
1447,1,39.999997,0.0
1455,1,4617.0,0.0
1458,2,10869.229928,0.0
1459,1,412.7,0.0
1465,1,20000.0,0.0001
1466,2,1233.51,0.0
1469,1,195900.0,0.0008
1483,1,6973.4788,0.0
1490,1,3340.0,0.0
1492,2,100351.506346,0.0004
1499,1,250000.0,0.001
1503,1,76.5034,0.0
1505,1,40.0,0.0
1509,1,100.0,0.0
1522,1,20000.0,0.0001
1539,1,3015.47,0.0
1549,1,699959.77,0.0029
1555,1,20014.2457,0.0001
1561,1,318.760352,0.0
1565,1,499.86256,0.0
1566,1,40.0,0.0
1567,1,150000.0,0.0006
1568,1,444324.5804,0.0019
1575,1,5478.3961,0.0
1585,1,92611.0,0.0004
1588,1,564.609592,0.0
1595,1,9564.4779,0.0
1597,1,5487.573827,0.0
1600,1,10000.0,0.0
1602,1,48.0219,0.0
1604,1,84290.1876,0.0004
1605,1,802312.67888,0.0033
1615,2,186768.5462,0.0008
1623,1,514.118466,0.0
1626,1,40.0,0.0
1630,1,5600.431196,0.0
1637,1,1047.87436,0.0
1639,1,5909.8726,0.0
1640,2,557.27,0.0
1641,1,33087.9988,0.0001
1646,2,7013.74607,0.0
1650,1,304417.857922,0.0013
1661,1,1639.036,0.0
1666,1,20.0,0.0
1669,2,1073.403165,0.0
1675,1,2041.9764,0.0
1693,1,15.839692,0.0
1704,1,10525.7236,0.0
1714,1,54180.6451,0.0002
1718,1,40.0,0.0
1719,1,5716.274576,0.0
1724,1,53883.9,0.0002
1727,1,49980.0,0.0002
1731,1,4634.49,0.0
1762,1,23733.342147,0.0001
1767,1,50000.0,0.0002
1788,1,61635.0,0.0003
1789,1,56735.0,0.0002
1790,1,51035.0,0.0002
1792,1,3489.487,0.0
1793,1,419.48944,0.0
1796,1,6985.01,0.0
1798,2,1109.9551,0.0
1799,1,178.43,0.0
1800,1,0.481197,0.0
1807,1,2774.26126,0.0
1811,2,25537.2572,0.0001
1816,1,393.7539,0.0
1821,2,20754.18,0.0001
1822,1,8018.655524,0.0
1826,1,70000.0,0.0003
1827,1,100000.0,0.0004
1828,2,60528.0,0.0003
1829,2,202746.141819,0.0008
1831,2,38669.031272,0.0002
1834,1,344.0,0.0
1842,2,3817.984403,0.0
1844,1,13060.1983,0.0001
1849,1,22000.0,0.0001
1852,1,36635.70489,0.0002
1853,1,5000.0,0.0
1856,1,7852.3833,0.0
1857,1,1299.6525,0.0
1862,1,43859.1546,0.0002
1868,1,57260.4622,0.0002
1872,2,85232.1824,0.0004
1874,3,25113.831244,0.0001
1875,2,6772.4444,0.0
1877,1,100.0,0.0
1878,1,3028.20334,0.0
1879,1,32933.014,0.0001
1886,1,18855.4057,0.0001
1894,1,55.409016,0.0
1895,1,1051.6118,0.0
1906,1,27529.3704,0.0001
1919,1,81027.6151,0.0003
1922,1,132831.51518,0.0006
1925,1,178952.231003,0.0007
1927,1,153503.624353,0.0006
1930,1,97000.0,0.0004
1931,1,100000.0,0.0004
1932,3,191451.256625,0.0008
1933,1,894.37,0.0
1934,1,10.0,0.0
1939,1,1884.275885,0.0
1942,1,969.401195,0.0
1943,2,1981.619588,0.0
1944,1,967.87694,0.0
1956,1,40.0,0.0
1957,1,100.0,0.0
1958,1,118730.1109,0.0005
1960,1,4199.3164,0.0
1963,1,500.0,0.0
1966,1,29745.4048,0.0001
1971,1,40.0,0.0
1973,1,99.949986,0.0
1988,1,10125.9439,0.0
1994,1,46867.04,0.0002
1999,1,4715.1601,0.0
2000,1,105377.316923,0.0004
2001,1,980.534666,0.0
2013,1,17623.541,0.0001
2014,1,19907.1237,0.0001
2018,1,54073.06,0.0002
2026,1,100.0,0.0
2027,1,3715.64732,0.0
2031,1,60.0,0.0
2035,2,2128.994947,0.0
2037,1,54.652857,0.0
2041,1,2553.074284,0.0
2043,1,949.43,0.0
2045,1,149.291104,0.0
2055,1,40.0,0.0
2056,1,5254.1605,0.0
2058,1,3691.0852,0.0
2071,1,40882.47912,0.0002
2074,1,159976.0,0.0007
2077,2,60.0,0.0
2082,1,5165.1097,0.0
2085,1,472.127695,0.0
2091,1,2078.0,0.0
2094,2,251975.5429,0.001
2100,1,606.57014,0.0
2103,1,793532.904859,0.0033
2119,1,4972.19784,0.0
2121,1,40.0,0.0
2123,1,78.366869,0.0
2125,2,85675.082,0.0004
2126,1,99905.0,0.0004
2127,1,5574.943617,0.0
2128,2,104508.96852,0.0004
2129,1,1565.033399,0.0
2134,1,16407.392619,0.0001
2138,1,294.56,0.0
2139,2,10350.719264,0.0
2141,2,1089.6642,0.0
2142,1,121.0,0.0
2144,1,11260.9078,0.0
2145,1,5052.965564,0.0
2152,1,32363.18876,0.0001
2155,1,3627.269099,0.0
2156,1,293862.057711,0.0012
2157,1,50.0,0.0
2159,1,50815.410748,0.0002
2160,1,440206.1332,0.0018
2161,1,9100.2706,0.0
2162,1,11500.0,0.0
2166,2,125000.0,0.0005
2182,1,17441.1214,0.0001
2183,1,6917.663865,0.0
2198,1,46161.0727,0.0002
2201,1,46.694694,0.0
2207,1,71459.5499,0.0003
2211,1,4916.7421,0.0
2220,1,49394.6359,0.0002
2226,1,4589.8901,0.0
2233,1,730.936625,0.0
2237,1,243403.7326,0.001
2239,1,1968.0,0.0
2259,1,503.39,0.0
2263,1,500.0,0.0
2264,1,8229.96864,0.0
2266,1,1571.560084,0.0
2267,1,4432.736991,0.0
2268,2,16829.381,0.0001
2276,2,10322.226724,0.0
2280,2,81861.04675,0.0003
2282,3,185658.45855,0.0008
2283,2,44018.8641,0.0002
2284,1,7308.688,0.0
2285,1,230409.795391,0.001
2286,2,158584.84,0.0007
2287,1,60545.39,0.0003
2289,1,147.333451,0.0
2290,4,122418.259772,0.0005
2291,1,2216.52822,0.0
2294,1,489.892,0.0
2297,1,2729.672539,0.0
2298,1,6369.444028,0.0
2299,1,947.3317,0.0
2300,1,182.046711,0.0
2301,2,141269.939289,0.0006
2302,1,118778.945,0.0005
2303,2,10915.152147,0.0
2304,1,1500.842097,0.0
2306,3,266.0,0.0
2307,3,566.336575,0.0
2308,4,2628.726454,0.0
2309,3,22825.237996,0.0001
2315,2,3165.478836,0.0
2318,1,104.0,0.0
2326,1,4049.78995,0.0
2327,2,81232.714644,0.0003
2329,1,4824.883054,0.0
2330,2,14886.763426,0.0001
2331,1,100.0,0.0
2332,1,717.178088,0.0
2333,2,868.709878,0.0
2338,1,365.974701,0.0
2339,1,2290.076649,0.0
2343,1,703.71051,0.0
2344,1,535.823655,0.0
2345,6,62531.537595,0.0003
2346,3,21209.60692,0.0001
2347,1,11582.1,0.0
2348,1,145465.64295,0.0006
2349,3,360132.263173,0.0015
2350,1,8800.101419,0.0
2351,2,4849.0933,0.0
2357,2,55892.191152,0.0002
2359,2,106296.610861,0.0004
2361,1,1113.679964,0.0
2362,2,36651.11984,0.0002
2365,1,1456.18414,0.0
2367,1,1662.832974,0.0
2368,1,8669.510794,0.0
2370,1,238.615671,0.0
2371,1,10140.07132,0.0
2372,1,227.3054,0.0
2374,4,149559.294855,0.0006
2378,1,3913.070655,0.0
2382,1,25934.0,0.0001
2383,2,184295.190687,0.0008
2387,3,14487.349463,0.0001
2388,1,61599.307,0.0003
2391,4,9098.511312,0.0
2394,1,74.727215,0.0
2395,3,261832.754077,0.0011
2396,1,3258.321934,0.0
2397,2,3202.856723,0.0
2404,1,140.0,0.0
3349,1,31828.304618,0.0001
