merge_tx_hash,epoch_no,block_no,block_time_utc,root_combo,root_count,traced_input_rows,traced_input_lovelace,min_input_depth,max_input_depth
c8596b9cd81f734f8129604ff86f23bd4a910465acb84ad9e9d1ac223ccb4a76,4,105004,2017-10-18 05:15:51,emurgo+fourth_entry_781m,2,2,1855547037657684,0,2
71a35dc3c7083eb57bde93efd2abc98fb592175935c0c5e0069e496d349fcf78,7,156971,2017-10-30 05:58:51,emurgo+fourth_entry_781m,2,4,4711094174957320,1,3
45862b04d0ff4b48923eeb2d185e4ecc9864bc80380fc2e646d0b0b25083a3e8,7,156979,2017-10-30 06:01:31,emurgo+fourth_entry_781m,2,2,5693982408583012,2,2
93cf71b598fd47e1ebbc0721972cb6118bda3fc92c7038d1b3b528a8e8d6f5e8,7,156985,2017-10-30 06:03:31,emurgo+fourth_entry_781m,2,2,5507307502240520,3,3
a462e1f070099b1c61d8bdf071fbb859f55d61a479751c30920d99dc6a79bb37,7,156989,2017-10-30 06:04:51,emurgo+fourth_entry_781m,2,2,5490640837898028,4,4
79118ff95082c5614f7b1e3c03421ecdadafe8be69979002e10565b7e2018d61,7,156993,2017-10-30 06:06:11,emurgo+fourth_entry_781m,2,2,5482307505555536,5,5
b64aa27726118446103b265724efe9c0bcf063fb8a45071f2dba6950ab3c2c4f,7,157006,2017-10-30 06:10:31,emurgo+fourth_entry_781m,2,2,5482307305213396,6,6
8303da9e07e9e6146013840d17c6167a1827019f821f55b6032e27bc7328e989,7,157009,2017-10-30 06:11:31,emurgo+fourth_entry_781m,2,2,4995985116870904,7,7
10dbea7cab7d57a83376f5994e05dbfc6919892e85907d76efcb59d36d8dbf5c,7,157011,2017-10-30 06:12:11,emurgo+fourth_entry_781m,2,2,4937649208528412,8,8
fc861d313b594f812e3487d458496d960cf9acb7117d0225c0ae0db5ad22e049,7,157013,2017-10-30 06:12:51,emurgo+fourth_entry_781m,2,2,4895982548185920,9,9
a1d69ce7b0810ee998d34e813379f1783fe597418e85c90741ec7e7a6667877d,7,170397,2017-11-02 08:34:31,emurgo+fourth_entry_781m,2,6,586324756000000,7,9
cf6454d21387b44b8cdbae68ae9270623e3a9d17b05fabe82f043d97b1304e40,7,170402,2017-11-02 08:36:11,emurgo+fourth_entry_781m,2,2,620548485610134,8,8
a663bdad40c5eefe780b3630924495be3f136cad07f3acc09b369a217436a137,8,179073,2017-11-04 08:46:31,emurgo+fourth_entry_781m,2,2,8333332000000,5,5
7091c5987d01457c7411c356554b6d971144c878cda690232e3fec069975a37f,8,184404,2017-11-05 14:23:31,emurgo+fourth_entry_781m,2,4,130000002000000,8,9
31cb83dd3db5b78112b0631d5c247953acaabcd2911e08ed1ade03370fca2bc4,8,184412,2017-11-05 14:26:11,emurgo+fourth_entry_781m,2,2,30000000000000,9,9
d95bd141ff81c835a523720fa49f32ccb2d91d6612b2054547cf0cd514b3573f,9,204039,2017-11-10 03:28:31,emurgo+fourth_entry_781m,2,2,100000001641600,9,9
e4ee897274891227116f2891485114b57b338444b55e9f408bad4073d22ee9bd,12,269440,2017-11-25 06:51:11,emurgo+fourth_entry_781m,2,2,186674906000000,3,3
78f4739b967eebabd7801693bc9fa4e01f2c0d46135658ee3ffe2a7c4c6f8ae8,12,269473,2017-11-25 07:02:11,emurgo+fourth_entry_781m,2,2,12471600000000,4,4
feeba17d8fead98001f4af5367857bfcfe0bc46c30c03adac90b8255c4420707,12,269501,2017-11-25 07:11:31,emurgo+fourth_entry_781m,2,2,174203305657508,4,4
974dde6c83078ed088fb92eb40cd3e145715db5c85f1dd49941682fb6b97d540,12,273751,2017-11-26 06:48:11,emurgo+fourth_entry_781m,2,2,17111866000000,2,2
835fb311face937a6853c97c5ba1b4219f4aa383496fe3283338c5197a55884c,13,286111,2017-11-29 03:28:31,emurgo+fourth_entry_781m,2,2,87203305315016,5,5
498ff647e4f7cca05a4035a8a99594acd4d97b02712e1045249cefa9ec723989,14,308007,2017-12-04 05:07:51,emurgo+fourth_entry_781m,2,2,12471596000000,5,5
7d06f0948ffb2972e9558c06ea28ea0743c0b8d7d50dba851a2e6b2075235e52,15,329813,2017-12-09 06:17:51,emurgo+fourth_entry_781m,2,2,83203304972524,6,6
b0a9740b136b5afec30282d9f624cb0b31a5e59663637aaabb277d97bd6293e2,15,329817,2017-12-09 06:19:11,emurgo+fourth_entry_781m,2,2,83203104630384,7,7
98450622d1a07d9c0f0a7d1dd82b6c551e660f73696bb8b105db0d33ece90dd3,15,329822,2017-12-09 06:20:51,emurgo+fourth_entry_781m,2,4,80000200000000,7,8
e5ba98e688411f0e1a6b180455f7ca41ef6bef1a958890c6febca680231ff983,15,342219,2017-12-12 03:13:31,emurgo+fourth_entry_781m,2,2,87000000000000,5,5
588eddf204b7c9741a3cc8ceb8677761e8afb211501be77863681f0aac42511d,15,342226,2017-12-12 03:15:51,emurgo+fourth_entry_781m,2,2,86997999657860,6,6
91167704f823caad409db5d143586b94a06f8e3d15b8b3a2a4c15b398850669c,15,342954,2017-12-12 07:18:31,emurgo+fourth_entry_781m,2,2,84997999315368,7,7
6f1e04ea9ad9b47244904dba90da8a53635f8bd8582edc7da1a03b126ce72065,15,343170,2017-12-12 08:30:31,emurgo+fourth_entry_781m,2,2,82997998972876,8,8
c72db6cbbe84db0686cc21dd95d8e586d699e0b09287c651c898c69d3ae27c25,16,352934,2017-12-14 14:45:31,emurgo+fourth_entry_781m,2,2,82597998630384,9,9
d06897cdf0dccc680d4db0e13d2bd55afce5d42d15f137dab8b00132c64ea481,16,353130,2017-12-14 15:50:51,emurgo+fourth_entry_781m,2,2,3203104287892,8,8
7d64675b6d5269ad77c6485ae6b67dc4b4f1d17dba1446ab1ac4f10dea0a9a65,16,359499,2017-12-16 03:14:11,emurgo+fourth_entry_781m,2,2,200000000000,9,9
6b84861760134cd8720e1c5e967bac4254a0a679df16bcc40cf60d0382b756da,17,374703,2017-12-19 15:43:11,emurgo+fourth_entry_781m,2,2,490548485267642,9,9
f27188850af5bb9e8e569e4deb36380691d7d94867f8723e8c8fe74e008a8c12,18,392085,2017-12-23 16:17:11,emurgo+fourth_entry_781m,2,2,200000000,6,6
400223f34ef322d62c82ea054140fd188afa5b7ec25567fb5fd60ee065288064,25,557036,2018-01-30 20:47:51,emurgo+fourth_entry_781m,2,2,2000000000000,6,6
fa7367ce11142577f4691174b428c7152200e7de6260b4d99f60d704b3104d0e,25,560430,2018-01-31 15:39:11,emurgo+fourth_entry_781m,2,2,1997599050650,7,7
37f24c58eeb47a32a3c837102420648bc19084b9b3d113befdade45a0f26dd34,25,561184,2018-01-31 19:50:31,emurgo+fourth_entry_781m,2,2,1995599108510,8,8
8a84998ce4f838b5bdd0678bb453391cd2e363708809778289a25b385458ac85,26,565779,2018-02-01 21:22:11,emurgo+fourth_entry_781m,2,2,1987366866372,9,9
e439e0c93a1de134eb36ed83fc27d11c4c5f3b759eb0e3bfddd9e3c995e5276e,27,584882,2018-02-06 07:30:11,emurgo+fourth_entry_781m,2,2,8231899998,9,9
99b67516ac08fafb16f08cfcf5d79d07ef044a37213ae64b396b132be13e58a4,27,587217,2018-02-06 20:28:31,emurgo+fourth_entry_781m,2,2,109367518393874,7,7
853b34fcf5641dd423fc1efe12d58891be07f69ed9ee6336433fcd1811cdda6f,27,587225,2018-02-06 20:31:11,emurgo+fourth_entry_781m,2,2,109347518051382,8,8
6d84a502f8b388c705c04897ea1416bf80a26db796374065620b0c4f5bc140ee,27,587241,2018-02-06 20:36:31,emurgo+fourth_entry_781m,2,2,108547517708890,9,9
58b70d4b7a89bf11c38b8d32b420711ab3379ce1694ced77eb0fc218e2872d5a,27,597285,2018-02-09 04:24:31,emurgo+fourth_entry_781m,2,2,7589331657508,6,6
0f8800cf2a081be90c920536dab892d3e2eff1a9337c1e00c6529add69543e0a,28,607443,2018-02-11 12:50:51,emurgo+fourth_entry_781m,2,2,16666664000000,4,4
126ec471a5eac59b0ba344b6a56088fc2404adc6c2e90a0130310bd722de624f,28,614925,2018-02-13 06:24:51,emurgo+fourth_entry_781m,2,2,3003103945400,9,9
e095650a64acd3a11c0fab74b4c249ee5fd48b83be1e544e3c6008eca7cf9b36,28,616433,2018-02-13 14:47:31,emurgo+fourth_entry_781m,2,4,1200000000000,5,7
4d67df9c2c036d763df240ea2f9b53f3c2d0f39e5227ac1867386f2eaeaa91f7,28,616497,2018-02-13 15:08:51,emurgo+fourth_entry_781m,2,2,1374999625692,6,6
1cdd893112f5f57d6a78b92abd6256be839bd6014a6d28bed395fc25b7daa74d,28,617981,2018-02-13 23:23:31,emurgo+fourth_entry_781m,2,2,1164399283200,7,7
703100738a622f9b62ba978389c014caa306ad3d6b3f706f197eace7916feed6,28,619940,2018-02-14 10:16:31,emurgo+fourth_entry_781m,2,2,964398940708,8,8
31e28d72827ec3d6806eaa1871f9ae464d5c7c3ea1aaffce5b1ac325dcc4e905,29,638018,2018-02-18 14:42:31,emurgo+fourth_entry_781m,2,2,8555932000000,3,3
c1e69ec8a63bc0ace41da86d90e17c45554f1c78032082d27b2795dfbc69d1e3,29,638027,2018-02-18 14:45:31,emurgo+fourth_entry_781m,2,2,1136600,4,4
3c98acfbfc617ebf59e3f1d8f1b90b4ca0be11b50c2aacd53dfc4972d13546eb,31,689404,2018-03-02 12:11:51,emurgo+fourth_entry_781m,2,4,160000014979998,4,5
0e11c048a3e910c697e92e1f33b1c211e369e24acf1cfc3faab0ee21c7174464,31,689409,2018-03-02 12:13:31,emurgo+fourth_entry_781m,2,2,12000000000000,5,5
0b319f30d8c41e9fd34a8998f32cd257c1f856f127406b7c91899d78e72070b6,31,689422,2018-03-02 12:17:51,emurgo+fourth_entry_781m,2,2,11999330860126,6,6
359608f67f399b8484a0732e3dd141b4a68065b417465a123126061926d2c8ef,31,689441,2018-03-02 12:24:11,emurgo+fourth_entry_781m,2,2,11998853056432,7,7
a8ea263ce6a24f75b870dcc9e35ebb1950d596b1120fb021cdda027a671ddb47,31,689449,2018-03-02 12:26:51,emurgo+fourth_entry_781m,2,2,11998562714292,8,8
c50a6b48591c5e7b0fcc6a42f69ffaf6843d2259f57deb13d9c8ba50612fb1d6,31,689456,2018-03-02 12:29:11,emurgo+fourth_entry_781m,2,2,11998262372152,9,9
9ebb99554275980299b03da7d18b02c737a89a4204db47bffdfae7b5791ec2c5,31,689460,2018-03-02 12:30:31,emurgo+fourth_entry_781m,2,4,777461554,7,9
a69ba97935b805a2e4d6aec383d5d65c90282754f3251f136c90960f456741fb,31,689496,2018-03-02 12:42:31,emurgo+fourth_entry_781m,2,2,290000000,8,8
fdf44bac7f12ae5086e9d3663297a600504800558b45408fcde47279069f7ab4,31,689565,2018-03-02 13:05:31,emurgo+fourth_entry_781m,2,2,63634,8,8
a7f975e32275306bf92535cb2f520f94c61c2316fa6e44cfa1350845c91512ba,31,689631,2018-03-02 13:27:31,emurgo+fourth_entry_781m,2,2,588436,9,9
43d6e816d01a1fdbf4246096409451068b53adee94847541925d296c0b7668fc,32,701697,2018-03-05 08:29:31,emurgo+fourth_entry_781m,2,2,197129201372862,5,5
3729cf91d64fae1526fdecfdf7163faa27da1be8cb808c9f76460b64d8af4e22,32,709410,2018-03-07 03:21:31,emurgo+fourth_entry_781m,2,2,196824919030370,6,6
6f3bfd77d34bfb10df9133a5a0c52d00a822b0a7948f9207bb498641a767f64e,32,709414,2018-03-07 03:22:51,emurgo+fourth_entry_781m,2,2,196806188687878,7,7
ced3c396703409f7aeca2ec204d719ef6b627e9a1cba2a1d013984be887fd004,32,709462,2018-03-07 03:38:51,emurgo+fourth_entry_781m,2,2,196774970345386,8,8
54430f850bab8da898680cfedd4816fc69436484a15d089880b2e703b581ae3d,33,724247,2018-03-10 13:48:31,emurgo+fourth_entry_781m,2,2,196712534002894,9,9
2e90cbb35515d89ba8c91af1e0e3829c7c84599e8a1d851ce77fa9c57e74e0f4,36,788099,2018-03-25 08:35:31,emurgo+fourth_entry_781m,2,6,6002000000000,6,7
ca9c6637211bf05b65109f2e1487d97b6a69936b0a9d664231e229f5144eacf9,36,788100,2018-03-25 08:35:51,emurgo+fourth_entry_781m,2,2,818000000,7,7
1400dd0549385c4bedb0a4889ab5a2a0b409c80a2b411cb6f388a3dd420f244d,36,788127,2018-03-25 08:44:51,emurgo+fourth_entry_781m,2,2,19339336930204,7,7
6b51469826eada4791ba46508f6ea7dfd24cd27475dea5a023aff29d6feb46c3,36,788132,2018-03-25 08:46:31,emurgo+fourth_entry_781m,2,4,6220730491672,8,8
28d8f537cf13350fd2915cccc906dd74fdb84a16d2496efaf96140639abe1a4e,36,790051,2018-03-25 19:26:11,emurgo+fourth_entry_781m,2,2,47900,9,9
d676ec2762da588c53408743a5ffc5cbf155c8bba921d4b1aa41e4c588ab6533,38,835741,2018-04-05 09:16:31,emurgo+fourth_entry_781m,2,2,201111955092826,3,3
caa4f573f1f2c1cd98c51f2bad2c8ef8f69a69689e03ee3e48467e173836b9bf,38,835743,2018-04-05 09:17:11,emurgo+fourth_entry_781m,2,2,40000000000000,4,4
fab8700d8248933b568a8cd0d259a538e758c5bf0922c4b9aa0573410ee746f6,38,835755,2018-04-05 09:21:11,emurgo+fourth_entry_781m,2,2,28199600000,5,5
aea8389723cf0c6ae928c2af02ba032a4038143bdddc38f1e8695c7221d263e6,38,835757,2018-04-05 09:21:51,emurgo+fourth_entry_781m,2,2,39971800057508,5,5
1bc9097185b1881b1bb2d6d8b78f7a985111c3cb1d1d73ec07c0340687824bc7,38,835764,2018-04-05 09:24:11,emurgo+fourth_entry_781m,2,2,39944176670282,6,6
6fbdc0954ab4342242dbe3278c86e2c342987f6ac087c284f2936034221abbfc,38,835770,2018-04-05 09:26:11,emurgo+fourth_entry_781m,2,2,39804176727790,7,7
959516d451f4bd8d02b185a849a05266ae4379c82117dd85101f56c6d6bd81ff,38,835770,2018-04-05 09:26:11,emurgo+fourth_entry_781m,2,2,27623044734,6,6
1098ccbecdecb7a79a747c4e88b5146e28ce4dfb31b7f1a4ff4886ce3c0ff1b3,38,835772,2018-04-05 09:26:51,emurgo+fourth_entry_781m,2,2,139999600000,7,7
c59e7198215c9c34777a46f0484dba15f39ffd3084ec6878a1b44fdc19412aed,38,835778,2018-04-05 09:28:51,emurgo+fourth_entry_781m,2,2,39802546740058,8,8
f5dd334a52c305cbf296461a9faaff9aee36fbaf696cfcd952562dc15a03cb8f,38,835785,2018-04-05 09:31:11,emurgo+fourth_entry_781m,2,2,39590493355566,9,9
220a005acc37b3994283483c163d912d9b8359706d96c66aa0e7074dc6a7c6f6,38,835786,2018-04-05 09:31:31,emurgo+fourth_entry_781m,2,2,212053042000,9,9
d21ec1f3388631709a35c07f3ba9d22915aac4c1beceaafc181700ffab4cee4d,38,835845,2018-04-05 09:51:11,emurgo+fourth_entry_781m,2,2,47724,7,7
2bdcc851fad9dca52908f4923b55e2453d2a6029adeaf72a30d0f0406875f364,38,836355,2018-04-05 12:41:11,emurgo+fourth_entry_781m,2,4,63194,6,8
8a1f258c2c996598219470bae6f28cadba72a5b5fe87dd27eaca822be8f3f7ed,41,892874,2018-04-18 14:42:31,emurgo+fourth_entry_781m,2,2,6225939238696,9,9
8c9e8859d057cf8c775facd3bbeb6ac0a5f7f2d88905e9b3b42e2d2186646846,42,918944,2018-04-24 15:33:51,emurgo+fourth_entry_781m,2,2,6989331315016,7,7
1d9d31f9eadb3d78869053f59940a051ced05e1740fac938adebf1439a36c33c,42,922857,2018-04-25 13:18:11,emurgo+fourth_entry_781m,2,2,668797734,6,6
80388fcab839338eb85b7df9d7ffad6d19d8c195381fe2d629f4d4d315adb9a2,42,923019,2018-04-25 14:12:11,emurgo+fourth_entry_781m,2,2,3107970990478,7,7
a1c689ec216b0a3e50445d139eb7474e1a17f616f2087877a77cf93b5060f270,42,923057,2018-04-25 14:24:51,emurgo+fourth_entry_781m,2,2,2999800000000,8,8
8e4621e102e3100e3c51b84d1eda6ca7c173036f14f63ba9bf38ae57a83bdfe0,42,923060,2018-04-25 14:25:51,emurgo+fourth_entry_781m,2,2,2999206650652,9,9
50296301587f683b8bd515397f221ab9f04b8cdadb2573a6411ba73b0ed8091b,42,923130,2018-04-25 14:49:11,emurgo+fourth_entry_781m,2,2,563800000,9,9
278f962ea9d7e8e91063e693153a160250fbf93193b61fe82aa8938553e46051,45,977341,2018-05-08 04:00:31,emurgo+fourth_entry_781m,2,2,62436000000,9,9
90de0f6e272d73682d50e63aa5841d4e445f9e6ead54ba10ac3393d0113810f9,55,1193676,2018-06-27 06:16:31,emurgo+fourth_entry_781m,2,2,16066663657508,5,5
3906bd2d0574dda6f8581ff1a6ca253fba387bf3e1d2cc538278f5b18fa4e984,56,1223032,2018-07-04 01:22:31,emurgo+fourth_entry_781m,2,2,15666663315016,6,6
6c60b147915031b6b7cc349c33fd1bb29e51b4039f869bc11f567d0ddb6df361,60,1312046,2018-07-24 15:58:31,emurgo+fourth_entry_781m,2,2,15466662972524,7,7
ad20b31ca0f485f05e440881b7f6ccb1d8a6fd41b650aaad291b1ae5654fd4e7,61,1330739,2018-07-28 23:50:11,emurgo+fourth_entry_781m,2,2,15266662630032,8,8
525ecf432d0aff77752eda9d38de58c876d26d702c4405639082ae34e9f091a5,61,1332511,2018-07-29 09:40:51,emurgo+fourth_entry_781m,2,2,6189330972524,8,8
164622557ae7831423f5f58e952a663102adebb122160185df781e46a0dd603a,63,1370892,2018-08-07 06:57:31,emurgo+fourth_entry_781m,2,2,200000000000,8,8
9d995534a1fd7d70707236dec01dc6b6e2bae0700b7ca82508bfa4130f5fd373,63,1370900,2018-08-07 07:00:11,emurgo+fourth_entry_781m,2,2,395906000000,9,9
0626f33cdcf6ff3e5b1884265fe3bf51d4f142feffcdc170f7aa81d47c218c82,64,1388128,2018-08-11 06:46:11,emurgo+fourth_entry_781m,2,2,15026662287540,9,9
a5cbdb4f74cc9b875ef3466c1acbf0c845d9c8569551e12e365b6dcdbe75c08b,65,1415813,2018-08-17 16:39:31,emurgo+fourth_entry_781m,2,2,5449330630032,9,9
c1a06daa49a4a3f86dcd8255a7af23db382e87c5e0506f87f6a4fd8938884df8,65,1419276,2018-08-18 11:53:51,emurgo+fourth_entry_781m,2,4,600000000000,6,7
7ce9ad41cc40a369e0afd0cb10402984e36c1520276bc15b8c3908dd5db2e140,65,1419280,2018-08-18 11:55:11,emurgo+fourth_entry_781m,2,2,19274793510,7,7
a71519bf33b4de1335217d88e7ce5cf544aa779148234655c9403ff27b609605,65,1420238,2018-08-18 17:14:31,emurgo+fourth_entry_781m,2,4,26589776529100,7,8
f2129676e4dc0590d8ffedd713b628d982304605588e02a560d2a01f44c733be,65,1421220,2018-08-18 22:41:51,emurgo+fourth_entry_781m,2,2,13294888264550,8,8
bb96b40f1c1a1c211919dab05634498386890b765c9db1ed6837a67967575319,66,1435679,2018-08-22 07:05:51,emurgo+fourth_entry_781m,2,4,980000000000,9,9
789f3433e55a254a1318324c2255cf5869f1f37e089d873041023af8925dc8cb,67,1451227,2018-08-25 21:30:51,emurgo+fourth_entry_781m,2,2,27612462654684,9,9
871d5e5b9f9ac301eed72f33c0823f95249d3ec52d169381fed06bf72fffa91d,67,1462521,2018-08-28 12:17:51,emurgo+fourth_entry_781m,2,2,13294889890242,8,8
bf1f280350875d2e8f337ac6d73a222f22b66510ff3ca9d6e4af3ad269db1966,67,1462526,2018-08-28 12:19:31,emurgo+fourth_entry_781m,2,2,10000000000000,9,9
753a653ed4641fb14145a22eaa99c886768e31a15e040fa2d0aaf1a53e6c0b1e,67,1466139,2018-08-29 08:25:11,emurgo+fourth_entry_781m,2,2,365047105286,7,7
775e49817886b8834769641571a618cc8b3d3cf19d354d97a225e6e7c42d4336,67,1466265,2018-08-29 09:07:11,emurgo+fourth_entry_781m,2,4,279587234074,8,8
984ca9073ee007dfa15267fe7288ccfe45eb09b10e072375ef193758184bd88c,67,1466270,2018-08-29 09:08:51,emurgo+fourth_entry_781m,2,2,126648974194,8,8
f578b6d883f937313c5837cf86ebd59e427199cbd5e593ff3d7c8c2d8c7178c4,67,1466432,2018-08-29 10:02:51,emurgo+fourth_entry_781m,2,2,70258644174,9,9
35add1816c535278a8f0340223cabbfa4cb34e9f1c5c279d1960273a10c8b023,68,1469362,2018-08-30 02:21:31,emurgo+fourth_entry_781m,2,2,1224856002224,9,9
737843c3c3846e0bfa74b55a527337ff9519e891e0db32b97189ddb1ecb2d1cc,71,1550760,2018-09-17 22:54:11,emurgo+fourth_entry_781m,2,2,40000199641600,8,8
bbf93d85f5d9f0170f40ab4bb2c36313a2dfc5e6eb7b24d569810a32adef691d,71,1553308,2018-09-18 13:03:31,emurgo+fourth_entry_781m,2,2,40000000000000,9,9
a3ba5a5a1d9a1952fcd83b498d67fc2b6a4c871ed8b7c6a831e4f2f741f55fc4,73,1579282,2018-09-24 13:26:11,emurgo+fourth_entry_781m,2,2,40000000000000,8,8
b3c4c48dc3e9851766e7f881af5c4baad672b2e9bcad6bf68ee4a1cf9aa1e09a,73,1579290,2018-09-24 13:28:51,emurgo+fourth_entry_781m,2,2,14000000000000,9,9
a6e47ae92bb5ebb562b42822d03c61139d13511be80e2dca6010c65da19c9ff2,73,1579294,2018-09-24 13:30:11,emurgo+fourth_entry_781m,2,2,25999999657508,9,9
7108cb095eca80a2b91ef47c7a9b4ce616bb7b7fd38a02208a952e784df7d417,80,1740629,2018-10-31 22:29:31,emurgo+fourth_entry_781m,2,2,800000000000,9,9
236b934575a719201df0c278c8025401438f6481913a08effd41e44509aff6c6,80,1740868,2018-10-31 23:49:11,emurgo+fourth_entry_781m,2,2,800000000000,8,8
4a2a45747cb7dfae68d3e9d2ce590816d6e57051b44b36b6725fa2762e758ad0,80,1743385,2018-11-01 13:50:31,emurgo+fourth_entry_781m,2,2,41833932,9,9
ec7109ef59972a42e94adfe50623f42900f2b1a78b5d982967d74421f632532f,80,1746848,2018-11-02 09:04:51,emurgo+fourth_entry_781m,2,2,799957823928,9,9
133ea2c6138aff5989e03a5a685b30876ea08e92d03df7673b09e1d07b6fdde8,81,1751705,2018-11-03 12:05:11,emurgo+fourth_entry_781m,2,2,13119336587712,8,8
c71c3d22856e83109dd0ae7414d1a7660ecd82fc8e1a5b519d01f81711b71674,81,1751731,2018-11-03 12:13:51,emurgo+fourth_entry_781m,2,2,13116772245572,9,9
582f2527316e841285ead03f51fb5d620a8aef47df60156946bb128454b39578,81,1751958,2018-11-03 13:29:31,emurgo+fourth_entry_781m,2,2,2564000000,9,9
979f97935a5adda2157d6cf7935763c8309164d7df0d0af7a41801a8310daa21,82,1776680,2018-11-09 06:56:11,emurgo+fourth_entry_781m,2,6,180000000000000,8,9
fecd74f7d420c22db8167559eb00df88204dba3ab7bfb518defd3bb3fe16558f,82,1776698,2018-11-09 07:02:11,emurgo+fourth_entry_781m,2,2,200000000,9,9
0fa60c424a71c817724dc7409282cdd3cd680beb81c9dbcace2ca9a783b8621f,82,1776707,2018-11-09 07:05:11,emurgo+fourth_entry_781m,2,2,5557570555875000,9,9
9550f20149969b735fd316e6930dee57271da9e50dab1d4cd864b6446fe1d744,82,1783197,2018-11-10 19:10:11,emurgo+fourth_entry_781m,2,2,789398972524,9,9
eb0344501f574df0d0b2caeb79d97f21fa879b51be5a55ad5ecbc8d9da7de483,87,1892356,2018-12-06 06:59:11,emurgo+fourth_entry_781m,2,2,32472202402,9,9
87adcb6df327f4dfd168f3dbd977eb7392995a13233d933692e923d3c50aa7da,87,1892443,2018-12-06 07:28:11,emurgo+fourth_entry_781m,2,2,31085236554,8,8
c1e9a0487d657fc382e65cdc75e977cd65ecfa37e2e81db703c73deb337fa5b5,87,1892477,2018-12-06 07:39:31,emurgo+fourth_entry_781m,2,2,28199226218,6,6
8013abbd21c7832fe76909d61acc2166e57c3c65373675a56676fcf418aeda2f,87,1892515,2018-12-06 07:52:11,emurgo+fourth_entry_781m,2,2,26128576492,7,7
87d8400a58482ea4d34c50be7ae728c817c278f6f63dd98cec437ef8fb38c5f6,87,1892732,2018-12-06 09:04:31,emurgo+fourth_entry_781m,2,2,18587475890,8,8
7d48a8d20008c18970e550c02d6eb5bff41c981571bc621981d31afa3dc2447d,87,1892749,2018-12-06 09:10:11,emurgo+fourth_entry_781m,2,2,17758300400,8,8
63c60a2a023bbb29ee633d6426ba53a59a8bff5ee45ee738ea423794a889d714,87,1892767,2018-12-06 09:16:11,emurgo+fourth_entry_781m,2,2,16108962940,9,9
f43ab04603516da4160fc3e1ebe9c5e3708d3a2480d5c3648415c7b954704bf1,87,1892846,2018-12-06 09:42:31,emurgo+fourth_entry_781m,2,2,13004500698,7,7
0a364635c7849651165c0b6095161bc658d910e97a140b71dc7f56383d7e5cd5,87,1892850,2018-12-06 09:43:51,emurgo+fourth_entry_781m,2,2,12750036902,9,9
af7178a1bb684c97d16f289d0cbfa230f20c97e9be2a8b6cb8031c8b03ea3d22,87,1893011,2018-12-06 10:37:31,emurgo+fourth_entry_781m,2,2,9289037606,9,9
5313badc385a8d423be22f384eeb579003a6729120beb32bf09bd90f81d9e97a,87,1893136,2018-12-06 11:19:11,emurgo+fourth_entry_781m,2,2,5441632672,9,9
41815ebcc05b50dc5de5ab06f23daec567e8989e0af496beacd7f3299784c7b2,87,1893160,2018-12-06 11:27:11,emurgo+fourth_entry_781m,2,2,4628752906,9,9
dcb6e230c8fef39a313dea9e9b4bea813d5b29e690e148bedf572dcc40e92d1c,87,1893220,2018-12-06 11:47:11,emurgo+fourth_entry_781m,2,2,3755701342,8,8
1dd35e0d54c6c600f6d6809343fd24e70a0cc7f0d6a188150f09fcc08f0023e0,87,1893381,2018-12-06 12:40:51,emurgo+fourth_entry_781m,2,2,1277807356,9,9
40cc9f5b428d9021b17ccba38ecd30c09334683549cc0326473db77b9e3dc030,87,1898456,2018-12-07 16:54:11,emurgo+fourth_entry_781m,2,2,1200000000000,9,9
ea1c3cf7a155b8d54370561da65bfcf380e58576cd3a813eaae31947d5dfbdc7,87,1898595,2018-12-07 17:40:31,emurgo+fourth_entry_781m,2,2,1200000000000,7,7
eca90197a9e36b15851a4ba4742ad105856fb6913ee75cfeab9322bfcabbb862,87,1898906,2018-12-07 19:24:11,emurgo+fourth_entry_781m,2,2,14902098000000,8,8
e2ce7b2cbc1b325787cdc1b5ecbb6bb9d0e56064bbbda92e183464c25ccd19da,88,1901727,2018-12-08 11:04:31,emurgo+fourth_entry_781m,2,2,1000000000000,8,8
ee596065bff410ab8e60662c777d8b52558c13f004da22e256bf490e99310065,88,1902238,2018-12-08 13:54:51,emurgo+fourth_entry_781m,2,2,998203457860,9,9
d2ae0d03cff0ce9a75eb5c30668583a745f7eeae0e58f669a1fc3d32f07d7dea,88,1908862,2018-12-10 02:43:11,emurgo+fourth_entry_781m,2,2,800000000000,9,9
419686e3e254f2eeb359fd72b3114df4a54dcd855db0c0782455e9ade8edbade,88,1913472,2018-12-11 04:20:31,emurgo+fourth_entry_781m,2,2,693151695400,8,8
9ef02077f38cf80fa641ed5640f0c62b5017605a7dfaa14eb79ce526a0b92c8a,88,1913558,2018-12-11 04:49:11,emurgo+fourth_entry_781m,2,2,699998000000,9,9
a0c0819a3ab11437a668ace7645506e7b1846505e130e1c405168671caa8adc3,88,1913647,2018-12-11 05:18:51,emurgo+fourth_entry_781m,2,2,673298112292,9,9
63743b668bf16d8d8e981758639c3c6284fe9e26528cd06c476ea698c0e2bf2b,88,1914505,2018-12-11 10:04:51,emurgo+fourth_entry_781m,2,2,600000000000,9,9
91689886a1265bf79026967513de37da73b6f258b0f299d6bf074f3f2bd8f5e8,88,1915635,2018-12-11 16:21:51,emurgo+fourth_entry_781m,2,2,8902097657508,9,9
9aa93fb75028733524ea86bdbfff288109bfd097378e20aa7c509288506cff7e,92,2001890,2018-12-31 15:35:31,emurgo+fourth_entry_781m,2,2,744000000000,6,6
7d99a62a0e1db88aea1b6cd58b35cecc3439a2fb198e83e42e2e9a21fa402635,92,2002148,2018-12-31 17:01:31,emurgo+fourth_entry_781m,2,2,2836318314,7,7
e4f63ed7206460aef3651943f1d691b10bb87a7e714ac5011e044cd8ef1e868b,93,2008988,2019-01-02 07:01:31,emurgo+fourth_entry_781m,2,2,429825262,8,8
b125de311bf7441d3e567ab2b083fbd7206d9228b50a502f9c19bcd32c7588e8,93,2011119,2019-01-02 18:51:51,emurgo+fourth_entry_781m,2,2,133455642,9,9
eaec07d87af6ffd84bfc97a86e453f7a503eac50d29238c8a49bd9508eb87fa3,93,2012491,2019-01-03 02:29:11,emurgo+fourth_entry_781m,2,2,737982806254,7,7
e488c5e1bf8deefbfaf4640aac82c93d14bbaa4f85c3fda11304fa00daecbe16,93,2012555,2019-01-03 02:50:31,emurgo+fourth_entry_781m,2,2,280841290240,8,8
aa3dea27450966158c5130467ec8e48373218da0c522bd8437ae17115c9addff,93,2027543,2019-01-06 14:06:31,emurgo+fourth_entry_781m,2,2,161111954750334,4,4
9365f419caa616f95d57cd7f81b49832ad324ce3b33cfa5ec3ecc805ec7cd814,93,2027674,2019-01-06 14:50:11,emurgo+fourth_entry_781m,2,2,17578772000000,5,5
8ebab4cc6119a3ba4a311ab1f03fce03150551f1704907536e7a0bec8548f20f,93,2027675,2019-01-06 14:50:31,emurgo+fourth_entry_781m,2,2,3252153657508,6,6
8e9b6b810a1d9327a71088a6df74b1aba2a90dc9b43ee333c6f0cd3f29228146,93,2027682,2019-01-06 14:52:51,emurgo+fourth_entry_781m,2,2,14326618000000,6,6
c71568f5714942e5117e31ec31103f59a502e80ce64c44b24571c43ee56dd600,93,2027698,2019-01-06 14:58:11,emurgo+fourth_entry_781m,2,2,14303838225688,7,7
5c9d02e4c9567a0ad9f1124830a5d5e95169553e163e97ad70fa39b6e4d22016,93,2027714,2019-01-06 15:03:31,emurgo+fourth_entry_781m,2,2,14030003162842,8,8
1ab5f8520c9928392ba5935e0a381ef365e8f44496a6a8f54a1415028df0a63b,93,2027730,2019-01-06 15:08:51,emurgo+fourth_entry_781m,2,2,13731782813142,9,9
a3bd7094846195bbd005902c93b31218ec003158bc524b8529b6b677cee00a0a,93,2027855,2019-01-06 15:50:31,emurgo+fourth_entry_781m,2,2,386829315016,7,7
f87f924e43185ffa22143ec3250498fae6f8713af40b985f96e2159d06e2c643,93,2028034,2019-01-06 16:50:11,emurgo+fourth_entry_781m,2,2,301878400000,8,8
a9e9266008e85e5a9069997aa2e679582003cb48fc6556ee401fdb1fc6bea9c6,93,2028064,2019-01-06 17:00:11,emurgo+fourth_entry_781m,2,2,260442400000,9,9
61bcc92f71cfebb1fc5074537b03235062502a5febec7db83ec043db94d8ad41,94,2031527,2019-01-07 12:14:31,emurgo+fourth_entry_781m,2,2,245273440200,8,8
6e6ee7a4163bcb6d9308ea8760dbe6e8b57d65d0e43b3eaa0121d55847ef3e93,94,2031635,2019-01-07 12:50:31,emurgo+fourth_entry_781m,2,2,245315000000,9,9
06a312920cffa3a2b123f17ff1821daecfd257698c7d39d7f50a8de655f4bfe7,94,2034777,2019-01-08 06:17:51,emurgo+fourth_entry_781m,2,2,143533182405468,5,5
023ba28c3f90c8ff7b564ba83c2492e3aeae105a9e8e56a43e19d4bb1726862f,94,2035306,2019-01-08 09:14:11,emurgo+fourth_entry_781m,2,2,143533180060954,6,6
64776283789f9585be9287a5a2fddaf279e3315fd0e3f28576f8a19c4e1a7704,94,2038264,2019-01-09 01:40:11,emurgo+fourth_entry_781m,2,2,2865324000000,7,7
6ba386bc4cec14706cf67284d06ad06b29f52fa4d7d1b7480993ef002a63f706,94,2038338,2019-01-09 02:04:51,emurgo+fourth_entry_781m,2,2,68948780200,8,8
ae6c6d1dd9654a99464a3ee8fd8e0b3902b1196d2387e237e861a11c708cf3b5,94,2041146,2019-01-09 17:40:51,emurgo+fourth_entry_781m,2,2,4199144650000,8,8
a8b47080935545c9077804a674124025b54bcbbbf0373bc0b08a8cf6602af2e3,94,2041150,2019-01-09 17:42:11,emurgo+fourth_entry_781m,2,2,4198944305486,9,9
9eeae18a48075bb637fb3d5f6db392781c3a5c1caf2ed0a64540e9cd46ed6728,94,2041983,2019-01-09 22:19:51,emurgo+fourth_entry_781m,2,2,200000000,9,9
77f3f878c666ddc1cc644c06855c79fe9481140522796de6805846f278e504fe,94,2042367,2019-01-10 00:27:51,emurgo+fourth_entry_781m,2,4,20000006000000,6,7
f135dda41cc36c34d2273fef6a91042ace5d1379df4978d9e80f5732cfac8d3f,94,2042425,2019-01-10 00:47:11,emurgo+fourth_entry_781m,2,2,10000005638874,7,7
6ff04088567e97abfcf2e1c459ca9dc65cb0fb248f8b5a8224584d83472fbaeb,94,2042435,2019-01-10 00:50:31,emurgo+fourth_entry_781m,2,4,19600000000000,7,8
ccdeea23a940b30730eb0a634365cab9b83332c9bb8a7c6a2b9ab2f8315ff58d,94,2042436,2019-01-10 00:50:51,emurgo+fourth_entry_781m,2,2,3435307641600,8,8
fd5688f4761ec9da9c1b8e95474d241123bb6307a28daffc71bd15e6ac217393,94,2042437,2019-01-10 00:51:11,emurgo+fourth_entry_781m,2,2,848957299108,9,9
1e50a2133c3de11abe5a3401cdafbd5209d1de7169e7e69255e3361b78482967,94,2042442,2019-01-10 00:52:51,emurgo+fourth_entry_781m,2,2,16164692000000,8,8
12571f2ed06574c3101f9dea400d4a79de5e58d857cbe7928739a98a78afa411,94,2042458,2019-01-10 00:58:11,emurgo+fourth_entry_781m,2,2,16161227127860,9,9
c76b03fc87c8948251d04c6e17b153245bfcd2f8e90830ff0fee6b59cc47fb40,94,2042762,2019-01-10 02:39:51,emurgo+fourth_entry_781m,2,2,2586350000000,9,9
71058c7d1dbea129539b9c8304c719372afda9c5aebdf7259ce6efbe34381015,94,2043427,2019-01-10 06:21:31,emurgo+fourth_entry_781m,2,2,400005294008,8,8
fd2712e30a71a860ed24109db83f0f2a9e274fbe8e8fcecf696ea62ae7434cc1,94,2043429,2019-01-10 06:22:11,emurgo+fourth_entry_781m,2,2,10000004932882,9,9
83e236301c8966d7d5cc77e173229c312119034b389c5d397923b86316b2825b,94,2043514,2019-01-10 06:50:31,emurgo+fourth_entry_781m,2,2,10000000000000,9,9
6bf1ff9c3bb9c64a15344ab59b238b5950af46b2ec9761af37e0079491b78c74,94,2044019,2019-01-10 09:38:51,emurgo+fourth_entry_781m,2,2,417484,9,9
86233e1c4851f1792140b7a02f0800678f0b48bbabdef7470b8339e045925b97,95,2054914,2019-01-12 22:10:31,emurgo+fourth_entry_781m,2,2,787115647918,9,9
ef732f1d7bbe8b1b5d6afb407c340ee4e545ea0be80c89c2822636b58f1e37fb,95,2056113,2019-01-13 04:50:11,emurgo+fourth_entry_781m,2,2,2205923070,8,8
e3fc6b04b119a0e89197bec30ba67e522c04f1cd0da39b92b6c24e1503d2c516,95,2056115,2019-01-13 04:50:51,emurgo+fourth_entry_781m,2,2,207643912,9,9
2794d5325fa04267c75396212160da71675f514de71a1e3056dcebc066f4ddf9,95,2056120,2019-01-13 04:52:31,emurgo+fourth_entry_781m,2,4,3310889547750,9,9
fd0cb7764e2354e3bf4014a96f37dbc64653a0e6556e251c4fbf325f4fee2f36,96,2077406,2019-01-18 03:07:51,emurgo+fourth_entry_781m,2,2,1454157382376,8,8
3da74be3c383a51a7b308bf1a9d6b1e7110e0aef75d0b14df5671b7ac3990ab0,96,2078385,2019-01-18 08:34:11,emurgo+fourth_entry_781m,2,2,1432135039884,9,9
60639bfdb22a22e804bc4b437b2ef1c2e1e4f13def1fbd21a2f0af5231d2addf,98,2118324,2019-01-27 14:28:11,emurgo+fourth_entry_781m,2,2,500000000,8,8
8e9ecb183ea7609a6948bab2aabccae71e367e2a8f27bfc15f3b5b5f01f66a9b,98,2129737,2019-01-30 05:52:31,emurgo+fourth_entry_781m,2,2,68261800,9,9
599e01f65314c837842b3b82e74ff17a53938db1163639e2a37b7301ce90377b,100,2160011,2019-02-06 06:04:11,emurgo+fourth_entry_781m,2,2,22022000000,9,9
fa076700ea0b672edd3f0bc475699c9aa8daeb97dc6f8c80ac3119d5419195d2,103,2238204,2019-02-24 08:29:11,emurgo+fourth_entry_781m,2,2,997000000,7,7
440b74a5872e16811d4a05c170f6008d5dce175ec0bf089b69b8503b47c13812,103,2243623,2019-02-25 14:35:31,emurgo+fourth_entry_781m,2,2,5367000002,9,9
2b02970a578e6fedbcbbae65c1f999de77edd50de7f04bfafe52631c678ffe76,103,2244547,2019-02-25 19:43:31,emurgo+fourth_entry_781m,2,2,96000000000,8,8
3b0c88373bc72a4a48770063791d65db709e4411ddff220426d3f95083b6761d,103,2244553,2019-02-25 19:45:31,emurgo+fourth_entry_781m,2,2,105358300000,9,9
fe4add72e3f52f847aa3d73ffe7ea1c60c87cd7c29f9ccc0b8818241c64b956e,103,2244628,2019-02-25 20:10:31,emurgo+fourth_entry_781m,2,2,740003367750,9,9
ece211016c573871990519498ee5b446b136f8149e4beb9a3c998ba551e356d3,104,2246381,2019-02-26 05:54:51,emurgo+fourth_entry_781m,2,2,24001562058,9,9
0b975107eee55999959cfef03617099f1e5449cdcf13cfd6bea7076322338007,104,2246482,2019-02-26 06:28:31,emurgo+fourth_entry_781m,2,2,138000000000,9,9
75febbf726ef3fca2dc5b9a8aa40571e6f94fbf55a122dfd18a3e8c33b91f662,104,2250757,2019-02-27 06:13:31,emurgo+fourth_entry_781m,2,2,280840931840,9,9
f7a7395251e1b76d5d50326a9c7a491d6bfa1ffabb3ee3f142c4c280e8cb2908,104,2260924,2019-03-01 14:42:51,emurgo+fourth_entry_781m,2,2,82199639226,9,9
0d85ee9e354a2356258c0a8a5804f382379b06dce8dce045d4d5d7b9d5200e6d,104,2261374,2019-03-01 17:12:51,emurgo+fourth_entry_781m,2,2,41435657508,9,9
b74e4bb72c6910453ae6c7f94daad1d473de5b9dea4e2d027a364204f3600181,105,2268733,2019-03-03 10:05:51,emurgo+fourth_entry_781m,2,2,400000000000,8,8
d03e5d32ea21eea560443c2c011e63e7fe43c38242462e8e2fb192e8b8aacfc2,105,2268757,2019-03-03 10:13:51,emurgo+fourth_entry_781m,2,2,300199104258,9,9
ae42271002c94407de7093e15bb6634d81634cc23013f38c86e6eda6f32c84b8,105,2269905,2019-03-03 16:36:31,emurgo+fourth_entry_781m,2,2,99768053720,9,9
1a68e9fdcb7224bb843b74066f534d0a4ded30d87e30531d8527d5e7e7877237,105,2276763,2019-03-05 06:42:51,emurgo+fourth_entry_781m,2,2,84950572524,8,8
bac4cfa1bfc6819c5622e2522d1892770a454858f96ba3f40e671b082296b919,105,2276815,2019-03-05 07:00:11,emurgo+fourth_entry_781m,2,2,3006600000,8,8
510c6b2e2de8acdce173d2a701c1a81d6c4482ca7bda953bef569897621ffdaf,105,2278075,2019-03-05 14:00:11,emurgo+fourth_entry_781m,2,2,31402991212,9,9
5dcb529c4dab35178375565efb1b49c7c96c9eef8046c9fdfdb64dd12e355b08,105,2278150,2019-03-05 14:25:11,emurgo+fourth_entry_781m,2,2,26612599490,9,9
f9e6a389f90c22a48350e63c4d8da91269ce93d580c740d2ec4c0bbd96db7b40,105,2279504,2019-03-05 21:56:31,emurgo+fourth_entry_781m,2,2,400000000,9,9
1acb63cbefbc9ea4a692127cd9569efc9e379720fab5d8486089f18335e5ce52,105,2281809,2019-03-06 10:44:51,emurgo+fourth_entry_781m,2,2,100000000000,9,9
874cd0ccd166418f949d2ebda78ea4940195032e6cac7b70cfc4c1428c3a5108,105,2282768,2019-03-06 16:04:31,emurgo+fourth_entry_781m,2,2,107496826890,9,9
1a4ba8ea648d538c593678690ad7d13888de6d8c8f311fdaa7a7ea6351c116fa,105,2283042,2019-03-06 17:35:51,emurgo+fourth_entry_781m,2,2,470953430948,9,9
c44a3f34e016cd1dce89495977c3c4018d15f8df69d605ab17aabc58e8a1ac3f,105,2283058,2019-03-06 17:41:11,emurgo+fourth_entry_781m,2,2,651384066006,9,9
0715f2aeadb3094cf4c05d3c8042b42faaadfaa7c36e9c8dbe21eedf0043efe9,105,2284346,2019-03-07 00:50:31,emurgo+fourth_entry_781m,2,2,16436,9,9
ebdb34a46e73fe3279cb33dd17e81643db66fb7227affdcb4075a9610c969db6,105,2284671,2019-03-07 02:38:51,emurgo+fourth_entry_781m,2,2,699999297414,9,9
7eb62493225e9854e61b644517e5476725e691216b4aaacda3805f1f614094a3,105,2284777,2019-03-07 03:14:11,emurgo+fourth_entry_781m,2,2,113918640360,9,9
471a47c6fba81fa132701e7495bd73a68feaac914412771e7de4d103c8cfb524,105,2285375,2019-03-07 06:33:31,emurgo+fourth_entry_781m,2,2,104710208492,9,9
9b71f51d29b55754a0f9fd91da7571ba7d8ddedc440bc583288b726da52602e3,105,2285819,2019-03-07 09:01:31,emurgo+fourth_entry_781m,2,2,407490357954,9,9
edd9720b44266baf471b9427e3eb6e043e8f2abacb9c78c6c1691548e9287b77,106,2293634,2019-03-09 04:26:31,emurgo+fourth_entry_781m,2,2,94008477182,9,9
fd5056075eccd53995c4853e1a8014443babdadad1be46587a9bdfa6ac993d21,106,2296523,2019-03-09 20:29:31,emurgo+fourth_entry_781m,2,2,6112000000,9,9
d43433af410d1d6c653dd424acdf1754594641196072c08b025802728f8a0b27,106,2297846,2019-03-10 03:50:31,emurgo+fourth_entry_781m,2,2,438,9,9
d8c250c721fb014b4eafc72f2beab52d3ccb8c86eeb5b227c2120bf8a32803b0,106,2298501,2019-03-10 07:28:51,emurgo+fourth_entry_781m,2,2,20999625172,9,9
cc6612df30c3c525eb4393a6c6726e7d0b1b51afa71450504f2466a4afab81b1,106,2300462,2019-03-10 18:22:31,emurgo+fourth_entry_781m,2,2,25617637038,9,9
13641668b49f81e888dd6705f37f9a063ce75cdebda808ece3771eced8817644,106,2301265,2019-03-10 22:50:11,emurgo+fourth_entry_781m,2,2,14240,7,7
bec8c95538303924883eb59cddf561274b768894745ea48a84a0505c646361e5,106,2301775,2019-03-11 01:40:11,emurgo+fourth_entry_781m,2,2,116661132480,9,9
d94184c8ae486e1c9611a066ac0372dee3ffc1222fc8e832c054f13ffaabd778,106,2306750,2019-03-12 05:18:31,emurgo+fourth_entry_781m,2,2,123533175716088,7,7
a2603fa48914f07d23ca9b1edbae9ded3ee327856f7aa4fa5e7f2f4d42b80b8d,106,2306768,2019-03-12 05:24:31,emurgo+fourth_entry_781m,2,2,40000000000000,8,8
e3c4435dace5a682bd7a908a085a75720f4c64214ccc295c84c51081e080248d,106,2306792,2019-03-12 05:32:31,emurgo+fourth_entry_781m,2,2,39698423657508,9,9
ce39e7f505a82c5b18e0b6cfa23881201b1b96701fe1bc426a2e4f9c767e8f5e,107,2310652,2019-03-13 02:59:11,emurgo+fourth_entry_781m,2,2,83533175371222,8,8
4d979536428bf8e6e5877299a0dc96dad49b9dec364b358766357ce9fad751ad,107,2310661,2019-03-13 03:02:11,emurgo+fourth_entry_781m,2,2,23533175026356,9,9
5331e1779bfdd62f4f65fa1345f9cad0831de87216ef2ccc3de537d0c2173624,107,2315498,2019-03-14 05:54:31,emurgo+fourth_entry_781m,2,2,12232429990,8,8
506bcefb125a04811fe37a988012fffbccd35b1f41dfb37e169a98a24dd07c72,107,2316385,2019-03-14 10:50:11,emurgo+fourth_entry_781m,2,2,35670099700,9,9
8c5917929b87fa79af462500b555510eff86095316e53dbbe94e15005e0946d6,107,2316399,2019-03-14 10:54:51,emurgo+fourth_entry_781m,2,2,999999151778,8,8
e02c7df38e3a894c9b1555ce4009b3372982f32a1533723784d788b1b67240b6,107,2316613,2019-03-14 12:06:11,emurgo+fourth_entry_781m,2,2,172661456924,9,9
f74e0711f685428b7ee4602e0d829bb52eab7b286cb596020163bfb21db39c80,107,2324965,2019-03-16 10:30:11,emurgo+fourth_entry_781m,2,2,122197882174,9,9
7eef1c54800bfe000d80cbba7557a75607cb631d337cef14d72f0abe756483be,107,2325353,2019-03-16 12:39:31,emurgo+fourth_entry_781m,2,2,327670000,9,9
6fe3308ba6aebfe870efcc26fe2e085fcfa9201d5c55457efa385bc2efbd9685,107,2325407,2019-03-16 12:57:31,emurgo+fourth_entry_781m,2,2,28259378714,9,9
428fa0555c2e744ccbccd78b9f0b17e8a3f316ee39d636cae406afbee0631337,108,2337490,2019-03-19 08:05:11,emurgo+fourth_entry_781m,2,2,939800832742,9,9
50ce141ade2edcd6490bc2034f558c491e3b3ef3b0ee66d542e2cbcbe7ead634,109,2360537,2019-03-24 16:09:51,emurgo+fourth_entry_781m,2,2,208175787400,9,9
ad9ec7ca35b4e4d5480969ee049f71e8d6ace1ae32e453918893fb9e50ea5b86,109,2368595,2019-03-26 12:55:51,emurgo+fourth_entry_781m,2,2,60198000000,9,9
0f2b93dccc1d42e2b92a121409984af3d501ac70ec5b68425c4978520f11a930,110,2376772,2019-03-28 10:21:31,emurgo+fourth_entry_781m,2,2,3180526084,7,7
4e241da1fa334107edc406e73f6411a2f3663c4ba35eff1c78811823b5497f35,110,2379694,2019-03-29 02:35:31,emurgo+fourth_entry_781m,2,2,3180181922,8,8
d1a55180343f61f056b2cc2bea6b63ebf9fed968e18daca027bbdbfc4ac16ecd,110,2380532,2019-03-29 07:14:51,emurgo+fourth_entry_781m,2,2,7762228000,8,8
23006cb7f5a8984fd7130f5cd40d05ea2c462aa2728c7782c28574e411c00162,110,2381079,2019-03-29 10:17:11,emurgo+fourth_entry_781m,2,2,1796200000,9,9
ec7e3f7945932749c3d3a9d3925df2ce5b4e5d95f07e201f50ce853905159320,110,2395368,2019-04-01 17:40:51,emurgo+fourth_entry_781m,2,2,2598000000,9,9
16d5e3cd96251db0532237f72e43e6432faf0bc0e9b3967a3d9377bfa6d0ca8d,111,2398609,2019-04-02 11:41:11,emurgo+fourth_entry_781m,2,2,5755236000,8,8
f11985fdedaaa76439799e4c0800263359ab1232e19197a84e92a1058c44dc4a,111,2398835,2019-04-02 12:56:31,emurgo+fourth_entry_781m,2,2,6000000000,9,9
4641c4d823e078618b92d09215399ea26bbfc86aa249ff91ddf1fcdb4477e664,111,2408489,2019-04-04 18:34:31,emurgo+fourth_entry_781m,2,2,68481206296,9,9
2bde26e10d953eeaeeb47be7dd25ffcad1dbf2576866cc9cc745fbaed3543ad8,112,2424942,2019-04-08 13:59:11,emurgo+fourth_entry_781m,2,2,18198000000,7,7
42226ba11fb12b64bb5bdb8f42b015a0ef31c248f781b2f5a4d382f397753dee,112,2425375,2019-04-08 16:23:31,emurgo+fourth_entry_781m,2,2,20000000,8,8
76be81d0c745c69d94ce98a1cd73d61af413518e3cd1eb885eb21a03313e82db,114,2463508,2019-04-17 12:15:11,emurgo+fourth_entry_781m,2,2,399998000000,9,9
d4e050a463dbf0068e5d71d3cdac17a2b30a5586a764c0366c53e280c46b9536,114,2481575,2019-04-21 16:37:31,emurgo+fourth_entry_781m,2,4,104161102630,8,9
f87b4b5b233387f10956fc2eeaf4882b3ad09bc1733648268fa576eedaf5b74f,114,2481614,2019-04-21 16:50:31,emurgo+fourth_entry_781m,2,2,28000000000,9,9
d97bc4477d9384ac3e3a17194ab6dd0f459071f34130370f096222955b57f196,116,2523687,2019-05-01 10:35:31,emurgo+fourth_entry_781m,2,2,228196688400,9,9
dbc39426d947db7c923c85c4a8442db7caba6ae0c35b2c54cb5b67cee25ce441,118,2557680,2019-05-09 07:27:51,emurgo+fourth_entry_781m,2,2,752875578,9,9
aa59ea065c70cbb9131c0bd52531f28b4dcdfd39ff9f0aba8d311fef126bbd26,121,2630627,2019-05-26 04:45:11,emurgo+fourth_entry_781m,2,2,10471595657508,6,6
5c8a4b845bd6c9e053f4ac6bfce37892606ad310181cb62794a46c3c4d808215,122,2637304,2019-05-27 17:50:51,emurgo+fourth_entry_781m,2,2,1629645592,8,8
40d662c4663097afeff71b808f0317e98e5136c7d7e5140d9f413dff2e4e7e31,122,2643621,2019-05-29 04:56:51,emurgo+fourth_entry_781m,2,2,4460000000000,7,7
de8691d088ac04170b97d02d59840f373f80b7d68abb093f8d7b5daac9fd0043,122,2645013,2019-05-29 12:40:51,emurgo+fourth_entry_781m,2,2,9221565499540,8,8
88df53504ecff6a6dd56b7d7fc91dc2d48a41de7dcfa91cbc5741b2f97938b5b,122,2645042,2019-05-29 12:50:31,emurgo+fourth_entry_781m,2,2,16987155048176,9,9
294505eab9230afeb758dfd6f095a6be6df9dd2c421d04a77b4e0133e2bf3fe3,122,2645168,2019-05-29 13:32:31,emurgo+fourth_entry_781m,2,2,9999998000000,8,8
be6729162919f4aa71f431e8a85ce5789837e166563b1cc7513aaeaa849cb999,122,2645446,2019-05-29 15:05:11,emurgo+fourth_entry_781m,2,2,5284871892864,9,9
b483e5d18c1c6e6909109cac04f21c090cabd11675a5413ae1fe8dd20d8ecbaf,122,2646618,2019-05-29 21:35:51,emurgo+fourth_entry_781m,2,2,10000000000,9,9
1ebfd4b33348c0b950cd2c3c9d81a8f279cce7f1e9e45d9462cef11e7817c18d,122,2647001,2019-05-29 23:43:31,emurgo+fourth_entry_781m,2,2,9989997655134,9,9
e06b88038a05f576b54672dc323561e35d6342f00f2d65ef17d131c15bbeca05,122,2648103,2019-05-30 05:50:51,emurgo+fourth_entry_781m,2,2,2379837760,9,9
0ae2d7415c5335fb3a16fc52ef2595b9006eedea702bbfc4f402e5e9cd2aa7f4,125,2705208,2019-06-12 11:10:11,emurgo+fourth_entry_781m,2,2,200000000,7,7
4c54e445807aa9b5d434670360568f79cd2e3f4ac17ad54e4965942584b14609,125,2705527,2019-06-12 12:56:31,emurgo+fourth_entry_781m,2,2,297480368,8,8
d91d27d3b65c841cd0b00024c11e5db3bf03bd0783d38d0a1dc783453b206dfd,125,2707213,2019-06-12 22:18:31,emurgo+fourth_entry_781m,2,2,345715869290,9,9
816603bbac546336d276dc213b8efe8d979a074ea04d2cadd2bfa37ab576bf61,125,2709850,2019-06-13 12:57:31,emurgo+fourth_entry_781m,2,2,1460366,9,9
5068df741ecdce7ea54e7d06f8f32716e7c2990033cd90ebaf1dfea9d668a7a3,125,2716964,2019-06-15 04:28:51,emurgo+fourth_entry_781m,2,2,800000000,9,9
69c8fef5a23e4acf01159d2625d643024a5b60c1d087e0d44e4d7eb327aac65d,128,2772409,2019-06-28 00:30:31,emurgo+fourth_entry_781m,2,2,301576000000,9,9
e9bb6ab4099b240e4f21499dade78e927983178f5b6faeef8b6d4d52a3dd57fa,129,2793538,2019-07-02 21:53:31,emurgo+fourth_entry_781m,2,2,1922426812,9,9
14c951c81dad6b72a7dd91512c4a2cd1b2079c6f0cc4d363c4434346d00c1c34,131,2832478,2019-07-11 22:14:11,emurgo+fourth_entry_781m,2,2,5704863610,9,9
f34ef1f2c20a14fa406f71637f06c74795b7f9fedbc695c67b428e4cc9e40f57,136,2947953,2019-08-07 15:46:51,emurgo+fourth_entry_781m,2,2,210600000000,7,7
823c5d3d99b37a1f5706290365061f55405432d96386ce96ce05ea46ef1dca85,136,2948069,2019-08-07 16:25:31,emurgo+fourth_entry_781m,2,2,2098469666,8,8
ded75d38d6ca2b46f02a7cc4d95c2823eb134ff34a7add474456be64ba318afa,136,2948090,2019-08-07 16:32:31,emurgo+fourth_entry_781m,2,2,1410429664,9,9
9a188d207af6ca7a6f8c0898ea75fb66fa63450efa21d0fbbeea90269bf1368d,136,2951925,2019-08-08 13:50:51,emurgo+fourth_entry_781m,2,2,100942725244,9,9
83875f2864af9f20883d0574762eece0b4b4d745b1182cf88952dd5f08c3050e,138,2983041,2019-08-15 18:42:51,emurgo+fourth_entry_781m,2,2,12572896606,9,9
fe3c4cdad739d0bf5a61bb4ddff9cbba86051ea5c53b27f6727c6c13dcbd0616,143,3094832,2019-09-10 15:47:31,emurgo+fourth_entry_781m,2,2,298200000000,9,9
304ea6b0ee05dc2853d36a933326beeedcffd073d9358127c3226d9cf34baaf7,143,3100846,2019-09-12 01:12:11,emurgo+fourth_entry_781m,2,2,29200000,9,9
09e8a998d185a4dad7253747d6abdda5a2af00ae08d926d7fbd9fa48b3726b42,148,3204672,2019-10-06 02:01:11,emurgo+fourth_entry_781m,2,2,174999625692,9,9
bea90a6d8964a81053c9d4f7eae604652455c28ef5c7492d1e487484d4964ff5,151,3280347,2019-10-23 14:26:51,emurgo+fourth_entry_781m,2,2,16865176858,8,8
111ac7a65dbdd10aa9d80c3cb0b1de35c72baed48e0c923ea0a876a3250815c1,151,3280517,2019-10-23 15:23:31,emurgo+fourth_entry_781m,2,2,1998000000,9,9
d3ab64db7bda1b47f527334700011185117e36480e6c2d4ad49ca6c90dfb02e0,153,3311963,2019-10-30 22:05:51,emurgo+fourth_entry_781m,2,2,445143568864,8,8
650bdc0652343272733a25fa19d9131edeb71adf0b302c8b20b206a508f340a4,153,3311969,2019-10-30 22:07:51,emurgo+fourth_entry_781m,2,2,1360350744980,9,9
d6ff2e3c54c7bcd2bb6fe08f92313f63e5989bad01b292145534ed9c9f1f3d6d,153,3317679,2019-11-01 05:51:11,emurgo+fourth_entry_781m+iog,3,3,45910099926282,9,9
6bfc11361c58b774166f0ecd1478c93a690a5b2527580addcb47f4ac819c37c3,157,3399065,2019-11-20 02:00:11,emurgo+fourth_entry_781m,2,2,3464530000,9,9
4ecf9e38080f87e2dbfc1efa051cbf7b3b6979cfeac153bd54b743233f3e1335,158,3429676,2019-11-27 04:03:51,emurgo+fourth_entry_781m,2,2,8987714900,9,9
c02e03d7a33f05a87e111744d7e12b0f0f4abb2836ee13b4419dd9ecbf65bbec,163,3521477,2019-12-18 12:56:11,emurgo+fourth_entry_781m,2,2,20000000000,8,8
ed0ef50b1ba66009ff82e1752da60e16639b846b66ee52890084bb95297c693e,163,3521490,2019-12-18 13:00:31,emurgo+fourth_entry_781m,2,2,12049545742,9,9
b05706443a4cff7c422a517d3321438e5a4717fd5f3f6bf1affd6210df517f8b,166,3604016,2020-01-06 15:29:11,emurgo+fourth_entry_781m,2,2,6000000000000,9,9
a44c715f2f4f60064b586d1c6347d648b5e54f3b220ae75b48f1336c47575fa1,167,3610521,2020-01-08 03:37:31,emurgo+fourth_entry_781m,2,2,60000000000000,9,9
b15198df5c23226040798fe60743769dea0dcac344c2b54ad360af888c01bb08,172,3730238,2020-02-04 20:43:11,emurgo+fourth_entry_781m,2,2,1997800000,9,9
48e9528052aabdf17590e649a93d80678bb83d5d8b824e437674c0a37750e6f3,172,3733113,2020-02-05 12:41:31,emurgo+fourth_entry_781m,2,2,14866832344,9,9
71a2c7e64d9977a7dc8c147d1946bac0459dca900794eb2684adc5253873aa7a,173,3756286,2020-02-10 21:25:51,emurgo+fourth_entry_781m,2,2,208501185820,8,8
5064432102393f87a20ec21f2c4a7565c89b7285bfa073d8780e3aa3e4ce600f,174,3756360,2020-02-10 21:50:31,emurgo+fourth_entry_781m,2,2,909219014,9,9
1da8dbf07a10d31a7f19680df789166257254358a2597b3a5608ac2f1ee65e42,174,3764180,2020-02-12 17:24:51,emurgo+fourth_entry_781m,2,2,200000000000,8,8
19b6fb6e930865d94bf36bbcdc693b9db3580ae2d829e8b9ded66b53b102887b,174,3764257,2020-02-12 17:50:31,emurgo+fourth_entry_781m,2,2,349800000000,9,9
ca4a8bfdfdf2508cbaf3ff551bb04ef49b57332c22010222f5b150abc967935c,174,3767260,2020-02-13 10:31:31,emurgo+fourth_entry_781m,2,2,7950109744,9,9
b56e4b180b7f07c50a29d44bc382802f3b6ae3cd865614adf6309ff025b4a5f6,174,3771834,2020-02-14 11:56:11,emurgo+fourth_entry_781m,2,2,200000000000,7,7
b3a04c6c2772ce445c7841fa91fc7142691540f423d8d0336a0d74e3b65d21fa,175,3795261,2020-02-19 22:05:51,emurgo+fourth_entry_781m,2,2,1213964000000,8,8
1bd75096691fa9ddd72cc8a9b2a342f91cef4668707deb40e5087a311d723412,175,3795396,2020-02-19 22:50:51,emurgo+fourth_entry_781m,2,2,398470000000,9,9
019caa484635b48c0d411efff6f9e2732e0d0753a810582f0a5b58de7447a580,177,3821829,2020-02-26 01:41:51,emurgo+fourth_entry_781m,2,2,820447606354,9,9
c53631731ecca94ba3e9f32ff80bb3dbb6ca5521699b1bed35e3688c874dae68,178,3860811,2020-03-06 02:15:51,emurgo+fourth_entry_781m,2,2,25000000000,6,6
9815276550178d4f4da40519485e42b81c6ebddd6187a46f8b24dda4f44d28f1,178,3861095,2020-03-06 03:50:31,emurgo+fourth_entry_781m,2,2,316351060,7,7
13bfdf03dfbb7c4e071f1689ee0a47e5d553bc84882bf2e1cff9b2a172bd88bb,178,3861275,2020-03-06 04:50:31,emurgo+fourth_entry_781m,2,2,6684777384,8,8
057d04029a45fce9ffe9bf7ff50dc681ac5e8bcb9e7c4c71a9568d380dd3dde6,178,3861455,2020-03-06 05:50:31,emurgo+fourth_entry_781m,2,2,191787286032,9,9
ecfc41190924e090cf7b08b6325d6aea9f9a3d4c96501bf66726c2866c043dba,178,3861819,2020-03-06 07:51:51,emurgo+fourth_entry_781m,2,2,237316634132,9,9
959f78ef90b8422f4bc306817fe8fe6068805437329a05a31c915bc5b64f1687,178,3862346,2020-03-06 10:47:31,emurgo+fourth_entry_781m,2,2,5871452294,8,8
8ee9a48204f61ddcd658f6641027f9b2136ae89ffd3ea77e03a54c8d88aa23cb,178,3862348,2020-03-06 10:48:11,emurgo+fourth_entry_781m,2,4,1289315196120,9,9
30b97c9a61277b171771cf8a0a0ea4e981b41d44386ebefe11e43b7b16743671,178,3862761,2020-03-06 13:05:51,emurgo+fourth_entry_781m,2,2,4113068858488,9,9
0c4c7c3e9ee89f2dc6a60f539e63b630aeb7181ec7ab788a3d34e76ea7af3fcf,178,3863512,2020-03-06 17:16:11,emurgo+fourth_entry_781m,2,2,2105035844510,9,9
8726d8178e29cad363702a6fcb3aeaf5615df935e46ac5eb290d0d97bbec68d3,180,3888471,2020-03-12 11:56:51,emurgo+fourth_entry_781m,2,2,24683304426,7,7
fb0c06a03f472599062c634141acefbe27e5283640b67a9c4828f851b08139ca,180,3888472,2020-03-12 11:57:11,emurgo+fourth_entry_781m,2,2,179014000000,8,8
bad0d3ab7e8d0cbb70e1cdf7a83ee8cf08ac42201258cf77fda3e6e951681a8c,180,3888491,2020-03-12 12:03:31,emurgo+fourth_entry_781m,2,2,1639226,9,9
33c98127ba0dcaed2f37b4ecaa3beb1d669f8fda773248a192ec3805f4910862,180,3892087,2020-03-13 08:02:11,emurgo+fourth_entry_781m,2,2,179013639226,9,9
cb7080bc5d729ad595736ed638be85c2e8e2ac77b48737b0031274b61792e857,180,3902997,2020-03-15 20:38:51,emurgo+fourth_entry_781m,2,2,20000000,9,9
50db816ec890b9f8417f7a3dceda97e7af7d696968e4ad4f163f0d2cfa4afac0,184,3980437,2020-04-02 18:52:11,emurgo+fourth_entry_781m,2,2,207591622292,9,9
841b7922b1d0206e2732a279f7340cd9bd71db5a33835ad77b30095fe64f6d97,187,4039045,2020-04-16 08:33:11,emurgo+fourth_entry_781m,2,2,205959738682,8,8
c2febae79e805eaeb2145b375d2765a45dcebe20ebc872e744fbdc9b3e267b52,189,4093191,2020-04-28 21:22:31,emurgo+fourth_entry_781m,2,2,1133763382382,8,8
84d1ef7799b95134a7889de5ab818fc106161aff7b345966090a49bb52b04b9a,189,4096855,2020-04-29 17:44:51,emurgo+fourth_entry_781m,2,2,1123585037516,9,9
b09b10270712a5f04ad4048e4a7f4855f5f0c32e96cab26acdd792eedd558a70,189,4098685,2020-04-30 03:54:51,emurgo+fourth_entry_781m,2,2,182961393816,9,9
75a84e019d90960299040ad821b73dc4a9202ce25ff5be02476f239a42977b8a,189,4099537,2020-04-30 08:38:51,emurgo+fourth_entry_781m,2,2,222482284820,9,9
9258fd48f16c9e7092c8af6025e14c3a1574572cbcb3bdb927e0fdb583291519,193,4184326,2020-05-19 23:42:11,emurgo+fourth_entry_781m,2,2,22998000000,9,9
b4a5b23443dc87548f811667ede54dba05e0a7b1e6434c440a862dce2d9539ab,195,4229212,2020-05-30 09:18:31,emurgo+fourth_entry_781m,2,2,6011595312642,7,7
136541e3c215a0f84e12a0d82c2088816ce59f64c6da8410347fef1b8f60e50a,196,4235131,2020-05-31 18:11:31,emurgo+fourth_entry_781m,2,2,800000000,8,8
d0cd9c4503f540def0620cbe2dc1d726efe9619629754589bf306aeb3d7a3a72,196,4235248,2020-05-31 18:50:31,emurgo+fourth_entry_781m,2,2,798000000,9,9
26f0ecb8c5357354666e7c05c21998fa523c0bcf17c9145a7f841e4eba6123c6,200,4336356,2020-06-24 04:37:51,emurgo+fourth_entry_781m,2,2,2000000,9,9
bb6d140429240fd7df6707670a756228f5eb8fba53faa812ae40d423843913ec,204,4405153,2020-07-10 03:10:31,emurgo+fourth_entry_781m,2,2,304282000000,6,6
c01cf4c910ce98791cd3af442f4c040a320788908ebbba6b2049d78ce42c05aa,204,4409664,2020-07-11 04:14:11,emurgo+fourth_entry_781m,2,2,425600000000,7,7
3e98002d5f0ed28c479cda26df175106b0b44031cca9ab11120c34ccd97316df,204,4409774,2020-07-11 04:50:51,emurgo+fourth_entry_781m,2,2,138982000000,8,8
f7a422515233ef82eb32e97181ddb5ac30c87fb2c402b855d3cd726786879c3b,204,4409955,2020-07-11 05:51:11,emurgo+fourth_entry_781m,2,2,199999557574,9,9
de0e0ca14895d2f47a4d79988498c55ed84d84360a978e196973bb3e3bbe8b06,204,4410752,2020-07-11 10:16:51,emurgo+fourth_entry_781m,2,2,654122390094,9,9
0d84d059ab48550e69fb1297a96e54d0fdc31f4255ad8535524b7a3b3f03555b,205,4431180,2020-07-16 03:46:11,emurgo+fourth_entry_781m,2,2,79644852,7,7
a1d74377620c9450e07b92ac91ec18303f0b2d1373191d2b2d99cddfe0ff3824,208,4493356,2020-07-30 13:33:31,emurgo+fourth_entry_781m,2,2,10178000000,9,9
e04ee211d3c22f660a0ad6465e91fbd2fce23c9fb08017d6607639fe00943ef3,208,4496091,2020-07-31 04:52:31,emurgo+fourth_entry_781m,2,2,3578416000,7,7
fbb8befba21675b4fb00f2a10748245386a923c7941d2ad06698267d72713bea,208,4496094,2020-07-31 04:53:31,emurgo+fourth_entry_781m,2,2,3578416000,8,8
65b4d5c9ec9ae48ac63fcb2f52209d869c1fbd7ac5cce29fba15221778b3cafa,208,4497052,2020-07-31 10:12:51,emurgo+fourth_entry_781m,2,2,8656000002,8,8
cadb714b8fa9e615e876c14cfbc5eb36ac962e1d144b8b919b4f507f9ebf02a3,208,4499162,2020-07-31 21:56:11,emurgo+fourth_entry_781m,2,2,4382000000,9,9
dc62732d3c861395d9f24ea28d71f9ed42efa2471eaf4db439ee488af46e6975,208,4501528,2020-08-01 11:04:51,emurgo+fourth_entry_781m,2,2,4749764000,8,8
13306033d2dc375fe0dc41deb93ba03e4770947b89c9e96c81aaebae24a36b0e,208,4501545,2020-08-01 11:10:31,emurgo+fourth_entry_781m,2,2,3665442520,9,9
f2bf1318db2bb961ce9b155fea547a74a1054e61a18cbae44521e763c3776289,209,4530374,2020-08-08 03:37:11,emurgo+fourth_entry_781m,2,2,169928684346,8,8
d582766c7cdcbf13acd20aeb088b8b262c466c7bfcfe8b87932e4878659f1112,210,4541654,2020-08-10 18:19:11,emurgo+fourth_entry_781m,2,2,1028838646,9,9
36620a5c5d1ff162ec1dda1cd5753a98b389a1de325c2e78679407215e5c253b,210,4541851,2020-08-10 19:24:51,emurgo+fourth_entry_781m,2,2,18000000,9,9
eaa0e3c0738557e554f24d656b5fb23114bc9df784442a80750a502e5ee92151,211,4556466,2020-08-14 05:02:10,emurgo+fourth_entry_781m,2,2,2000000,9,9
c25259ef5b3c9accdd9633e6c0b7fc309881a83dc60c0e98dc5a2e4195df5df0,213,4610083,2020-08-26 18:49:43,emurgo+fourth_entry_781m,2,2,19999033082,8,8
492e42a867816f2a5f0275a7c11f253a21c330b783646ef4c75fdc5c443f3f76,215,4643772,2020-09-03 14:59:59,emurgo+fourth_entry_781m,2,2,31218000000,8,8
743e91559330b9b8bb91f5563e386e5f751002cc4edbf5476ebd767869c5e936,218,4713742,2020-09-20 06:03:16,emurgo+fourth_entry_781m,2,2,8655654128,9,9
f72428b91e129461608b8c7559ee25c868ebdab4c30323ee8eed94f0c9f7bbc7,219,4726593,2020-09-23 08:38:23,emurgo+fourth_entry_781m,2,2,4998000000,9,9
b2d87e4c8ae1b5e89e08c77f859cd8da338ca81a26879b6edb6d67362de3ddb6,221,4788214,2020-10-07 15:45:10,emurgo+fourth_entry_781m,2,2,3000000000000,8,8
9b45b0a753f6d0aca35edc890259cbc99d1f3eacaf6c777213aef560d2a38149,221,4788292,2020-10-07 16:13:07,emurgo+fourth_entry_781m,2,2,200000000,9,9
12dda947b4acff2c7cb70bd3b7d74f0445560f8f5d9e9028701e2035d4324e02,222,4793008,2020-10-08 18:33:00,emurgo+fourth_entry_781m,2,2,2400607210,7,7
97f7cb9a68a573a25d36bb31deeedd7be603b6b7a427674e72a18e0f1f140e7f,222,4793271,2020-10-08 20:00:24,emurgo+fourth_entry_781m,2,2,3868000000,8,8
c529b1206f34944c5e5d2415ce1b13245d0ebabae2db0ffe37b11a3614776db7,222,4793359,2020-10-08 20:29:17,emurgo+fourth_entry_781m,2,2,38065626758,9,9
60b15e013d334b0e7a2c4d6735eb44cb260be8479b81521fadabecb33db25213,229,4950339,2020-11-14 16:17:36,emurgo+fourth_entry_781m,2,2,6109276680,9,9
5cc1fe4ca3d8a000b1d8742c6c79fb521bb051c715bcf34270c319a44b8b536f,232,5021329,2020-12-01 10:57:12,emurgo+fourth_entry_781m,2,2,108170647986,8,8
e2e188d6646cad461883d053f73bc0420df55cdb25daa7d159483220ec7889d9,232,5021330,2020-12-01 10:57:21,emurgo+fourth_entry_781m,2,2,3107966000000,9,9
e2f82b38cdc63a508bf07656a8cd061058cea9b5467625efe731896ee6b00caa,238,5143185,2020-12-30 06:06:36,emurgo+fourth_entry_781m,2,2,2999799654918,9,9
8dc2baf204fa300644587d7c0de794d4f082b3dc1bdd6194985ff56c0f0a0f02,240,5173582,2021-01-06 10:11:39,emurgo+fourth_entry_781m,2,2,2140423800,9,9
256401ae7f5999afe9314f2caacee9ad2db936e7660dcd1cc9f362c98522c258,240,5180303,2021-01-07 23:39:38,emurgo+fourth_entry_781m,2,2,26896,8,8
abebf24d9d327cb01c198d0d712e70c9539d924bd23089be23ff37108dc6f3eb,240,5180365,2021-01-08 00:00:28,emurgo+fourth_entry_781m,2,2,5112986892,9,9
4a011ef2be9948bf3f893f6545422222cc30f254dbf0c7678a2e4ccd90303ebd,241,5194383,2021-01-11 06:49:08,emurgo+fourth_entry_781m,2,2,5998000000,9,9
de9564c0ced9c8d51c9a6e401f7de95ca843ffe2ab6fe7d33339502468403ed2,241,5194409,2021-01-11 06:58:50,emurgo+fourth_entry_781m,2,44,99809963780,9,9
a8455186082d009519b831abd02efe3084c55a62f212e3287e3a5a9b81d45e47,245,5295161,2021-02-03 18:08:26,emurgo+fourth_entry_781m,2,2,2000000000000,8,8
43f92ab5640dcf3f155553985ca29914ddc114035c4a2db2c22496f7c44456ce,245,5296194,2021-02-03 23:55:58,emurgo+fourth_entry_781m,2,2,1999799651662,9,9
b8bc7e744d10cc3615a7904eaf22654fa7ad73a278aeaae821cb31d8f076f37e,248,5352880,2021-02-17 05:40:47,emurgo+fourth_entry_781m,2,2,425599305260,8,8
cc212027441cb0793e3c8f616eeaf6c6706dd7d9ef51246d9466fd87ab448ea6,248,5356475,2021-02-18 01:56:16,emurgo+fourth_entry_781m,2,2,4258734998,8,8
f9cf12738f5eaed08516948f14d544f36e71d1b1e6f7200c88fbb8074c9d7696,248,5360812,2021-02-19 02:07:04,emurgo+fourth_entry_781m,2,2,425588964754,9,9
328adeb7459c93f1b7a895669aaf2aaa6307b95f5ae525538f338a65aec5371b,248,5362999,2021-02-19 14:16:02,emurgo+fourth_entry_781m,2,2,6000000,7,7
4e3a6e4c102eb604b82ecf672fa2c384799f6192eaa7206b48c96a923826544f,249,5369450,2021-02-21 02:21:50,emurgo+fourth_entry_781m,2,2,6557614704,8,8
c878d1224b34afc267a63998ff1167a68e83864bb6bd983a6b9e51683be63027,249,5370204,2021-02-21 06:39:51,emurgo+fourth_entry_781m,2,2,3011594967776,8,8
e2953a636bc9d58c9050cf5d6af0a6659068818df5edbb9b887bd6ece886c112,249,5373835,2021-02-22 03:22:53,emurgo+fourth_entry_781m,2,2,1000000000000,9,9
7d1251ed9e231659de927276464a9ea82f23e99e0477034931e1539a995093b7,249,5377922,2021-02-23 01:56:20,emurgo+fourth_entry_781m,2,2,1200000000,9,9
01b98a139b9c1760a80ce34f704b904199e3d78e07e91ddcc1a7c4a8ee70a337,250,5389012,2021-02-25 16:03:34,emurgo+fourth_entry_781m,2,2,200000000,9,9
0ab26ed3998162b8bfcadd1de5d7ca561e63b4f3b91c0ff296a438229851fd5a,250,5395970,2021-02-27 08:02:15,emurgo+fourth_entry_781m,2,2,10000000,9,9
7bae1965931ee845d3d534eedc8cd290793ca45316b57d7852ac4eb4e544b681,270,5814142,2021-06-06 02:51:53,emurgo+fourth_entry_781m,2,2,79200000,8,8
da58094476b2b5bfa52f9b24fb28f850321ecd96db062a8ee866b96350983747,276,5958017,2021-07-09 16:46:29,emurgo+fourth_entry_781m,2,2,28530660000,8,8
3e05c103119094a2c3e6e2568d41dceb53edce0b074bb033618a0b1ee40b6e25,280,6034936,2021-07-27 17:49:24,emurgo+fourth_entry_781m,2,2,65664000000,9,9
64ec1c8ebeee1fe45e8d09ebd1d3617da8ed9a2e5ec61da984008e7ac0a8d843,284,6122689,2021-08-17 05:13:36,emurgo+fourth_entry_781m,2,2,26673400084,8,8
8b53f8045ae9536635a03c39bdf5805dafc529510592f08bc966c668e9482afd,286,6151351,2021-08-23 22:59:38,emurgo+fourth_entry_781m,2,18,273721685140,8,9
5a4028a226fc9ecb82f173db5d7937246438a198d7a6906a0e5d9cc399bf949f,286,6151549,2021-08-24 00:05:18,emurgo+fourth_entry_781m,2,2,140000000000,9,9
841b039a736b706eda0c74d4618dc917da8a76811bf19b06d17a41ebf8466b7a,287,6190323,2021-09-02 02:04:42,emurgo+fourth_entry_781m,2,2,201499716040,9,9
eb4f70d7f9e59a4930769cba4cdd8d2e8ff8bfe3530c8a073c276a06381499a3,297,6390112,2021-10-19 08:10:49,emurgo+fourth_entry_781m,2,2,2011594619086,9,9
7b47903b0c395ab60eb39f7575e7b92ce5887e00aacede1b3227c9a1ae906cd7,305,6568551,2021-11-30 18:18:11,emurgo+fourth_entry_781m,2,2,5357252700,9,9
81d40a5a7a386178f9f1f449a18640bddfc01265d151f295106e17a436cff451,341,7300361,2022-05-27 19:26:18,emurgo+fourth_entry_781m,2,2,19998670224,9,9
4658b40df8cf4f27ad27d0d7d0659692c7fd4ef3439e03f0498b41d61152d955,341,7300402,2022-05-27 19:38:52,emurgo+fourth_entry_781m,2,2,942000000,9,9
7e09a2a11f36c8de0d374bef1d8e225eabbb5fe0b2658c05b4495b8d084f2db7,402,8584211,2023-03-30 17:47:10,emurgo+fourth_entry_781m,2,2,18730000000,7,7
4a55d48835e0a818097a9d4bcbbb6df07b998aa331d0d8d765c9ee2a44384904,402,8584272,2023-03-30 18:03:48,emurgo+fourth_entry_781m,2,2,76000000000,8,8
8a51cc790eb8a4e805d64051a9abec028ee6425fd69b4de37368edb2f5ab1e7d,402,8585062,2023-03-30 22:27:47,emurgo+fourth_entry_781m,2,2,1953287044,8,8
ae843fbe7de623787d07e9bd3108799dfc905dd8e60203a9bf78f0ac1ba10bed,402,8585426,2023-03-31 00:14:24,emurgo+fourth_entry_781m,2,2,76998000000,9,9
82f29bab0c9be5e2758ff669e425e8d32c440e2f4d79cf87d5041759729c4f64,402,8585438,2023-03-31 00:17:35,emurgo+fourth_entry_781m,2,2,1952000000,9,9
ba82dbbe35b17b1fe2822211086bc3a30f82c16bc96a8f80a0695c346747aa26,403,8593722,2023-04-01 23:46:36,emurgo+fourth_entry_781m,2,2,31217661870,9,9
