address,stake_address,address_has_script,distinct_tracers_ever,distinct_tracers_now,output_rows,first_seen,last_seen,current_assets
addr1qypnx898pc36t9y4w6j9fdvwnp858ryesue9dksxmrjlynslg9t03g5wgq84f6hvtyz3dkv2ce8u9w7yh6ft5lxtg75qwy9qc0,stake1uy05z4hc528yqr65atk9jpgkmx9vvn7zh0ztay460n9502qa0s3zz,f,100,100,100,2026-06-24 07:44:06,2026-06-24 07:44:06,TRACER05718F936A0FFCC100;TRACER05718F936A0FFCC101;TRACER05718F936A0FFCC102;TRACER05718F936A0FFCC103;TRACER05718F936A0FFCC104;TRACER05718F936A0FFCC105;TRACER05718F936A0FFCC106;TRACER05718F936A0FFCC107;TRACER05718F936A0FFCC108;TRACER05718F936A0FFCC109;TRACER05718F936A0FFCC10A;TRACER05718F936A0FFCC10B;TRACER05718F936A0FFCC10C;TRACER05718F936A0FFCC10D;TRACER05718F936A0FFCC10E;TRACER05718F936A0FFCC10F;TRACER05718F936A0FFCC110;TRACER05718F936A0FFCC111;TRACER05718F936A0FFCC112;TRACER05718F936A0FFCC113;TRACER05718F936A0FFCC114;TRACER05718F936A0FFCC115;TRACER05718F936A0FFCC116;TRACER05718F936A0FFCC117;TRACER05718F936A0FFCC118;TRACER05718F936A0FFCC119;TRACER05718F936A0FFCC11A;TRACER05718F936A0FFCC11B;TRACER05718F936A0FFCC11C;TRACER05718F936A0FFCC11D;TRACER05718F936A0FFCC11E;TRACER05718F936A0FFCC11F;TRACER05718F936A0FFCC120;TRACER05718F936A0FFCC121;TRACER05718F936A0FFCC122;TRACER05718F936A0FFCC123;TRACER05718F936A0FFCC124;TRACER05718F936A0FFCC125;TRACER05718F936A0FFCC126;TRACER05718F936A0FFCC127;TRACER05718F936A0FFCC128;TRACER05718F936A0FFCC129;TRACER05718F936A0FFCC12A;TRACER05718F936A0FFCC12B;TRACER05718F936A0FFCC12C;TRACER05718F936A0FFCC12D;TRACER05718F936A0FFCC12E;TRACER05718F936A0FFCC12F;TRACER05718F936A0FFCC130;TRACER05718F936A0FFCC131;TRACERCFEE989784A584B600;TRACERCFEE989784A584B601;TRACERCFEE989784A584B602;TRACERCFEE989784A584B603;TRACERCFEE989784A584B604;TRACERCFEE989784A584B605;TRACERCFEE989784A584B606;TRACERCFEE989784A584B607;TRACERCFEE989784A584B608;TRACERCFEE989784A584B609;TRACERCFEE989784A584B60A;TRACERCFEE989784A584B60B;TRACERCFEE989784A584B60C;TRACERCFEE989784A584B60D;TRACERCFEE989784A584B60E;TRACERCFEE989784A584B60F;TRACERCFEE989784A584B610;TRACERCFEE989784A584B611;TRACERCFEE989784A584B612;TRACERCFEE989784A584B613;TRACERCFEE989784A584B614;TRACERCFEE989784A584B615;TRACERCFEE989784A584B616;TRACERCFEE989784A584B617;TRACERCFEE989784A584B618;TRACERCFEE989784A584B619;TRACERCFEE989784A584B61A;TRACERCFEE989784A584B61B;TRACERCFEE989784A584B61C;TRACERCFEE989784A584B61D;TRACERCFEE989784A584B61E;TRACERCFEE989784A584B61F;TRACERCFEE989784A584B620;TRACERCFEE989784A584B621;TRACERCFEE989784A584B622;TRACERCFEE989784A584B623;TRACERCFEE989784A584B624;TRACERCFEE989784A584B625;TRACERCFEE989784A584B626;TRACERCFEE989784A584B627;TRACERCFEE989784A584B628;TRACERCFEE989784A584B629;TRACERCFEE989784A584B62A;TRACERCFEE989784A584B62B;TRACERCFEE989784A584B62C;TRACERCFEE989784A584B62D;TRACERCFEE989784A584B62E;TRACERCFEE989784A584B62F;TRACERCFEE989784A584B630;TRACERCFEE989784A584B631
addr1q8d82sgwpxx7fkv0473dlq0jptggye7dmqlwghy9wfph28elsu8nckfycr3jfyppwdfc4p29lymhpkwxhwwlqrqn08ks95djtg,stake1uylcwreutyjvpceyjqshx5u2s4zljdmsm8rth80spsfhnmgtcyc78,f,60,55,345,2026-06-16 14:24:17,2026-06-19 09:49:40,TRACER5BE015F8D35B1D8D03;TRACER5BE015F8D35B1D8D04;TRACER5BE015F8D35B1D8D05;TRACER5BE015F8D35B1D8D06;TRACER5BE015F8D35B1D8D07;TRACER5BE015F8D35B1D8D08;TRACER5BE015F8D35B1D8D0A;TRACER5BE015F8D35B1D8D0B;TRACER5BE015F8D35B1D8D0C;TRACER5BE015F8D35B1D8D0D;TRACER5BE015F8D35B1D8D0E;TRACER5BE015F8D35B1D8D0F;TRACER5BE015F8D35B1D8D10;TRACER5BE015F8D35B1D8D11;TRACER5BE015F8D35B1D8D12;TRACER5BE015F8D35B1D8D13;TRACER5BE015F8D35B1D8D14;TRACER5BE015F8D35B1D8D15;TRACER5BE015F8D35B1D8D16;TRACER5BE015F8D35B1D8D17;TRACER5BE015F8D35B1D8D18;TRACER5BE015F8D35B1D8D19;TRACER5BE015F8D35B1D8D1A;TRACER5BE015F8D35B1D8D1B;TRACER5BE015F8D35B1D8D1C;TRACER5BE015F8D35B1D8D1D;TRACER5BE015F8D35B1D8D1E;TRACER5BE015F8D35B1D8D1F;TRACER5BE015F8D35B1D8D20;TRACER5BE015F8D35B1D8D21;TRACER5BE015F8D35B1D8D22;TRACER5BE015F8D35B1D8D23;TRACER5BE015F8D35B1D8D24;TRACER5BE015F8D35B1D8D25;TRACER5BE015F8D35B1D8D26;TRACER5BE015F8D35B1D8D27;TRACER5BE015F8D35B1D8D28;TRACER5BE015F8D35B1D8D29;TRACER5BE015F8D35B1D8D2A;TRACER5BE015F8D35B1D8D2B;TRACER5BE015F8D35B1D8D2C;TRACER5BE015F8D35B1D8D2D;TRACER5BE015F8D35B1D8D2E;TRACER5BE015F8D35B1D8D2F;TRACER5BE015F8D35B1D8D30;TRACER5BE015F8D35B1D8D31;TRACERAF2E0C13BEDC990700;TRACERAF2E0C13BEDC990701;TRACERAF2E0C13BEDC990702;TRACERAF2E0C13BEDC990703;TRACERAF2E0C13BEDC990704;TRACERAF2E0C13BEDC990705;TRACERAF2E0C13BEDC990706;TRACERAF2E0C13BEDC990707;TRACERAF2E0C13BEDC990708
addr1qy0zntmp02mfp0ps3jkp92qkvljl34xht8a3g7w83tjztmlvmg5yqsh72qmmhqrm9u3dufvrknl55a0ugmtrrc9hpx2s6fag3u,stake1u8kd52zqgtl9qdamspaj7gk7ykpmfl62wh7yd433uzmsn9gatur26,f,50,49,99,2026-06-16 14:24:17,2026-06-24 05:28:04,TRACER6985F8D915C2C77300;TRACER6985F8D915C2C77301;TRACER6985F8D915C2C77302;TRACER6985F8D915C2C77303;TRACER6985F8D915C2C77305;TRACER6985F8D915C2C77306;TRACER6985F8D915C2C77307;TRACER6985F8D915C2C77308;TRACER6985F8D915C2C77309;TRACER6985F8D915C2C7730A;TRACER6985F8D915C2C7730B;TRACER6985F8D915C2C7730C;TRACER6985F8D915C2C7730D;TRACER6985F8D915C2C7730E;TRACER6985F8D915C2C7730F;TRACER6985F8D915C2C77310;TRACER6985F8D915C2C77311;TRACER6985F8D915C2C77312;TRACER6985F8D915C2C77313;TRACER6985F8D915C2C77314;TRACER6985F8D915C2C77315;TRACER6985F8D915C2C77316;TRACER6985F8D915C2C77317;TRACER6985F8D915C2C77318;TRACER6985F8D915C2C77319;TRACER6985F8D915C2C7731A;TRACER6985F8D915C2C7731B;TRACER6985F8D915C2C7731C;TRACER6985F8D915C2C7731D;TRACER6985F8D915C2C7731E;TRACER6985F8D915C2C7731F;TRACER6985F8D915C2C77320;TRACER6985F8D915C2C77321;TRACER6985F8D915C2C77322;TRACER6985F8D915C2C77323;TRACER6985F8D915C2C77324;TRACER6985F8D915C2C77325;TRACER6985F8D915C2C77326;TRACER6985F8D915C2C77327;TRACER6985F8D915C2C77328;TRACER6985F8D915C2C77329;TRACER6985F8D915C2C7732A;TRACER6985F8D915C2C7732B;TRACER6985F8D915C2C7732C;TRACER6985F8D915C2C7732D;TRACER6985F8D915C2C7732E;TRACER6985F8D915C2C7732F;TRACER6985F8D915C2C77330;TRACER6985F8D915C2C77331
addr1qyx2yu5gjs9wx75mzmkcqhkg8jutdwgpmavadjue7t6ljap6lupcl6nx8n3af8th9ffmc2fqztc42gfguxy7p367rxrq0u5tjj,stake1uya07qu0afnrec75n4mj55au9ysp9u24yy5wrz0qca0pnps3u72zg,f,50,49,99,2026-06-16 14:24:17,2026-06-17 19:57:11,TRACERFB5769A01367A06501;TRACERFB5769A01367A06502;TRACERFB5769A01367A06503;TRACERFB5769A01367A06504;TRACERFB5769A01367A06505;TRACERFB5769A01367A06506;TRACERFB5769A01367A06507;TRACERFB5769A01367A06508;TRACERFB5769A01367A06509;TRACERFB5769A01367A0650A;TRACERFB5769A01367A0650B;TRACERFB5769A01367A0650C;TRACERFB5769A01367A0650D;TRACERFB5769A01367A0650E;TRACERFB5769A01367A0650F;TRACERFB5769A01367A06510;TRACERFB5769A01367A06511;TRACERFB5769A01367A06512;TRACERFB5769A01367A06513;TRACERFB5769A01367A06514;TRACERFB5769A01367A06515;TRACERFB5769A01367A06516;TRACERFB5769A01367A06517;TRACERFB5769A01367A06518;TRACERFB5769A01367A06519;TRACERFB5769A01367A0651A;TRACERFB5769A01367A0651B;TRACERFB5769A01367A0651C;TRACERFB5769A01367A0651D;TRACERFB5769A01367A0651E;TRACERFB5769A01367A0651F;TRACERFB5769A01367A06520;TRACERFB5769A01367A06521;TRACERFB5769A01367A06522;TRACERFB5769A01367A06523;TRACERFB5769A01367A06524;TRACERFB5769A01367A06525;TRACERFB5769A01367A06526;TRACERFB5769A01367A06527;TRACERFB5769A01367A06528;TRACERFB5769A01367A06529;TRACERFB5769A01367A0652A;TRACERFB5769A01367A0652B;TRACERFB5769A01367A0652C;TRACERFB5769A01367A0652D;TRACERFB5769A01367A0652E;TRACERFB5769A01367A0652F;TRACERFB5769A01367A06530;TRACERFB5769A01367A06531
addr1q84k3zve6u9yvxhdx7wm0wqkj5xcfzkg4v6feus9enuzjng8sxaua7um8nqpt92etyc4rxjqs5d2f0mrsgg6tjgnmsmqaaxmzt,stake1uyrcrw7wlwdnesq4j4v4jv23nfqg2x4yha3cyyd9eyfacds7p8dwf,f,50,48,147,2026-06-21 12:44:01,2026-06-21 18:10:29,TRACERB21BD67D5EBAEAA602;TRACERB21BD67D5EBAEAA603;TRACERB21BD67D5EBAEAA604;TRACERB21BD67D5EBAEAA605;TRACERB21BD67D5EBAEAA606;TRACERB21BD67D5EBAEAA607;TRACERB21BD67D5EBAEAA608;TRACERB21BD67D5EBAEAA609;TRACERB21BD67D5EBAEAA60A;TRACERB21BD67D5EBAEAA60B;TRACERB21BD67D5EBAEAA60C;TRACERB21BD67D5EBAEAA60D;TRACERB21BD67D5EBAEAA60E;TRACERB21BD67D5EBAEAA60F;TRACERB21BD67D5EBAEAA610;TRACERB21BD67D5EBAEAA611;TRACERB21BD67D5EBAEAA612;TRACERB21BD67D5EBAEAA613;TRACERB21BD67D5EBAEAA614;TRACERB21BD67D5EBAEAA615;TRACERB21BD67D5EBAEAA616;TRACERB21BD67D5EBAEAA617;TRACERB21BD67D5EBAEAA618;TRACERB21BD67D5EBAEAA619;TRACERB21BD67D5EBAEAA61A;TRACERB21BD67D5EBAEAA61B;TRACERB21BD67D5EBAEAA61C;TRACERB21BD67D5EBAEAA61D;TRACERB21BD67D5EBAEAA61E;TRACERB21BD67D5EBAEAA61F;TRACERB21BD67D5EBAEAA620;TRACERB21BD67D5EBAEAA621;TRACERB21BD67D5EBAEAA622;TRACERB21BD67D5EBAEAA623;TRACERB21BD67D5EBAEAA624;TRACERB21BD67D5EBAEAA625;TRACERB21BD67D5EBAEAA626;TRACERB21BD67D5EBAEAA627;TRACERB21BD67D5EBAEAA628;TRACERB21BD67D5EBAEAA629;TRACERB21BD67D5EBAEAA62A;TRACERB21BD67D5EBAEAA62B;TRACERB21BD67D5EBAEAA62C;TRACERB21BD67D5EBAEAA62D;TRACERB21BD67D5EBAEAA62E;TRACERB21BD67D5EBAEAA62F;TRACERB21BD67D5EBAEAA630;TRACERB21BD67D5EBAEAA631
addr1qx8pa49v53xyj33976ayw9gqdrhp7z3amhsgf4dx8ml2d663s6qgqnpkrpw0sqfp8mpz7j7sd6z8uydgvg5q4gsraupsy6avv9,stake1u9gcdqyqfsmpsh8cqysnas30f0gxapr7zx5xy2q25gp77qcx325hp,f,50,47,194,2026-06-16 14:24:17,2026-06-17 12:07:00,TRACER76DD46AFBC03EC6303;TRACER76DD46AFBC03EC6304;TRACER76DD46AFBC03EC6305;TRACER76DD46AFBC03EC6306;TRACER76DD46AFBC03EC6307;TRACER76DD46AFBC03EC6308;TRACER76DD46AFBC03EC6309;TRACER76DD46AFBC03EC630A;TRACER76DD46AFBC03EC630B;TRACER76DD46AFBC03EC630C;TRACER76DD46AFBC03EC630D;TRACER76DD46AFBC03EC630E;TRACER76DD46AFBC03EC630F;TRACER76DD46AFBC03EC6310;TRACER76DD46AFBC03EC6311;TRACER76DD46AFBC03EC6312;TRACER76DD46AFBC03EC6313;TRACER76DD46AFBC03EC6314;TRACER76DD46AFBC03EC6315;TRACER76DD46AFBC03EC6316;TRACER76DD46AFBC03EC6317;TRACER76DD46AFBC03EC6318;TRACER76DD46AFBC03EC6319;TRACER76DD46AFBC03EC631A;TRACER76DD46AFBC03EC631B;TRACER76DD46AFBC03EC631C;TRACER76DD46AFBC03EC631D;TRACER76DD46AFBC03EC631E;TRACER76DD46AFBC03EC631F;TRACER76DD46AFBC03EC6320;TRACER76DD46AFBC03EC6321;TRACER76DD46AFBC03EC6322;TRACER76DD46AFBC03EC6323;TRACER76DD46AFBC03EC6324;TRACER76DD46AFBC03EC6325;TRACER76DD46AFBC03EC6326;TRACER76DD46AFBC03EC6327;TRACER76DD46AFBC03EC6328;TRACER76DD46AFBC03EC6329;TRACER76DD46AFBC03EC632A;TRACER76DD46AFBC03EC632B;TRACER76DD46AFBC03EC632C;TRACER76DD46AFBC03EC632D;TRACER76DD46AFBC03EC632E;TRACER76DD46AFBC03EC632F;TRACER76DD46AFBC03EC6330;TRACER76DD46AFBC03EC6331
addr1q96088a96d0vx32ws5l6dvs4sws043ufayls63msrlnvx6k2gv37eeddujrkcgw0ytzeswt5cw893xg640d9wgyemz2qqjtg0s,stake1u89yxglvukk7fpmvy88j93vc896v8rjcnyd2hkjhyzva39qmn4pv0,f,50,37,470,2026-06-17 00:18:37,2026-06-23 16:43:02,TRACER9CDCA38F1964467902;TRACER9CDCA38F1964467903;TRACER9CDCA38F1964467904;TRACER9CDCA38F1964467905;TRACER9CDCA38F1964467906;TRACER9CDCA38F1964467907;TRACER9CDCA38F1964467908;TRACER9CDCA38F1964467909;TRACER9CDCA38F196446790A;TRACER9CDCA38F196446790B;TRACER9CDCA38F196446790C;TRACER9CDCA38F196446790D;TRACER9CDCA38F196446790E;TRACER9CDCA38F196446790F;TRACER9CDCA38F1964467910;TRACER9CDCA38F1964467911;TRACER9CDCA38F1964467912;TRACER9CDCA38F1964467913;TRACER9CDCA38F1964467914;TRACER9CDCA38F1964467916;TRACER9CDCA38F1964467917;TRACER9CDCA38F1964467918;TRACER9CDCA38F1964467919;TRACER9CDCA38F196446791C;TRACER9CDCA38F1964467920;TRACER9CDCA38F1964467925;TRACER9CDCA38F1964467926;TRACER9CDCA38F1964467927;TRACER9CDCA38F1964467929;TRACER9CDCA38F196446792A;TRACER9CDCA38F196446792B;TRACER9CDCA38F196446792C;TRACER9CDCA38F196446792D;TRACER9CDCA38F196446792E;TRACER9CDCA38F196446792F;TRACER9CDCA38F1964467930;TRACER9CDCA38F1964467931
addr1vxytw7xz99svpv8w5lk2r9j9mxe8p82m2v3qaj0xgalj4ds2jsgq5,"",f,30,30,30,2026-06-16 22:57:12,2026-06-25 03:31:09,TRACER5BE015F8D35B1D8D00;TRACER5BE015F8D35B1D8D01;TRACER5BE015F8D35B1D8D02;TRACER5BE015F8D35B1D8D09;TRACER77BBD31E526DE36C00;TRACER77BBD31E526DE36C01;TRACER77BBD31E526DE36C02;TRACER77BBD31E526DE36C03;TRACER77BBD31E526DE36C04;TRACER77BBD31E526DE36C05;TRACER77BBD31E526DE36C06;TRACER77BBD31E526DE36C07;TRACER77BBD31E526DE36C08;TRACER77BBD31E526DE36C09;TRACER77BBD31E526DE36C0A;TRACER77BBD31E526DE36C0B;TRACER77BBD31E526DE36C0C;TRACER77BBD31E526DE36C0D;TRACER77BBD31E526DE36C0E;TRACER77BBD31E526DE36C10;TRACER77BBD31E526DE36C14;TRACER77BBD31E526DE36C17;TRACER77BBD31E526DE36C18;TRACER8799DBE9E380666701;TRACER9CDCA38F196446791D;TRACER9CDCA38F196446791F;TRACERA8D5B71CE1C81A4300;TRACERAF2E0C13BEDC990709;TRACERB21BD67D5EBAEAA600;TRACERFB5769A01367A06500
addr1qxaekqzrkulp4x7nw9yyllevknt87rjatrjx66z3ra9qt7wm3sfr0g4nq0w935yavp64879c0vvxxmfe2vkxj6rgy2dq03ehn0,stake1u8dccy3h52es8hzc6zwkqa2nlzu8kxrrd5u4xtrfdp5z9xssc2hrc,f,20,19,29,2026-06-16 16:52:11,2026-06-16 16:55:17,TRACER2AD425498F30D8AF00;TRACER2AD425498F30D8AF01;TRACER2AD425498F30D8AF02;TRACER2AD425498F30D8AF03;TRACER2AD425498F30D8AF04;TRACER2AD425498F30D8AF05;TRACER2AD425498F30D8AF06;TRACER2AD425498F30D8AF07;TRACER2AD425498F30D8AF08;TRACER2AD425498F30D8AF09;TRACER2AFBC806FF57F39C01;TRACER2AFBC806FF57F39C02;TRACER2AFBC806FF57F39C03;TRACER2AFBC806FF57F39C04;TRACER2AFBC806FF57F39C05;TRACER2AFBC806FF57F39C06;TRACER2AFBC806FF57F39C07;TRACER2AFBC806FF57F39C08;TRACER2AFBC806FF57F39C09
addr1qyjdqfx23y3kjkq8rk9zq96ppuz52g450e3hehu043a9qm6p5wrcyyunkmgqzlmscy5ges34vt79lxdte8uzx2hdrmksc8l6wu,stake1u9q68puzzwfmd5qp0acvz2yvcg6k9lzlnx4un7pr9tk3amge84tj7,f,327,15,352,2026-06-16 14:07:02,2026-06-18 15:02:43,TRACER69D9FED14614BFF402;TRACER69D9FED14614BFF403;TRACER69D9FED14614BFF404;TRACER69D9FED14614BFF405;TRACER69D9FED14614BFF406;TRACER69D9FED14614BFF407;TRACER69D9FED14614BFF408;TRACER69D9FED14614BFF409;TRACERA8D5B71CE1C81A4301;TRACERA8D5B71CE1C81A4302;TRACERA8D5B71CE1C81A4303;TRACERA8D5B71CE1C81A4304;TRACERA8D5B71CE1C81A4306;TRACERA8D5B71CE1C81A4307;TRACERA8D5B71CE1C81A4308
addr1qxdfqunt6cjd03485aqpma6e065kvf2vuxznfu6ex0kjnclrzr27g03klu862usxqsru794d03gzkk8n86ta34n85z0s704vzm,stake1u833p40y8cm07ra9wgrqgp70z6khc5pttrena97c6en6p8c7pzxda,f,15,15,41,2026-06-19 06:51:31,2026-06-24 02:01:04,TRACER2AFBC806FF57F39C00;TRACER69D9FED14614BFF400;TRACER69D9FED14614BFF401;TRACER76DD46AFBC03EC6301;TRACER8799DBE9E380666700;TRACER9CDCA38F1964467900;TRACER9CDCA38F1964467901;TRACER9CDCA38F196446791A;TRACER9CDCA38F196446791B;TRACERA8D5B71CE1C81A4305;TRACERB21BD67D5EBAEAA601;TRACERFD4CA0E9123A8CC900;TRACERFD4CA0E9123A8CC901;TRACERFD4CA0E9123A8CC902;TRACERFD4CA0E9123A8CC904
addr1qydgqet5vp7uqn67fpdr7xuyyrqwyldg446yhtjvqj2fs9tm73x0se73z3dkdjzmxyas7tz7anwngea36hdwslxrfkjqfsm9kn,stake1u9algn8cvlg3gkmxepdnzwc0930wehf5v7catkhg0np5mfqwcaxfw,f,10,10,10,2026-06-16 15:06:48,2026-06-16 15:06:48,TRACERF415E0F1CBC0C35300;TRACERF415E0F1CBC0C35301;TRACERF415E0F1CBC0C35302;TRACERF415E0F1CBC0C35303;TRACERF415E0F1CBC0C35304;TRACERF415E0F1CBC0C35305;TRACERF415E0F1CBC0C35306;TRACERF415E0F1CBC0C35307;TRACERF415E0F1CBC0C35308;TRACERF415E0F1CBC0C35309
addr1qx7h6lmp3824q2ylny6ygxly2gdzpj96vsz5n33sx2lh0kwargd5j2sfcqlrpj8dv5uc2fhw953kk6k809luvxpmpx7q7lrl76,stake1u8w35x6f9gyuq03serkk2wv9ymhz6gmtdtrhjl7xrqasn0q2wn92q,f,10,8,347,2026-06-18 10:40:00,2026-07-02 23:09:47,TRACER8799DBE9E380666702;TRACER8799DBE9E380666703;TRACER8799DBE9E380666704;TRACER8799DBE9E380666705;TRACER8799DBE9E380666706;TRACER8799DBE9E380666707;TRACER8799DBE9E380666708;TRACER8799DBE9E380666709
addr1q9usme3u9uejtyzelnuul4qsdjeg2l836kj4cyn834kf28fegly8ust2qyn8350vc2ch7l8c374usmtupsw5e86xezgs53xjmh,stake1uyu50jr7g94qzfnc68kv9vtl0nugl27gd47qc82vnarv3ygwudgx9,f,25,6,287,2026-06-18 13:44:22,2026-06-24 14:41:36,TRACER77BBD31E526DE36C0F;TRACER77BBD31E526DE36C11;TRACER77BBD31E526DE36C12;TRACER77BBD31E526DE36C13;TRACER77BBD31E526DE36C15;TRACER77BBD31E526DE36C16
addr1q95a8n97hy6cszzavnnsck6qu6ljujlgh6l2cgxkvwwptluz886v0qt2dnnu5wkkw8v3rf2f2vvtcle9m9zsjtjx0xxqhdfnwh,stake1uxprnax8s94xee728tt8rkg354y4xx9u0ujaj3gf9er8nrq3553tk,f,10,3,52,2026-06-16 19:15:05,2026-06-20 17:25:51,TRACERFD4CA0E9123A8CC907;TRACERFD4CA0E9123A8CC908;TRACERFD4CA0E9123A8CC909
DdzFFzCqrht44eAzUcfiLz8eLSMRscwXNDQd1YPsGsGPesuGx29pVUZUe2F7G8wtUjrCoB14m5pGBCbABUoLKrvjEsaCetomtb4BSnnM,"",f,3,3,3,2026-06-17 02:52:03,2026-06-18 10:22:28,TRACER9CDCA38F1964467922;TRACER9CDCA38F1964467924;TRACER9CDCA38F1964467928
addr1vygguq8sqkgpc22qyq86u3jpsh3nfxgg0fvmgldmwnwlxesadydhx,"",f,3,3,3,2026-06-17 10:51:25,2026-06-20 17:25:51,TRACERFD4CA0E9123A8CC903;TRACERFD4CA0E9123A8CC905;TRACERFD4CA0E9123A8CC906
addr1v8yq8tt8d024nn03hamg2d35zsn4u5nsaqkfzx2n37j8cccfy5gxs,"",f,2,2,2,2026-06-17 00:34:44,2026-06-17 00:56:00,TRACER9CDCA38F1964467915;TRACER9CDCA38F196446791E
addr1v823qrsz6dxjws29cxve54g983euufpskwe4q3uez63y8xc9w38nz,"",f,1,1,1,2026-06-17 02:13:46,2026-06-17 02:13:46,TRACER9CDCA38F1964467921
addr1vygh5z0yneazanzp0pjvyzpmh64mq3s8fy6ys7jx6lqh9kqupgerq,"",f,1,1,1,2026-06-17 12:02:33,2026-06-17 12:02:33,TRACER76DD46AFBC03EC6300
addr1q9wc60k22v449a8jncj5zlr6e0nc5pdmnu27jj6e8rrwwr6ppf8fx8p70q563f62trr9dx65lzmpnewwztvcshfht3zq6ca6tx,stake1u9qs5n5nrsl8s2dg5a9933jknd203dseuh8p9kvgt5m4c3qu6klf6,f,1,1,1,2026-06-17 12:07:00,2026-06-17 12:07:00,TRACER76DD46AFBC03EC6302
addr1v8ce8ny4d8vrr2zltlarqvzyeydfkp8905p4wgrykgw6ypsumvxtr,"",f,1,1,1,2026-06-17 17:34:13,2026-06-17 17:34:13,TRACERA8D5B71CE1C81A4309
addr1q9lxym523pnns50dyymdv3n8vktyc0nkedr54c8d2prgxsumfyd8qtrg9yr4lqadjtczu6y94rtevjua36rv75v0qsnstezggc,stake1uxd5jxns935zjp6lswke9upwdzz634ukfwwcapk02x8sgfcas4spp,f,1,1,33,2026-06-18 02:00:39,2026-07-01 12:44:24,TRACER9CDCA38F1964467923
addr1v852389nj4fsr4z2wj460mpzj8tp0fdhfsm7f75uyvysuqqahxyck,"",f,1,1,1,2026-06-24 05:28:04,2026-06-24 05:28:04,TRACER6985F8D915C2C77304
addr1q86l8xrtca38psy3wseqrdd73cja2n9f86rjnrgfd67gx66xcn477nfjjwn7ql9en0alqsrc58w4rzw0l9tmxc2ka33s4cdnyv,stake1u9rvf6l0f5ef8flq0jueh7lsgpu2rh23388lj4anv9twccca2h37j,f,100,0,100,2026-06-16 14:24:17,2026-06-16 14:24:17,
addr1qy2t70a4aqyvqds0jr5020ys0qunfedy05926jsf6d7zex5hkraz7t6y979ss7ymw3yyzc32wzwqczgt73d3jp6raffqzy54cq,stake1uxtmp7309azzlzcg0zdhgjzpvg48p8qvpy9lgkceqap755s0jy045,f,10,0,34,2026-06-17 11:45:06,2026-06-17 17:34:13,
addr1q9zqqdlayta28zmj7cyz2dr6k8tcg4tpv0ckpz8g0q4gfhhrzr27g03klu862usxqsru794d03gzkk8n86ta34n85z0s2lvxqw,stake1u833p40y8cm07ra9wgrqgp70z6khc5pttrena97c6en6p8c7pzxda,f,2,0,2,2026-06-16 19:19:24,2026-06-17 10:52:54,
addr1vyfpe2qrel4n6qns3enqusjs62gsh6wdwhruaw9h36hy8rq927fll,"",f,2,0,2,2026-06-16 20:09:02,2026-06-19 09:49:40,
addr1v876552es5pa4e4uz87l37stwxrd6jtpxg2k0gq97mmexgcnsphfu,"",f,2,0,2,2026-06-16 20:12:57,2026-06-19 09:48:55,
addr1qywjjv3r2x225r4za8nkyv7q9aqdh7nzaqlfsf5v0nm7suhrzr27g03klu862usxqsru794d03gzkk8n86ta34n85z0sz3sw9j,stake1u833p40y8cm07ra9wgrqgp70z6khc5pttrena97c6en6p8c7pzxda,f,1,0,1,2026-06-16 14:33:17,2026-06-16 14:33:17,
addr1qxg4rsphy0463zzdmcgujvp6fhr90xg8yuppyl2mjrzgnahrzr27g03klu862usxqsru794d03gzkk8n86ta34n85z0sj9kcyg,stake1u833p40y8cm07ra9wgrqgp70z6khc5pttrena97c6en6p8c7pzxda,f,1,0,1,2026-06-16 15:39:48,2026-06-16 15:39:48,
addr1q9pxl0jev522urjn7fr2cn4fgkszpsn7un2xe9cxaqh3n8lrzr27g03klu862usxqsru794d03gzkk8n86ta34n85z0s00347d,stake1u833p40y8cm07ra9wgrqgp70z6khc5pttrena97c6en6p8c7pzxda,f,1,0,1,2026-06-16 16:55:17,2026-06-16 16:55:17,
addr1qx02p99wck3mzrxyl9w75fjurr90huye0ek8vr6spvwpw7lrzr27g03klu862usxqsru794d03gzkk8n86ta34n85z0s7yz7qm,stake1u833p40y8cm07ra9wgrqgp70z6khc5pttrena97c6en6p8c7pzxda,f,1,0,1,2026-06-16 19:20:40,2026-06-16 19:20:40,
addr1qx67qzxxmyrgalnglhsuqy87kjengvtf3jjgc3nedqrvsfhrzr27g03klu862usxqsru794d03gzkk8n86ta34n85z0ssl738k,stake1u833p40y8cm07ra9wgrqgp70z6khc5pttrena97c6en6p8c7pzxda,f,1,0,1,2026-06-16 19:21:32,2026-06-16 19:21:32,
addr1q9w7plj69ufdhnxapsd2ymw32knqwl3tgtce54lew7lk06lrzr27g03klu862usxqsru794d03gzkk8n86ta34n85z0sep0qa0,stake1u833p40y8cm07ra9wgrqgp70z6khc5pttrena97c6en6p8c7pzxda,f,1,0,1,2026-06-17 00:22:05,2026-06-17 00:22:05,
addr1q9f3myhaullmyczgckhq4j29wvqdn2suftf6xwwywrgjevhrzr27g03klu862usxqsru794d03gzkk8n86ta34n85z0s0n03yc,stake1u833p40y8cm07ra9wgrqgp70z6khc5pttrena97c6en6p8c7pzxda,f,1,0,1,2026-06-17 00:47:58,2026-06-17 00:47:58,
addr1q8mz539tumjz9xkaev4s2n064w7n4kl4pq03k8vr2s4ge98rzr27g03klu862usxqsru794d03gzkk8n86ta34n85z0segsrmp,stake1u833p40y8cm07ra9wgrqgp70z6khc5pttrena97c6en6p8c7pzxda,f,1,0,1,2026-06-17 00:49:15,2026-06-17 00:49:15,
addr1q8u5k8ch6k8r8ru5gxxlg75rrm9waupx362cnq0dp0nackhrzr27g03klu862usxqsru794d03gzkk8n86ta34n85z0s37fl60,stake1u833p40y8cm07ra9wgrqgp70z6khc5pttrena97c6en6p8c7pzxda,f,1,0,1,2026-06-17 00:54:24,2026-06-17 00:54:24,
addr1vxs8fe0uhjar9hr8g7h3l6hgt7utng7e58280pnnrpp28gc0jryua,"",f,1,0,1,2026-06-17 02:08:30,2026-06-17 02:08:30,
addr1v9juh8xdjt9q39q3aeavwrq892664me5a37aea4ee8f29nqxhqhs4,"",f,1,0,1,2026-06-17 02:09:08,2026-06-17 02:09:08,
addr1q9g5xlgepj9x50w8fxtutzyvzkxpe3uksy5cry29hpaddju2c2p0cegfuq6mjmt58u263qj2qtnqqzl3swjcthxupjkqvg6p9k,stake1ux9v9qhuv5y7qdded46r79dgsf9q9esqp0cc8fv9mnwqetqm703rr,f,1,0,1,2026-06-17 03:16:03,2026-06-17 03:16:03,
addr1q9fe36t08fgxj0540dspyestaesuemwcq6fce5n0c4agf60rzr27g03klu862usxqsru794d03gzkk8n86ta34n85z0snh94lc,stake1u833p40y8cm07ra9wgrqgp70z6khc5pttrena97c6en6p8c7pzxda,f,1,0,1,2026-06-17 11:45:44,2026-06-17 11:45:44,
addr1vxt60d6de5jwncx8d6sdq4dxm5rratep8z6y6g29z4sadgsaj4ncf,"",f,1,0,1,2026-06-17 11:59:13,2026-06-17 11:59:13,
addr1qxqlhh3wetp09cufzncy82utfqadax3wdzjdwp0c9atew50rzr27g03klu862usxqsru794d03gzkk8n86ta34n85z0sdhw795,stake1u833p40y8cm07ra9wgrqgp70z6khc5pttrena97c6en6p8c7pzxda,f,1,0,1,2026-06-17 12:04:33,2026-06-17 12:04:33,
DdzFFzCqrhtBatWqyFge4w6M6VLgNUwRHiXTAg3xfQCUdTcjJxSrPHVZJBsQprUEc5pRhgMWQaGciTssoZVwrSKmG1fneZ1AeCtLgs5Y,"",f,1,0,1,2026-06-17 18:10:50,2026-06-17 18:10:50,
addr1v9hnqhv682q04cf8jx7pcgufgphnsk0vgg9yucljnsvmr4ge7uz8c,"",f,1,0,1,2026-06-17 19:57:11,2026-06-17 19:57:11,
addr1qyjdj4y58dt7ttcpj50wssut2wkpyskr2wajac3esfplhvhrzr27g03klu862usxqsru794d03gzkk8n86ta34n85z0slgff76,stake1u833p40y8cm07ra9wgrqgp70z6khc5pttrena97c6en6p8c7pzxda,f,1,0,1,2026-06-18 10:43:06,2026-06-18 10:43:06,
addr1v85y3cqfmrft5js0agy0x6x7vzj830xufandhh5q5fjtqxc0wh37l,"",f,1,0,1,2026-06-18 10:48:54,2026-06-18 10:48:54,
addr1v82v5h6x9q6vagffvs29zqj5nu0lyhxk4p65z6lkvhedqhg7m0wpg,"",f,1,0,1,2026-06-18 14:04:56,2026-06-18 14:04:56,
addr1v9upmp9fq688p88u77hgwulkqs5cdluwrs6xlc6l536v6rskpj74m,"",f,1,0,1,2026-06-18 14:06:22,2026-06-18 14:06:22,
addr1vx9eaw0kmfq388c5743cktmmn9hces0h0qun8y20umsjensnuytxp,"",f,1,0,1,2026-06-18 14:11:36,2026-06-18 14:11:36,
addr1v96l3yu3gl7tekey427yef90fwn536s3ngdp44sv3gu6gcsvkdmgn,"",f,1,0,1,2026-06-18 14:12:11,2026-06-18 14:12:11,
addr1v985g9aksvtq97t8zft6tmj50n2872jx0sk9kemegsx3pqcv8985k,"",f,1,0,1,2026-06-18 14:13:11,2026-06-18 14:13:11,
addr1v8w4c8c6nmwcgllzftfn03q9pc08gy2g508mfdht8zlt3rg48xcp9,"",f,1,0,1,2026-06-18 14:14:29,2026-06-18 14:14:29,
addr1vyav5s7p8d7sar0u7kv5l7mf2sfgv8q47geyj3u3yreezvc2zd4q9,"",f,1,0,1,2026-06-18 14:19:38,2026-06-18 14:19:38,
addr1v8xj4rtdz87yhsj7djryly5afaw9aypkvsw604ht9r5fssc5ecgvq,"",f,1,0,1,2026-06-19 09:48:01,2026-06-19 09:48:01,
addr1vxe0rtdm6vslrxk2w2d5auqzxktmyhednjrr9canyfrvx8caxmqqp,"",f,1,0,1,2026-06-19 13:36:56,2026-06-19 13:36:56,
addr1v8uv847kv6cce0cptns340yq2jspsqhs83jtnme9552855seuavn2,"",f,1,0,1,2026-06-19 13:38:30,2026-06-19 13:38:30,
addr1v9qk7p76d8hjs3hh7s4rvugkuxjrdefvlvsk4vtwfhpa5tqpkja6t,"",f,1,0,1,2026-06-19 16:31:54,2026-06-19 16:31:54,
addr1vxsaw8z0cl6h6j9q0f8u2jn9e0lhg9zcvw98mp3yqn65jxsqwqee9,"",f,1,0,1,2026-06-19 17:34:34,2026-06-19 17:34:34,
addr1vx0pc9ueevcadt7mwcprd89md2fn8eqdq5kret0w00zarfc0s750d,"",f,1,0,1,2026-06-19 20:33:08,2026-06-19 20:33:08,
addr1v9m603t0z8axyvstwef4lhrtzharhv0mts9zv5t0ldcfgcc5pjetu,"",f,1,0,1,2026-06-20 16:02:19,2026-06-20 16:02:19,
addr1vxcs0p3xq8hatxv07dmr8uvl2g8wlasdx5udr8la3hsuh3q9lnkvu,"",f,1,0,1,2026-06-20 17:45:38,2026-06-20 17:45:38,
addr1vy0hh6xg90gpsetcdqllyx4tv37gplztjzpv45s87xmmj7qz0sg65,"",f,1,0,1,2026-06-21 13:13:07,2026-06-21 13:13:07,
addr1vyz7nxd6lktfeyzlglqvxjtg87axuezayt0w6q5g8dpckwggpr9uc,"",f,1,0,1,2026-06-21 13:56:30,2026-06-21 13:56:30,
addr1q8ytwnmvdg394feq94vekdmjcltnzl5cwvfmuf5lmcz396hrzr27g03klu862usxqsru794d03gzkk8n86ta34n85z0sex85gq,stake1u833p40y8cm07ra9wgrqgp70z6khc5pttrena97c6en6p8c7pzxda,f,1,0,1,2026-06-21 18:10:29,2026-06-21 18:10:29,
addr1v8npenlg59fxmu9j8c7j2q3l5hgzake3yj9qrqrauympf2cnytdp6,"",f,1,0,1,2026-06-21 18:40:08,2026-06-21 18:40:08,
addr1v9j9ww8yyj2x9guaheejgp4at8rfx3y32u99mn43ztjvj7skd8gjw,"",f,1,0,1,2026-06-22 18:30:52,2026-06-22 18:30:52,
addr1v9h8m5vvapeg5lahavyltt7qrmak7wtcrhwf494nvnj9qzgjsz9np,"",f,1,0,1,2026-06-23 13:41:59,2026-06-23 13:41:59,
addr1v9h4avku6aawfvngc9wgn44c6k3pmtqdcg0c6hm9vqdm83cdfv5n5,"",f,1,0,1,2026-06-24 14:41:36,2026-06-24 14:41:36,
