source_tip_block,source_tip_epoch,source_tip_time_utc,funder_stake_address,source_type,source,transaction_count,associated_lovelace,first_event_utc,last_event_utc,attribution_note
13520244,635,2026-06-07 18:44:37,stake1u8nynuagsfkjfsjfhm57dnyzfae8e5szh4rfdxjk2drt53qwhz039,stake_address,stake1u8nynuagsfkjfsjfhm57dnyzfae8e5szh4rfdxjk2drt53qwhz039,208,249475929870407,2023-03-29 19:22:39,2026-05-19 12:42:05,full target deposit associated with each distinct input identifier
13520244,635,2026-06-07 18:44:37,stake1u8nynuagsfkjfsjfhm57dnyzfae8e5szh4rfdxjk2drt53qwhz039,stake_address,stake1uyrhmczh5m2va3le4qmf8gt888f39saqew69434ks6s7svg9mhcer,9,32273099590000,2024-04-08 13:02:09,2025-12-15 19:08:52,full target deposit associated with each distinct input identifier
13520244,635,2026-06-07 18:44:37,stake1u8nynuagsfkjfsjfhm57dnyzfae8e5szh4rfdxjk2drt53qwhz039,stake_address,stake1u9c07x9z7w35zmm5tumm5lpltdjpma8gx95y9vw7e35j67gz7r8a7,9,17200147283182,2023-04-28 16:35:30,2024-12-31 20:32:40,full target deposit associated with each distinct input identifier
13520244,635,2026-06-07 18:44:37,stake1u8nynuagsfkjfsjfhm57dnyzfae8e5szh4rfdxjk2drt53qwhz039,stake_address,stake1uy6yzwsxxc28lfms0qmpxvyz9a7y770rtcqx9y96m42cttqwvp4m5,1,13682304387663,2025-09-05 21:31:52,2025-09-05 21:31:52,full target deposit associated with each distinct input identifier
13520244,635,2026-06-07 18:44:37,stake1u8nynuagsfkjfsjfhm57dnyzfae8e5szh4rfdxjk2drt53qwhz039,stake_address,stake1u879wmmgfwnvy9e82e2c3f476zl6htg2jx9sztthxwznr8g0c6fnu,2,6000010000000,2024-11-25 19:36:51,2024-11-25 19:44:50,full target deposit associated with each distinct input identifier
13520244,635,2026-06-07 18:44:37,stake1u8nynuagsfkjfsjfhm57dnyzfae8e5szh4rfdxjk2drt53qwhz039,address,addr1vxtfsxwrcq4w5ujggvdk6klqt3kt9hux9m7hdrrrfelsv4s6rfrd8,3,5613939518020,2025-03-13 16:08:09,2025-04-17 20:52:25,full target deposit associated with each distinct input identifier
13520244,635,2026-06-07 18:44:37,stake1u8nynuagsfkjfsjfhm57dnyzfae8e5szh4rfdxjk2drt53qwhz039,stake_address,stake1u9k36z50dyqyrndznry8yr7t4e56rfkpjl0urflh2jjqp9qys530e,2,5023280910000,2026-01-22 13:57:57,2026-01-22 14:10:16,full target deposit associated with each distinct input identifier
13520244,635,2026-06-07 18:44:37,stake1u8nynuagsfkjfsjfhm57dnyzfae8e5szh4rfdxjk2drt53qwhz039,stake_address,stake1u8tjgj62samm0hrfp86xgr8s96j827j402vlkjpmqhu8mlsvc72kz,2,2786886634835,2025-05-30 13:52:34,2025-08-26 00:28:14,full target deposit associated with each distinct input identifier
13520244,635,2026-06-07 18:44:37,stake1u8nynuagsfkjfsjfhm57dnyzfae8e5szh4rfdxjk2drt53qwhz039,stake_address,stake1ux5rj5vpt4ctfqkwveg3zk52c2vlqau9k4jmr4gdrj70ukg6y9vml,7,1830298150000,2023-03-27 16:21:43,2023-04-12 15:12:53,full target deposit associated with each distinct input identifier
13520244,635,2026-06-07 18:44:37,stake1u8nynuagsfkjfsjfhm57dnyzfae8e5szh4rfdxjk2drt53qwhz039,stake_address,stake1ux9vw6azy95waz9l3e8dme7pwmhcn68f77kqd245uxw57nqr9upaa,1,1793844822538,2023-08-04 15:09:45,2023-08-04 15:09:45,full target deposit associated with each distinct input identifier
13520244,635,2026-06-07 18:44:37,stake1u8nynuagsfkjfsjfhm57dnyzfae8e5szh4rfdxjk2drt53qwhz039,stake_address,stake1u8tl8t5pdr9qn488vc9dpehklntt55au96fkqpd8nr28qyqzr7lax,1,1775775359025,2023-08-04 15:28:23,2023-08-04 15:28:23,full target deposit associated with each distinct input identifier
13520244,635,2026-06-07 18:44:37,stake1u8nynuagsfkjfsjfhm57dnyzfae8e5szh4rfdxjk2drt53qwhz039,stake_address,stake1u9hvz2uxyt75fk470k9r2zy54puk90q729f8gnte8dl5k4g30c5zh,2,1262013000000,2023-05-23 16:10:17,2023-05-23 17:32:18,full target deposit associated with each distinct input identifier
13520244,635,2026-06-07 18:44:37,stake1u8nynuagsfkjfsjfhm57dnyzfae8e5szh4rfdxjk2drt53qwhz039,stake_address,stake1uxx84t742lpyjp9z6ypqempzp4zaxaekh28clu8phrvrxuqgjymea,2,1037795493324,2023-11-09 14:15:58,2023-11-23 15:04:42,full target deposit associated with each distinct input identifier
13520244,635,2026-06-07 18:44:37,stake1u8nynuagsfkjfsjfhm57dnyzfae8e5szh4rfdxjk2drt53qwhz039,stake_address,stake1uypkkqt9x2k8cglt97jt2rlrx5ruzlmcgcl0s440luqmncqw7zjmw,6,1033484849094,2023-05-18 15:36:13,2023-08-08 22:52:12,full target deposit associated with each distinct input identifier
13520244,635,2026-06-07 18:44:37,stake1u8nynuagsfkjfsjfhm57dnyzfae8e5szh4rfdxjk2drt53qwhz039,stake_address,stake1u9gryqlz7way87vf4s55hvh8trz2j9q94c7lgtj2z080mnqq36k00,4,1032510796143,2024-01-06 01:20:45,2024-01-21 16:04:41,full target deposit associated with each distinct input identifier
13520244,635,2026-06-07 18:44:37,stake1u8nynuagsfkjfsjfhm57dnyzfae8e5szh4rfdxjk2drt53qwhz039,stake_address,stake1u8ath37wduf5yjrtqj9s8skas3s0kma85wweuv0chtmhenczkssya,3,1032315206656,2023-11-09 12:48:52,2023-11-23 14:59:29,full target deposit associated with each distinct input identifier
13520244,635,2026-06-07 18:44:37,stake1u8nynuagsfkjfsjfhm57dnyzfae8e5szh4rfdxjk2drt53qwhz039,stake_address,stake1u80uhtqamglmvxhq6e9d9j8c9l0qg4grh4cnk3dslv6uuagek36nm,3,1031873804279,2023-11-09 13:26:11,2023-11-23 15:00:34,full target deposit associated with each distinct input identifier
13520244,635,2026-06-07 18:44:37,stake1u8nynuagsfkjfsjfhm57dnyzfae8e5szh4rfdxjk2drt53qwhz039,stake_address,stake1uy7lnmu7vtsl02ymlejcz4rf4faas563v3u4s8d4ll8vrxsajmdyu,6,1031845724496,2023-05-18 15:38:06,2023-08-08 22:48:13,full target deposit associated with each distinct input identifier
13520244,635,2026-06-07 18:44:37,stake1u8nynuagsfkjfsjfhm57dnyzfae8e5szh4rfdxjk2drt53qwhz039,stake_address,stake1u8q2gct556sqf3my2e8t68rnduzr478mdrrklr6d2wa8u6gdxemkq,4,1030251525049,2024-01-06 01:27:42,2024-01-21 15:57:23,full target deposit associated with each distinct input identifier
13520244,635,2026-06-07 18:44:37,stake1u8nynuagsfkjfsjfhm57dnyzfae8e5szh4rfdxjk2drt53qwhz039,stake_address,stake1uymqadwq40nj3uqgc2chkf9ugp8fp4m2hphjrem07yq363q9cmn20,2,1029726366982,2023-08-08 22:14:50,2023-08-30 20:53:39,full target deposit associated with each distinct input identifier
13520244,635,2026-06-07 18:44:37,stake1u8nynuagsfkjfsjfhm57dnyzfae8e5szh4rfdxjk2drt53qwhz039,stake_address,stake1uxuc4sfudqc8mmf70j47wsk6t7753sfn4632m3yx47q3nwgpvp7y7,3,1029692744656,2023-11-09 13:27:51,2023-11-23 15:02:01,full target deposit associated with each distinct input identifier
13520244,635,2026-06-07 18:44:37,stake1u8nynuagsfkjfsjfhm57dnyzfae8e5szh4rfdxjk2drt53qwhz039,stake_address,stake1uymjaxlw47ud25wyzq3fev252fsx9gnfjglvfhh3ja6pcxcghfpax,4,1028956818949,2024-01-06 01:32:50,2024-01-21 15:54:45,full target deposit associated with each distinct input identifier
13520244,635,2026-06-07 18:44:37,stake1u8nynuagsfkjfsjfhm57dnyzfae8e5szh4rfdxjk2drt53qwhz039,stake_address,stake1u862faqkgxu0slcv7t7use8l86q3vanhyy8f284wzmyph6q57mgml,2,1028890478632,2023-08-08 22:21:36,2023-08-30 20:54:36,full target deposit associated with each distinct input identifier
13520244,635,2026-06-07 18:44:37,stake1u8nynuagsfkjfsjfhm57dnyzfae8e5szh4rfdxjk2drt53qwhz039,stake_address,stake1u8kuswawae9zczsdydfpwqzlv7jmg8sdw5whnh45kgnmw3cdu47zr,6,1028717790607,2023-05-18 15:37:08,2023-08-08 22:57:58,full target deposit associated with each distinct input identifier
13520244,635,2026-06-07 18:44:37,stake1u8nynuagsfkjfsjfhm57dnyzfae8e5szh4rfdxjk2drt53qwhz039,stake_address,stake1uyf2c7uuzngltgly9fxaffxxugs8lpvwftz4w96g5xl2dzsmjk9aq,7,1028331689927,2023-04-24 16:13:25,2023-08-08 22:58:56,full target deposit associated with each distinct input identifier
13520244,635,2026-06-07 18:44:37,stake1u8nynuagsfkjfsjfhm57dnyzfae8e5szh4rfdxjk2drt53qwhz039,stake_address,stake1uxhl4p082fsct3clprk0nx2ypyyzufzfhxgzmpr4kc3mnuq7qj9nj,2,1028298267515,2023-08-08 22:26:56,2023-08-30 20:55:05,full target deposit associated with each distinct input identifier
13520244,635,2026-06-07 18:44:37,stake1u8nynuagsfkjfsjfhm57dnyzfae8e5szh4rfdxjk2drt53qwhz039,stake_address,stake1u9chprh3d8rqt33wk4k5clzz2rdfg3c4m04eureegpf8twqm4vy8c,6,1027522453033,2023-05-18 15:38:06,2023-08-08 23:01:09,full target deposit associated with each distinct input identifier
13520244,635,2026-06-07 18:44:37,stake1u8nynuagsfkjfsjfhm57dnyzfae8e5szh4rfdxjk2drt53qwhz039,stake_address,stake1u85p5cd863mt7rl8zm77t7l9c95kf0y4cm93r85wefk0exgk298d0,6,1026879082724,2023-05-18 15:34:51,2023-08-08 22:50:14,full target deposit associated with each distinct input identifier
13520244,635,2026-06-07 18:44:37,stake1u8nynuagsfkjfsjfhm57dnyzfae8e5szh4rfdxjk2drt53qwhz039,stake_address,stake1u8m84z9v69us44j4gg8yaewn5e5kmvasxuczt4hyfrvrhrq8vk2g0,3,1026458248764,2023-11-09 13:31:25,2023-11-23 15:03:11,full target deposit associated with each distinct input identifier
13520244,635,2026-06-07 18:44:37,stake1u8nynuagsfkjfsjfhm57dnyzfae8e5szh4rfdxjk2drt53qwhz039,stake_address,stake1u8ruevjwus9g279fhhuvh470ynurclseyu55wqfqxh6grusydrp2z,4,1026233775325,2024-01-06 01:24:38,2024-01-21 16:00:22,full target deposit associated with each distinct input identifier
13520244,635,2026-06-07 18:44:37,stake1u8nynuagsfkjfsjfhm57dnyzfae8e5szh4rfdxjk2drt53qwhz039,stake_address,stake1u9m0vcvvwghuw7fl09st6sdv28e4ve2tka0e2a73wskm2rg2v49dl,5,1024302915236,2024-01-06 01:22:49,2024-01-21 16:02:43,full target deposit associated with each distinct input identifier
13520244,635,2026-06-07 18:44:37,stake1u8nynuagsfkjfsjfhm57dnyzfae8e5szh4rfdxjk2drt53qwhz039,stake_address,stake1ux38q8pzu7m893a2zf7f2ep8rv0zxglhl2xt24qxqdcywasq2s6vg,3,1019607511707,2023-11-09 14:14:53,2023-11-23 15:03:58,full target deposit associated with each distinct input identifier
13520244,635,2026-06-07 18:44:37,stake1u8nynuagsfkjfsjfhm57dnyzfae8e5szh4rfdxjk2drt53qwhz039,stake_address,stake1u9dcjjmda42r59g0trm620tl5qxu95ug5uyx0dc7sgkcg7gl2zpfe,2,1017063802638,2023-08-08 22:01:00,2023-08-30 20:52:26,full target deposit associated with each distinct input identifier
13520244,635,2026-06-07 18:44:37,stake1u8nynuagsfkjfsjfhm57dnyzfae8e5szh4rfdxjk2drt53qwhz039,stake_address,stake1u9c4kr6q4jcm0q8gejwclq4gcuxzf2dacyu4wj0392mjpdgfuyl8n,2,1000168391089,2024-01-06 01:29:24,2024-01-15 22:25:49,full target deposit associated with each distinct input identifier
13520244,635,2026-06-07 18:44:37,stake1u8nynuagsfkjfsjfhm57dnyzfae8e5szh4rfdxjk2drt53qwhz039,stake_address,stake1u88aqpvdt8fdgp60a7l0jm9j6k3f6wm6s9c9xvvgdt25fgga2rwmj,1,798248420000,2025-04-14 15:33:37,2025-04-14 15:33:37,full target deposit associated with each distinct input identifier
13520244,635,2026-06-07 18:44:37,stake1u8nynuagsfkjfsjfhm57dnyzfae8e5szh4rfdxjk2drt53qwhz039,stake_address,stake1uxrz6c2cen8856ft2q90fzd82d24ttglz93l3fwhe6k25pqzek6t9,1,300000000000,2026-01-16 18:19:50,2026-01-16 18:19:50,full target deposit associated with each distinct input identifier
13520244,635,2026-06-07 18:44:37,stake1u8nynuagsfkjfsjfhm57dnyzfae8e5szh4rfdxjk2drt53qwhz039,stake_address,stake1u92wf02lxwrcakyg57ta94k58gte89ufuavcpsu94wpde7q009rcg,7,200001000000,2025-08-08 06:28:09,2026-04-30 14:32:01,full target deposit associated with each distinct input identifier
13520244,635,2026-06-07 18:44:37,stake1u8nynuagsfkjfsjfhm57dnyzfae8e5szh4rfdxjk2drt53qwhz039,stake_address,stake1u88sy87hna82jx7ys4tzzlrcv67avhsprancdfjkk2agxcgfcczll,1,172729459518,2023-08-03 20:28:39,2023-08-03 20:28:39,full target deposit associated with each distinct input identifier
13520244,635,2026-06-07 18:44:37,stake1u8nynuagsfkjfsjfhm57dnyzfae8e5szh4rfdxjk2drt53qwhz039,stake_address,stake1uymtqhnfxsa4ln56a2q6260esylf6jpg0xtjkpl03l4gnxsdyhrju,1,170376728811,2023-08-04 13:07:32,2023-08-04 13:07:32,full target deposit associated with each distinct input identifier
13520244,635,2026-06-07 18:44:37,stake1u8nynuagsfkjfsjfhm57dnyzfae8e5szh4rfdxjk2drt53qwhz039,stake_address,stake1u84q6zq7juc74swm8e9f4py5qdsnrwujrpqa4hyq4vmhxkcegaq5t,1,165210470034,2023-08-03 21:29:40,2023-08-03 21:29:40,full target deposit associated with each distinct input identifier
13520244,635,2026-06-07 18:44:37,stake1u8nynuagsfkjfsjfhm57dnyzfae8e5szh4rfdxjk2drt53qwhz039,stake_address,stake1uxcp6md6n00qzce8str43rh6ckft9pudmk6hgu76y0dgzyqurl9vq,1,163586631193,2023-08-04 13:30:12,2023-08-04 13:30:12,full target deposit associated with each distinct input identifier
13520244,635,2026-06-07 18:44:37,stake1u8nynuagsfkjfsjfhm57dnyzfae8e5szh4rfdxjk2drt53qwhz039,stake_address,stake1u8m5ganwyq8fjedsq279h957qph898lf07vjnqvjp9qs9squjer5r,1,161234745921,2023-08-03 23:08:34,2023-08-03 23:08:34,full target deposit associated with each distinct input identifier
13520244,635,2026-06-07 18:44:37,stake1u8nynuagsfkjfsjfhm57dnyzfae8e5szh4rfdxjk2drt53qwhz039,stake_address,stake1ux6ws32rfgd3xtcx84vyqcjumstc83xnwqh2l9vnwawmg8sq7t6lf,1,160760668815,2023-08-03 23:22:41,2023-08-03 23:22:41,full target deposit associated with each distinct input identifier
13520244,635,2026-06-07 18:44:37,stake1u8nynuagsfkjfsjfhm57dnyzfae8e5szh4rfdxjk2drt53qwhz039,stake_address,stake1ux98hm2qee3sz40qv0tpma7kdmuvmn5tklufrzqe8rlzrwq8y8t45,4,160283296558,2023-12-15 21:21:30,2024-01-06 01:41:47,full target deposit associated with each distinct input identifier
13520244,635,2026-06-07 18:44:37,stake1u8nynuagsfkjfsjfhm57dnyzfae8e5szh4rfdxjk2drt53qwhz039,stake_address,stake1u9sglh8ge6dlcwngnv3gxy62yue7g4x0h5au5l0m4k6f4qsm5v0r4,1,159343332278,2023-08-03 22:50:06,2023-08-03 22:50:06,full target deposit associated with each distinct input identifier
13520244,635,2026-06-07 18:44:37,stake1u8nynuagsfkjfsjfhm57dnyzfae8e5szh4rfdxjk2drt53qwhz039,stake_address,stake1uyqcjqx930epzye95xv565qrtzuejrv6tz7egah0wuf3hmstj8psx,1,155629787672,2023-08-03 21:04:22,2023-08-03 21:04:22,full target deposit associated with each distinct input identifier
13520244,635,2026-06-07 18:44:37,stake1u8nynuagsfkjfsjfhm57dnyzfae8e5szh4rfdxjk2drt53qwhz039,stake_address,stake1u9544fx0hgkg982zz98t4849rhm35v3g22j5dsl4agxt9xganchyy,1,152355949550,2023-08-03 23:51:34,2023-08-03 23:51:34,full target deposit associated with each distinct input identifier
13520244,635,2026-06-07 18:44:37,stake1u8nynuagsfkjfsjfhm57dnyzfae8e5szh4rfdxjk2drt53qwhz039,stake_address,stake1u9w8rehajc59c8pnasp0nyduvgludlhnray8v40rc0m3gesz3jmcg,1,146771324101,2023-08-04 13:23:44,2023-08-04 13:23:44,full target deposit associated with each distinct input identifier
13520244,635,2026-06-07 18:44:37,stake1u8nynuagsfkjfsjfhm57dnyzfae8e5szh4rfdxjk2drt53qwhz039,stake_address,stake1u9wz870uaqlf3x9w0pv988y8fq5sweg0splr6c74rcgkk2sup7st8,1,141149428747,2023-08-03 23:36:10,2023-08-03 23:36:10,full target deposit associated with each distinct input identifier
13520244,635,2026-06-07 18:44:37,stake1u8nynuagsfkjfsjfhm57dnyzfae8e5szh4rfdxjk2drt53qwhz039,stake_address,stake1u8dmqlfv95cyr9u7gskm03cw4s7vm06jq0kctse4klk4fycpm5q4j,4,139313081369,2023-08-03 18:31:13,2023-08-30 21:18:54,full target deposit associated with each distinct input identifier
13520244,635,2026-06-07 18:44:37,stake1u8nynuagsfkjfsjfhm57dnyzfae8e5szh4rfdxjk2drt53qwhz039,stake_address,stake1uycm9zmml2y2jsm4x9gxsuyjz5q32qyuytctpfynpxxg6ucwduhay,1,136749106664,2023-08-04 13:15:18,2023-08-04 13:15:18,full target deposit associated with each distinct input identifier
13520244,635,2026-06-07 18:44:37,stake1u8nynuagsfkjfsjfhm57dnyzfae8e5szh4rfdxjk2drt53qwhz039,stake_address,stake1uxh84mlmced4974c6vflrfxer73r8y97fgvltz48y83u4ws7ypflk,1,128609676847,2023-08-04 13:35:18,2023-08-04 13:35:18,full target deposit associated with each distinct input identifier
13520244,635,2026-06-07 18:44:37,stake1u8nynuagsfkjfsjfhm57dnyzfae8e5szh4rfdxjk2drt53qwhz039,stake_address,stake1u9f9v0z5zzlldgx58n8tklphu8mf7h4jvp2j2gddluemnssjfnkzz,8,15557666241,2025-05-29 16:57:51,2025-12-30 15:14:41,full target deposit associated with each distinct input identifier
13520244,635,2026-06-07 18:44:37,stake1u8nynuagsfkjfsjfhm57dnyzfae8e5szh4rfdxjk2drt53qwhz039,address,addr1w8p79rpkcdz8x9d6tft0x0dx5mwuzac2sa4gm8cvkw5hcnqst2ctf,5,15449947639,2025-12-30 14:13:29,2025-12-30 15:14:41,full target deposit associated with each distinct input identifier
13520244,635,2026-06-07 18:44:37,stake1u8nynuagsfkjfsjfhm57dnyzfae8e5szh4rfdxjk2drt53qwhz039,stake_address,stake1u9fnh9vx7rae4t740rsdq92wj3udyds5uumwkww35vxc4xgffy4va,5,15449947639,2025-12-30 14:13:29,2025-12-30 15:14:41,full target deposit associated with each distinct input identifier
13520244,635,2026-06-07 18:44:37,stake1u8nynuagsfkjfsjfhm57dnyzfae8e5szh4rfdxjk2drt53qwhz039,stake_address,stake1u8520s54w57rw6pmshw3yz2p2v5wp9g2ac846qn4wm0rx5skeefny,2,3773612159,2023-08-03 15:21:25,2023-08-03 15:30:56,full target deposit associated with each distinct input identifier
13520244,635,2026-06-07 18:44:37,stake1u8nynuagsfkjfsjfhm57dnyzfae8e5szh4rfdxjk2drt53qwhz039,stake_address,stake1u90pa47mlzz6wkj6vvmpkamlmzwpmhde826wkhgmych5qaqh00nqj,3,1892500000,2023-03-29 20:09:27,2023-04-06 14:15:00,full target deposit associated with each distinct input identifier
13520244,635,2026-06-07 18:44:37,stake1u8nynuagsfkjfsjfhm57dnyzfae8e5szh4rfdxjk2drt53qwhz039,stake_address,stake1u8wfaukjh093cyrdreqj2lwmzed3sgu8cfx5f5qrr4v7zpqfwh6e0,2,1704240000,2023-03-29 20:26:09,2023-04-07 17:25:20,full target deposit associated with each distinct input identifier
13520244,635,2026-06-07 18:44:37,stake1u8nynuagsfkjfsjfhm57dnyzfae8e5szh4rfdxjk2drt53qwhz039,stake_address,stake1uxptzz4gkehxj5ht85xdjmad5qt0mc00dxmyxd84e2dgrvsla9k0u,2,1671620000,2023-03-29 20:15:34,2023-04-07 17:23:30,full target deposit associated with each distinct input identifier
13520244,635,2026-06-07 18:44:37,stake1u8nynuagsfkjfsjfhm57dnyzfae8e5szh4rfdxjk2drt53qwhz039,stake_address,stake1u86fu5d22an0rh4gelka2rkmc9n59hfcdyuzy7c8w9ttchgzxhpjs,2,1668890000,2023-03-29 20:05:55,2023-04-06 14:12:17,full target deposit associated with each distinct input identifier
13520244,635,2026-06-07 18:44:37,stake1u8nynuagsfkjfsjfhm57dnyzfae8e5szh4rfdxjk2drt53qwhz039,stake_address,stake1uxu9qydee4dv8lclqe0jzcq6yvymdn54ulftjvw4s2re5zq0zutav,2,1585490000,2023-03-29 20:36:44,2023-04-12 14:33:13,full target deposit associated with each distinct input identifier
13520244,635,2026-06-07 18:44:37,stake1u8nynuagsfkjfsjfhm57dnyzfae8e5szh4rfdxjk2drt53qwhz039,stake_address,stake1uxesk0qucuhgcq5yt0j0kfvn5avv6vz2uxjzk5r6ld7xcfs689zv4,18,1556173081,2023-07-25 07:03:23,2023-10-18 06:00:57,full target deposit associated with each distinct input identifier
13520244,635,2026-06-07 18:44:37,stake1u8nynuagsfkjfsjfhm57dnyzfae8e5szh4rfdxjk2drt53qwhz039,stake_address,stake1uyl0stvf8xjr6pm5h5ucyx2zgg8al4m56p7xgn0mj0mrf6c338cra,2,1515680000,2023-03-29 21:08:08,2023-04-12 14:36:52,full target deposit associated with each distinct input identifier
13520244,635,2026-06-07 18:44:37,stake1u8nynuagsfkjfsjfhm57dnyzfae8e5szh4rfdxjk2drt53qwhz039,stake_address,stake1u9jau4m7hqw9cxmdaspkpl94xfpydr8tpwvwvnpjynywtlg5h4yh7,2,1494210000,2023-03-29 20:12:12,2023-04-06 14:14:19,full target deposit associated with each distinct input identifier
13520244,635,2026-06-07 18:44:37,stake1u8nynuagsfkjfsjfhm57dnyzfae8e5szh4rfdxjk2drt53qwhz039,stake_address,stake1uyqzhzjs84578ysphf49a0arzy5pcsjd29eav2gcnxpv5hqwjj786,3,1482220000,2023-03-29 19:26:27,2023-04-04 12:35:46,full target deposit associated with each distinct input identifier
13520244,635,2026-06-07 18:44:37,stake1u8nynuagsfkjfsjfhm57dnyzfae8e5szh4rfdxjk2drt53qwhz039,stake_address,stake1u9y56seekphqdrenvlk9m0avqwgj0hwgdc4w9d5yrnwegcqdfxumc,2,1387080000,2023-03-29 20:58:51,2023-04-12 14:36:15,full target deposit associated with each distinct input identifier
13520244,635,2026-06-07 18:44:37,stake1u8nynuagsfkjfsjfhm57dnyzfae8e5szh4rfdxjk2drt53qwhz039,stake_address,stake1uygk6802fcz9ddmkdmx4rv23qm5lm4ctqdecr9t85wqxlpszr37vk,2,1374050000,2023-03-29 19:58:13,2023-04-06 14:11:56,full target deposit associated with each distinct input identifier
13520244,635,2026-06-07 18:44:37,stake1u8nynuagsfkjfsjfhm57dnyzfae8e5szh4rfdxjk2drt53qwhz039,stake_address,stake1u97s2zmdsvkxmdfzl9zlvq2ldn49fvhwlp430r5vdpymrzgcujeds,2,1360360000,2023-03-29 20:02:16,2023-04-06 14:11:56,full target deposit associated with each distinct input identifier
13520244,635,2026-06-07 18:44:37,stake1u8nynuagsfkjfsjfhm57dnyzfae8e5szh4rfdxjk2drt53qwhz039,stake_address,stake1u93c5vh9arycnvu3mt0hdd69623gplnvqjs2u09fyu8nxvclk974f,2,1323220000,2023-03-29 20:32:11,2023-04-12 14:32:36,full target deposit associated with each distinct input identifier
13520244,635,2026-06-07 18:44:37,stake1u8nynuagsfkjfsjfhm57dnyzfae8e5szh4rfdxjk2drt53qwhz039,stake_address,stake1ux9jkxly9xzw3dfj2uy8fgyqahgwepwqqjyyqqnjtnfucycwa8pxh,3,1255772806,2024-01-15 13:54:18,2024-01-21 16:08:01,full target deposit associated with each distinct input identifier
13520244,635,2026-06-07 18:44:37,stake1u8nynuagsfkjfsjfhm57dnyzfae8e5szh4rfdxjk2drt53qwhz039,stake_address,stake1uxngpze08lwqk046t20rq44x7f7644cvzf9vmmmpkgj77cswac8f2,2,1209400000,2023-03-29 21:02:04,2023-04-12 14:36:15,full target deposit associated with each distinct input identifier
13520244,635,2026-06-07 18:44:37,stake1u8nynuagsfkjfsjfhm57dnyzfae8e5szh4rfdxjk2drt53qwhz039,stake_address,stake1u9aq4amnvpanpe98vfnu837salcq624e776d7ja77p6pxsqyl7v3h,2,1203200000,2023-03-29 19:53:40,2023-04-06 14:11:56,full target deposit associated with each distinct input identifier
13520244,635,2026-06-07 18:44:37,stake1u8nynuagsfkjfsjfhm57dnyzfae8e5szh4rfdxjk2drt53qwhz039,stake_address,stake1uxau5x2pdlkxnr80d6gv34cj5ec8hd93kpptk9f58u463lq0vd3yc,1,1175503249,2023-08-30 20:51:38,2023-08-30 20:51:38,full target deposit associated with each distinct input identifier
13520244,635,2026-06-07 18:44:37,stake1u8nynuagsfkjfsjfhm57dnyzfae8e5szh4rfdxjk2drt53qwhz039,stake_address,stake1uyr74dqvzk33nm9trnk2422jj437yj3h9j9y070y4hfvg4cdx030a,2,1162980000,2023-03-29 20:56:05,2023-04-12 14:35:12,full target deposit associated with each distinct input identifier
13520244,635,2026-06-07 18:44:37,stake1u8nynuagsfkjfsjfhm57dnyzfae8e5szh4rfdxjk2drt53qwhz039,stake_address,stake1uypznj0e2psy6wgv8t5jaezftxs73rmlz7a9w44gr7xfklgakpvta,3,1132090000,2023-03-29 19:44:18,2023-04-04 12:56:38,full target deposit associated with each distinct input identifier
13520244,635,2026-06-07 18:44:37,stake1u8nynuagsfkjfsjfhm57dnyzfae8e5szh4rfdxjk2drt53qwhz039,stake_address,stake1uxep4rfqksfgshlxrnnynjgyygw4uqjewms69pr3jfu7fyqmp8u5y,2,1073065000,2023-03-29 20:47:52,2023-04-12 14:34:06,full target deposit associated with each distinct input identifier
13520244,635,2026-06-07 18:44:37,stake1u8nynuagsfkjfsjfhm57dnyzfae8e5szh4rfdxjk2drt53qwhz039,stake_address,stake1u8kwrfn6mdcsen3qw7kehjegycmvqgc5cxj8e4v3nlllcsqqqqxqc,2,952120000,2023-03-29 20:53:29,2023-04-12 14:34:43,full target deposit associated with each distinct input identifier
13520244,635,2026-06-07 18:44:37,stake1u8nynuagsfkjfsjfhm57dnyzfae8e5szh4rfdxjk2drt53qwhz039,stake_address,stake1uy96s7em6yk4hcrcmszpegpxgt9la2ehzrjk78hzs3cx5wgx46h8x,3,926450000,2023-03-29 19:35:31,2023-04-04 12:37:56,full target deposit associated with each distinct input identifier
13520244,635,2026-06-07 18:44:37,stake1u8nynuagsfkjfsjfhm57dnyzfae8e5szh4rfdxjk2drt53qwhz039,stake_address,stake1uxjj4rm7msjp8ygn8kfpvua06qfrlx9w63h62txxynmenycq2s42a,3,900170000,2023-03-29 19:40:15,2023-04-04 12:52:25,full target deposit associated with each distinct input identifier
13520244,635,2026-06-07 18:44:37,stake1u8nynuagsfkjfsjfhm57dnyzfae8e5szh4rfdxjk2drt53qwhz039,address,addr1w8qnfkpe5e99m7umz4vxnmelxs5qw5dxytmfjk964rla98q605wte,1,656194251,2025-12-30 14:12:44,2025-12-30 14:12:44,full target deposit associated with each distinct input identifier
13520244,635,2026-06-07 18:44:37,stake1u8nynuagsfkjfsjfhm57dnyzfae8e5szh4rfdxjk2drt53qwhz039,stake_address,stake1u80a5hgageadqmhpatl6sej0ytpgg0mpr8rv6vqzjmezwngctk06l,1,656194251,2025-12-30 14:12:44,2025-12-30 14:12:44,full target deposit associated with each distinct input identifier
13520244,635,2026-06-07 18:44:37,stake1u8nynuagsfkjfsjfhm57dnyzfae8e5szh4rfdxjk2drt53qwhz039,stake_address,stake1u9rh2jzcmhf8jk4t39sh6ukh6fq2hnxsxmaykasl5wtc0gcwz45vx,1,656194251,2025-12-30 14:12:44,2025-12-30 14:12:44,full target deposit associated with each distinct input identifier
13520244,635,2026-06-07 18:44:37,stake1u8nynuagsfkjfsjfhm57dnyzfae8e5szh4rfdxjk2drt53qwhz039,stake_address,stake1u9e0m788sw87rxldf8ljlcn8p3dnmysy6qd6ssuw6whwl5g28q5gm,2,477630000,2023-03-29 20:28:55,2023-04-07 17:25:39,full target deposit associated with each distinct input identifier
13520244,635,2026-06-07 18:44:37,stake1u8nynuagsfkjfsjfhm57dnyzfae8e5szh4rfdxjk2drt53qwhz039,stake_address,stake1u8uwucpmhk2ce8uy0a4mfa47ppup3hkc79dckht4zhuma7c7wxxv0,2,398860000,2023-03-29 20:23:16,2023-04-07 17:25:18,full target deposit associated with each distinct input identifier
13520244,635,2026-06-07 18:44:37,stake1u8nynuagsfkjfsjfhm57dnyzfae8e5szh4rfdxjk2drt53qwhz039,stake_address,stake1u8wxv3rl2m344s66js9s4u6dekmvm7dvn80yha5zu4nn3nc46tf4h,2,206750000,2023-03-29 20:18:44,2023-04-07 17:23:56,full target deposit associated with each distinct input identifier
13520244,635,2026-06-07 18:44:37,stake1u8nynuagsfkjfsjfhm57dnyzfae8e5szh4rfdxjk2drt53qwhz039,address,addr1v9j3pglvpfhjw0334nyzl8e0lvyfgy65ngzpf84r0mudxwccapsss,1,190043663,2025-12-30 14:12:47,2025-12-30 14:12:47,full target deposit associated with each distinct input identifier
13520244,635,2026-06-07 18:44:37,stake1u8nynuagsfkjfsjfhm57dnyzfae8e5szh4rfdxjk2drt53qwhz039,address,addr1w9qzpelu9hn45pefc0xr4ac4kdxeswq7pndul2vuj59u8tqaxdznu,1,190043663,2025-12-30 14:12:47,2025-12-30 14:12:47,full target deposit associated with each distinct input identifier
13520244,635,2026-06-07 18:44:37,stake1u8nynuagsfkjfsjfhm57dnyzfae8e5szh4rfdxjk2drt53qwhz039,address,addr1wxaptpmxcxawvr3pzlhgnpmzz3ql43n2tc8mn3av5kx0yzs09tqh8,1,190043663,2025-12-30 14:12:47,2025-12-30 14:12:47,full target deposit associated with each distinct input identifier
13520244,635,2026-06-07 18:44:37,stake1u8nynuagsfkjfsjfhm57dnyzfae8e5szh4rfdxjk2drt53qwhz039,stake_address,stake1u84rc0rq5jt5jcx7s9fweknxv6jxvgjyqyfpwlgn0x43gpqe3tet3,1,149737969,2023-12-18 15:31:43,2023-12-18 15:31:43,full target deposit associated with each distinct input identifier
13520244,635,2026-06-07 18:44:37,stake1u8nynuagsfkjfsjfhm57dnyzfae8e5szh4rfdxjk2drt53qwhz039,stake_address,stake1uxzdq8q940dese0jm7s9j77fyphgckrxxhfhw8s9ar0266s3j74jq,4,128320000,2023-03-29 21:12:22,2023-04-12 14:33:38,full target deposit associated with each distinct input identifier
13520244,635,2026-06-07 18:44:37,stake1u8nynuagsfkjfsjfhm57dnyzfae8e5szh4rfdxjk2drt53qwhz039,address,addr1wxr2a8htmzuhj39y2gq7ftkpxv98y2g67tg8zezthgq4jkg0a4ul4,1,81991246,2025-12-30 14:13:29,2025-12-30 14:13:29,full target deposit associated with each distinct input identifier
13520244,635,2026-06-07 18:44:37,stake1u8nynuagsfkjfsjfhm57dnyzfae8e5szh4rfdxjk2drt53qwhz039,stake_address,stake1u9g6asneq6t7yprajwnxkuwjcvppyweyl7dgn7m879hgtcq6jh4d8,1,81991246,2025-12-30 14:13:29,2025-12-30 14:13:29,full target deposit associated with each distinct input identifier
13520244,635,2026-06-07 18:44:37,stake1u8nynuagsfkjfsjfhm57dnyzfae8e5szh4rfdxjk2drt53qwhz039,stake_address,stake1uy2a3eq0mghumfyk7e3lh6mdyu2nfmaes3zleam5vnhwl0gkjdw2m,1,81991246,2025-12-30 14:13:29,2025-12-30 14:13:29,full target deposit associated with each distinct input identifier
13520244,635,2026-06-07 18:44:37,stake1u8nynuagsfkjfsjfhm57dnyzfae8e5szh4rfdxjk2drt53qwhz039,stake_address,stake1uxkecek9ujt0ylv2zty964qzsc2s4v94yhlpacc5p329yssp4zxd8,2,30350000,2023-03-29 21:05:08,2023-04-12 14:36:52,full target deposit associated with each distinct input identifier
13520244,635,2026-06-07 18:44:37,stake1u8nynuagsfkjfsjfhm57dnyzfae8e5szh4rfdxjk2drt53qwhz039,stake_address,stake1uxlqrnmfca5vxxxy3qfnks6g2yh7lq402cxv5xeq8zxmpngf3jmzn,2,9650000,2025-01-11 17:00:29,2025-01-11 17:02:38,full target deposit associated with each distinct input identifier
13520244,635,2026-06-07 18:44:37,stake1u8nynuagsfkjfsjfhm57dnyzfae8e5szh4rfdxjk2drt53qwhz039,stake_address,stake1uy2hcj23sxyq8uextp8kuvalr2yf0y5pzp5u8neflw9zjws26g26c,1,6650000,2025-08-12 18:54:51,2025-08-12 18:54:51,full target deposit associated with each distinct input identifier
13520244,635,2026-06-07 18:44:37,stake1u8nynuagsfkjfsjfhm57dnyzfae8e5szh4rfdxjk2drt53qwhz039,address,addr1w8cafpjmeer4j8t8aseqayhwkf4ezuufue0clvfthxecsacv83rt0,2,4000000,2025-05-29 16:57:51,2025-05-29 17:10:56,full target deposit associated with each distinct input identifier
13520244,635,2026-06-07 18:44:37,stake1u8nynuagsfkjfsjfhm57dnyzfae8e5szh4rfdxjk2drt53qwhz039,address,addr1wywdvw0qwv2n97e8y5jsfqq3qryu6re3gxwqcc7fzscpwugxz5dwe,2,4000000,2025-05-29 16:57:51,2025-05-29 17:10:56,full target deposit associated with each distinct input identifier
13520244,635,2026-06-07 18:44:37,stake1u8nynuagsfkjfsjfhm57dnyzfae8e5szh4rfdxjk2drt53qwhz039,stake_address,stake1uy0lqw67dgf68xf049uns2ryjqr53fj7t3cysnugnvlp3kgc79utt,1,1500000,2026-01-16 14:03:10,2026-01-16 14:03:10,full target deposit associated with each distinct input identifier
13520244,635,2026-06-07 18:44:37,stake1u8nynuagsfkjfsjfhm57dnyzfae8e5szh4rfdxjk2drt53qwhz039,stake_address,stake1u8j34yrhtyyky9sh3gc0m469ajy55q3a8rdu3q9jknw65lcv7nfuu,1,1155080,2025-06-02 19:56:13,2025-06-02 19:56:13,full target deposit associated with each distinct input identifier
13520244,635,2026-06-07 18:44:37,stake1u8nynuagsfkjfsjfhm57dnyzfae8e5szh4rfdxjk2drt53qwhz039,stake_address,stake1uyyws9jcq556alxqu053722uvgx988d44gcr43x0tz89d3qydvfae,1,1146460,2025-04-02 07:27:29,2025-04-02 07:27:29,full target deposit associated with each distinct input identifier
13520244,635,2026-06-07 18:44:37,stake1uy6yzwsxxc28lfms0qmpxvyz9a7y770rtcqx9y96m42cttqwvp4m5,stake_address,stake1uy6yzwsxxc28lfms0qmpxvyz9a7y770rtcqx9y96m42cttqwvp4m5,3,15250000,2020-12-11 05:32:58,2025-09-05 20:57:02,full target deposit associated with each distinct input identifier
13520244,635,2026-06-07 18:44:37,stake1uy6yzwsxxc28lfms0qmpxvyz9a7y770rtcqx9y96m42cttqwvp4m5,stake_address,stake1u8nynuagsfkjfsjfhm57dnyzfae8e5szh4rfdxjk2drt53qwhz039,1,10000000,2025-08-28 22:50:48,2025-08-28 22:50:48,full target deposit associated with each distinct input identifier
13520244,635,2026-06-07 18:44:37,stake1uy6yzwsxxc28lfms0qmpxvyz9a7y770rtcqx9y96m42cttqwvp4m5,stake_address,stake1uxrz6c2cen8856ft2q90fzd82d24ttglz93l3fwhe6k25pqzek6t9,1,10000000,2026-01-07 22:51:23,2026-01-07 22:51:23,full target deposit associated with each distinct input identifier
13520244,635,2026-06-07 18:44:37,stake1uy6yzwsxxc28lfms0qmpxvyz9a7y770rtcqx9y96m42cttqwvp4m5,address,addr1v8vqle5aa50ljr6pu5ndqve29luch29qmpwwhz2pk5tcggqn3q8mu,1,5000000,2020-12-11 04:53:08,2020-12-11 04:53:08,full target deposit associated with each distinct input identifier
13520244,635,2026-06-07 18:44:37,stake1uy6yzwsxxc28lfms0qmpxvyz9a7y770rtcqx9y96m42cttqwvp4m5,stake_address,stake1u9c07x9z7w35zmm5tumm5lpltdjpma8gx95y9vw7e35j67gz7r8a7,1,5000000,2023-10-05 19:59:26,2023-10-05 19:59:26,full target deposit associated with each distinct input identifier
13520244,635,2026-06-07 18:44:37,stake1uy6yzwsxxc28lfms0qmpxvyz9a7y770rtcqx9y96m42cttqwvp4m5,stake_address,stake1u8s4km2euam4k020tdhnvzue4mexmtwe5vzhu2ten0xgv3q07gvef,1,2551520,2024-12-16 11:57:41,2024-12-16 11:57:41,full target deposit associated with each distinct input identifier
13520244,635,2026-06-07 18:44:37,stake1uy6yzwsxxc28lfms0qmpxvyz9a7y770rtcqx9y96m42cttqwvp4m5,stake_address,stake1u98tv34cduv0dapxv6z0xlau7sp8ceg8glwy2fu2kzlcersf0nuh3,1,2000000,2021-01-28 19:43:34,2021-01-28 19:43:34,full target deposit associated with each distinct input identifier
