spend_tx_hash,epoch_no,block_time,frontier_input_count,frontier_input_lovelace,dest_index,dest_type,dest_address,dest_stake_address,dest_lovelace,total_output_count,internal_output_count,external_stake_output_count,enterprise_output_count,internal_output_lovelace,external_stake_output_lovelace,enterprise_output_lovelace,current_pool,current_drep
ea2b8e58f724ac62cdec381943c03c16fc7aa1bd8c123dff10ea641514d41673,380,2022-12-09 21:21:40,1,50183587448733,0,external_stake,addr1qylrudrt6mwahqk3208zesm8apumk42j07j7qqzdc0jczgk7nxaltyjw55jcpx2rr3ehf83l47vrw7uk6x3s70kulu0sjzlrzt,stake1u80fnwl4jf822fvqn9p3cum5ncl6lxph0wtdrgc08mw078ct3ysht,15361881000000,2,1,1,0,50638122616038,15361881000000,0,pool1fmcv9p7vv754rwc0p6ud2mgm76vnn0gq0gngrk7rq400vsvhsvs,drep1lhkqu7uhq9532xr5558q7gh5rl54m4ezav8p5yfkgz27yrx735a
f3df9ab0151b015e4a61d524079d5ac8bade85b17a7ea18a6dd3062f3aba4494,396,2023-02-24 23:37:15,1,19283204331997,0,enterprise,addr1wxtwkls63ae00apdncn4hlxt6jala8367weqam9srlmul5g78wtm4,,10110332000000,2,1,0,1,20083632381997,0,10110332000000,,
c21c8caf6d6b8b15f758fd15d071b9479ec9418f3531bee042af74311e582138,360,2022-08-31 16:17:55,1,11011811574021,0,enterprise,addr1v98pnns6yw8zja9uxzufddpm8tsk5swxf7vv5j4vqjlswgczd4d2t,,8499999832695,2,1,0,1,12711711742558,0,8499999832695,,
df5f75b6db5954dec3b22a913aa87ec8494335f88391229dce5781071e044e87,433,2023-08-31 17:18:44,1,27506122486939,0,external_stake,addr1qxaertz49825tjhczzy3heghk3nq6jugcvdxtqzn2avgea9mjxk922w4gh90syyfr0j30drxp49c3sc6vkq9x46c3n6qgqs358,stake1uxaertz49825tjhczzy3heghk3nq6jugcvdxtqzn2avgeaqr64xk3,8258238000000,2,1,1,0,27891619660206,8258238000000,0,pool1ksz6vfc4xqdxyhp06h4n7kckh60370cy2t6m3wfgdxtug7ph4x0,
55b79284e9ca00b7929dc53c6f0c07798c3dcf9fdde57cddaea8b7295a1d73d6,414,2023-05-28 05:03:30,1,60380543690493,0,external_stake,addr1qxaertz49825tjhczzy3heghk3nq6jugcvdxtqzn2avgea9mjxk922w4gh90syyfr0j30drxp49c3sc6vkq9x46c3n6qgqs358,stake1uxaertz49825tjhczzy3heghk3nq6jugcvdxtqzn2avgeaqr64xk3,7362441042540,2,1,1,0,61016192863760,7362441042540,0,pool1ksz6vfc4xqdxyhp06h4n7kckh60370cy2t6m3wfgdxtug7ph4x0,
0dcd147ed49fe05af28cf0b5773709fa7293d5210da682d457d863a6b3f51a64,383,2022-12-22 20:20:06,1,44718901112891,0,external_stake,addr1q9mrm6eea6nn6drpzu3cp0zn4gpscjcnjduruswqdgzswsn9mpmkkrwkf52la0ltzhuknnsgpj49ef7p6azyj36mrrdsxdtnpu,stake1u9jasamtphty6907hl43t7tfecyqe2ju5lqaw3zfgad33kcvwmlue,5018022000000,2,1,1,0,45165565280196,5018022000000,0,,
361a51361688e5439f0be6459e6509b1035dc9c900e92fda65a1bbcaecd1ef2d,383,2022-12-22 20:34:06,1,39168702564354,0,external_stake,addr1qxrqcnjz2c8lwgzd3xd6ds4dx5kp5kurnaw0famuz4t8j635k6rle725xjz0jae35eh83cpa0gxs6um7jdaw3mun6ngqjuls3f,stake1uy6tdplul92rfp8ewuc6vmncuq7h5rgdwdlfx7hga7faf5qruws4u,4641036000000,2,1,1,0,40077864944354,4641036000000,0,,
7f60e83cc2c3c85c48cdf71dc7dfbf1495f6bc95fbfa93697a489ad41e907089,422,2023-07-07 17:30:45,1,51290605955975,0,external_stake,addr1q8m4xqjnex4qfgn5ksdc8389vkzr00ef80dk8h43gm6t9uj72zfjsudj07uvfmg50r9sky35xgkkjf24hjjgra4ztevs384gza,stake1u909pyegwxe8lwxya5283jctzg6ryttfy42mefyp7639ukggy2hfz,4545444000000,2,1,1,0,52180135129242,4545444000000,0,,
a66df9c24c12b79d48c990577bb41371f8351b660de902ce08e91d758ac2946b,473,2024-03-15 23:19:51,1,36569107963921,0,external_stake,addr1qyy4yl6l6at3pu8fxh9v905cf70gyvz2c3thx0yacqwg4enemfk752pnzywh9dhq9nv7qwm9rw9kvepq06qlgqq30qgswkv28m,stake1u9ua5m029qe3z8tjkmszek0q8dj3hzmxvss8aq05qqghsygg452j2,4036115000000,2,1,1,0,36980183137188,4036115000000,0,,
f4482f7e15ba234d83416d948c99522c144dbd4db2052c9612d35bf2557d6900,360,2022-08-31 16:18:47,1,12908209442048,0,enterprise,addr1v98pnns6yw8zja9uxzufddpm8tsk5swxf7vv5j4vqjlswgczd4d2t,,4000000000000,2,1,0,1,14908209610585,0,4000000000000,,
d2b2b6d46adff2bdda1f8641445b63e3abdd120b313773a9b5626d1e88993109,439,2023-09-29 19:44:56,1,4250914496254,0,enterprise,addr1wyc9fpugnw6dprx2kly87mwk0razrh6347qmkn74glq2rlqzsmd6w,,3846143000000,2,1,0,1,4588633669521,0,3846143000000,,
517ebf3c21422bc18970c456c283af4d7f3e21d069780e908393c972c5407308,470,2024-03-01 20:30:45,1,46438238056061,0,external_stake,addr1q9aheg7lw2lzhnu4qeekke04l08eskx3n0gxsjhxm5mzl00rpymgrm2r6fkp40ljmg40yssah9gfj6cmwv6deekd9uqs6r7vjy,stake1u83sjd5pa4paymq6hled52hjggwmj5yedvdhxdxuumxj7qg4kdzh3,3465701000000,2,1,1,0,46977373229328,3465701000000,0,,
5feae2dc5a0c352d3ee2a3973d2bea768a1c31ec5e4e275c1224e4e1c3e38023,477,2024-04-05 19:54:03,1,32892603415410,0,enterprise,addr1wxxaleu8a0feusutn3ntnqfg3a55hp0t5l2hqjeau0wg7cc4262zv,,3378040000000,2,1,0,1,33191067590525,0,3378040000000,,
4b5f7efe50ec9d6248e4cf1a806ac325d19d360d63ae5dd9d27010123472d434,356,2022-08-12 19:39:40,1,18908209777890,0,external_stake,addr1q92dtde49hctznuq4ptvrv3gtv4rfrz9ce49pazakaz5zva0f3ls823y6p0lwnvflypvjr6qdds4ggje64sdpgk5u2rs9jc4ms,stake1uxh5clcr4gjdqhlhfkyljqkfpaqxkc25yfva2cxs5t2w9pc4a8c0h,3334006000000,2,1,1,0,19909440946427,3334006000000,0,pool1dhf4dt395f0c0ujnscazvzvw73ynzgwvtf5k4y9c907hwjdyaq4,drep1l0yurnsfze54j5h0k9y8psus48nzc9geqh8sga3k7atngxrvmfl
fa1f02b7cc4279bc71ed257f7428e6525fcab5ab2d8ac4a046dd62fcacadfa18,468,2024-02-23 20:28:23,1,50443074404443,0,enterprise,addr1wymztkhaekt7derv6ceu2xhkcw4zl92m68xyvmcpqlxy0kqggmn4s,,3244676000000,2,1,0,1,51679376579558,0,3244676000000,,
22958ce6ea07a5cdd271fa41968306bb577628cf95d0f1e707004631f61f73e6,390,2023-01-27 21:07:29,1,31486284052449,0,external_stake,addr1q87cum888wcrhc38u6lm9cvafl3xgl2trgctrws8wqlqn8cdu8qdc2x9l0vt0wxc4n802x92jzw57dcjl5qupy7w8nvqrc0m0f,stake1uyx7rsxu9rzlhk9hhrv2enh4rz4fp820xuf06qwqj08rekqfh6j2k,3214080000000,2,1,1,0,31903911219754,3214080000000,0,pool1w7c2j0px43jmudhf48ezp7dy8j7904c9l3wc7809lhh2z026hch,drep_always_no_confidence
139fa2582b3e0eaf97df68e923cf07ab334282c60df8535b493f2e241172f89b,310,2021-12-23 21:35:21,1,21211711742558,0,enterprise,addr1wyh9nq6fjw72mqud6w7yfe0h4tv04fxdfgcz9akczxgey8c649vxx,,2637603000000,2,1,0,1,22885262077168,0,2637603000000,,
bc6d450f4d018c1f08f1cae080a44e10b0be400a04eae1821efb3fadfc083769,432,2023-08-25 20:02:40,1,36574644008588,0,enterprise,addr1w9t3xx2jwwh3px0x9gcyz0cxhx29f4rcp0yrpj50ur26regz3gpyl,,2344086000000,2,1,0,1,37950991181855,0,2344086000000,,
658e3f6c97144e95a4bf65e615ce4f1a74719f27faf506323a4c9645c20c929e,488,2024-05-31 19:12:18,1,22190155978584,0,external_stake,addr1qy6kwcquf7pvfnwmvgwc5czam4qnfmcyzujwvazkl5r4an4wrh7wdp5yekk6kj5gvf7rrs0udpw3cd7ssrmtvfdqt45swwcdrz,stake1uxhpml8xs6zvmtdtf2yxylp3c87xshguxlggpa4kyks966g3lvzzh,2334335000000,2,1,1,0,22574761151851,2334335000000,0,,
6ae55c40547d1f1f66440440429c50808c99291814f5e3d7594e2afa7855f3b4,428,2023-08-04 20:36:23,1,43925757394724,0,enterprise,addr1wx5gn92erwwd639twe3m46g3z6c9mdjdpkhcqduzq8g3xgqhwvjwu,,2314240000000,2,1,0,1,44304057567991,0,2314240000000,,
ef6128b83e7c2310038afa5ad81dc09ae456b99270fd59a9391011ed5e35fe44,433,2023-09-01 18:38:01,1,22246547965290,0,enterprise,addr1wxwfdgvamxp0ea4sgvngnnj9pd7aa455uc8z7w54sp8ehxsp77mfy,,2304073000000,2,1,0,1,24314951140405,0,2304073000000,,
70e9c3b9a1ec9d7b52e4210b756447335464ed80b2117fc5b74906ca491f2d22,449,2023-11-17 17:57:42,1,59407581492887,0,external_stake,addr1q8rlpqupqpgypgfapth0emu730kdnghryaekr403wuk9u68y9j9n9u79n36aq6awm7ccr0cew2mjdymrza2hz300524qz7fht3,stake1u8jzezej70zecawsdwhdlvvphuvh9dexjd33w4t3ghh692sfl5nlj,2260187000000,2,1,1,0,60310319666154,2260187000000,0,pool1gwnu7f7qgaruxph8gn3u28qphvquvnj63elyd3r0nndacj9g9pa,drep1lhkqu7uhq9532xr5558q7gh5rl54m4ezav8p5yfkgz27yrx735a
e6e554995bed27ba44126f32d1d14f0b5000590c27153138cfbc7fdb844d92a6,433,2023-09-01 18:40:19,1,21447039792023,0,external_stake,addr1qy7538vks3trm9gqnmru2yanxmx78z6p20ejnzud7g7ts5cyj3ylrr487lllqng8wntpfgx3nh65gkw5c0v2qc0gzj7skc0kra,stake1uyzfgj0336nl0llsf5rhf4s55rgema2yt82v8k9qv85pf0gy3ce85,2068403000000,2,1,1,0,22246547965290,2068403000000,0,,
792055c3b3d36ab198e812218f1e85182d3aed801afd71a1ba31dc97be4856ab,449,2023-11-17 17:36:52,1,62950164016384,0,enterprise,addr1wx4fknf39dsf2s4z6dkm57rmegawyjx6zpl93mju3ml8phgvsa6y8,,2031166000000,2,1,0,1,63422163191499,0,2031166000000,,
930b1b837c8d7bf5307cb7320118e9f171e95102f5de2f8abf32f2ce18955d4c,399,2023-03-13 17:36:24,1,16459638996155,0,enterprise,addr1wy4mdmkdggu369d9karndccwgx0cuyuwr7vzpdjktyh0pqsjy7j56,,1977570000000,2,1,0,1,17305634164692,0,1977570000000,,
31404eb1107cd610f0b1f3306361a41de118495868fbd8cc401bc1a56af4aff6,481,2024-04-26 22:16:47,1,29064290720494,0,enterprise,addr1wx886xj2uyppjgsxxdjgzknfmykjjerfapgfyvedaagvmmgtevrtr,,1804223000000,2,1,0,1,29449785893761,0,1804223000000,,
bdd705b5ff4dd446e597ea50f40682b8b9be9a63bc589637e7b075b54524af59,437,2023-09-22 17:52:44,1,11710668535856,0,enterprise,addr1w9zwa7kpxxnnsndrlh5fxuydk48pax3m985q73ja4ntqgpshrvztq,,1716623000000,2,1,0,1,12157376709123,0,1716623000000,,
0c4edcabdaba233e32aa9c298c22e0a084ff6eae8489f77635cc2e4a0e386f29,366,2022-09-28 19:49:26,1,10594920405484,0,external_stake,addr1q8d8pmjcu9j5s8qg0r2xf0rml9qknk0qvthvr3rljd0lt5g3gwve08urhmlavlh7wmtf9xe3z7mlmt28f7rqjc59gx7sgjp2yd,stake1uyg58xvhn7pmal7k0ml8d45jnvc30dla44r5lpsfv2z5r0gr93jsa,1699900000000,2,1,1,0,11011811574021,1699900000000,0,,
bbb3287c8f00fe10e81609f0fbd3b86eaa800c4e43567cdabf948de7bce83c8b,348,2022-06-29 22:02:24,1,12711711742558,0,enterprise,addr1w9lkk0dgvcx4d0l5uqsfd393lxdu697epugwefrjxm62dms27y90l,,1673550167305,2,1,0,1,21211711742558,0,1673550167305,,
dcdaba56da4add329a10663e1704a17faf9e2c6480f9db04a7ec27351eeb83d5,374,2022-11-11 20:39:44,1,7610653902337,0,external_stake,addr1qxajcvxw6dhnev0mzv53e92ytj8gppnaamaqj6drltkj9535xh0jk4j0lsc5etywa8jdgzdgdvc4l2dzzdxy9sdqu39qf7ulrg,stake1uy6rthet2e8lcv2v4j8wnex5px5xkv2l4x3pxnzzcxswgjsuldej4,1612253000000,2,1,1,0,8073331069642,1612253000000,0,,
e1721ef6ff2cb77f6d03532c333e9337a52722833cf1c02d0e1146429ec51e60,433,2023-09-01 18:46:42,1,19006229270374,0,external_stake,addr1q8eadppvfdypdhaqdnlms9uxg0ck73petdklhc8cufvckp8hrldmfdvw6u02t80jgw30xwcjfvnrq43kxjhnmpe6lehshn0wjh,stake1u8m3lka5kk8dw849nhey8ghn8vfykf3s2cmrfteasua0umc8qq0d0,1513895000000,2,1,1,0,19469050443641,1513895000000,0,,
399d300edb9d43668978c16ca1fe27a08beada4e4433e657cd03e280b0ab607d,446,2023-11-03 19:51:02,1,63422163191499,0,enterprise,addr1vyt8aeq20rvwm2wwx8yvf7kxgejhg7nmlyd032caxn3cpcc6reqkf,,1447368000000,2,1,0,1,65453329364766,0,1447368000000,,
c9a6bcd47d43e26fee9c23cc529567e220c9878709faf71ff2b848c58a11a6ca,428,2023-08-04 20:29:54,1,44304057567991,0,enterprise,addr1w8rpse9h098yhydxwwkvzlgxzgpzqc2705jjrlp2yfvcmrcpyych5,,1394346000000,2,1,0,1,46618297741258,0,1394346000000,,
2c25b8b6a5b8fefddc05cae914bc8c9262a0bf6eb5ef9078a9870eace2152bfe,432,2023-08-25 20:06:08,1,36149857835321,0,enterprise,addr1w8563gqg6yc59y3ex5wsd268nvqz8j2q59dn4nzsgumlw4s3ee8q5,,1376347000000,2,1,0,1,36574644008588,0,1376347000000,,
e83440d0f35c234b0af2d51cc51d8531494ed7c275a1abddf2b5636c658d9219,437,2023-09-22 17:26:24,1,13873999882390,0,external_stake,addr1q8ggsz9zjslkk9lq2eumxtcdv2ccr3yxghgjll8zj0y2lvkqm8jyydt40zac3se6m70w4990pgvvfqk98ud039fnc58qqmx76l,stake1u8qdnezzx46h3wugcvadl8h2jjhs5xxystzn7xhcj5eu2rskzvvlm,1371813000000,2,1,1,0,14260117055657,1371813000000,0,,drep120m237kstm7pzywv5nwtjm8gj8dl55j9nupwlkapz77mgv7zu7l
06ad09e24f9021110877fbfcc42fc9d4ca0226a8b9d4413f5c4e88b5ecea82e5,405,2023-04-14 20:04:02,1,8470578983567,0,external_stake,addr1q9tnpryvdqm0h7p4ltm4r2x4zm5a98e0cdk358ragla3dlywj6u6x6rzd22wvaf0pr9pdnwt3hw39ul99gtryhxrdmrqszchcr,stake1ux8fdwdrdp3x498xw5hs3jskeh9cmhgj70jj593jtnpka3suxrt5s,1366790000000,2,1,1,0,8888201152104,1366790000000,0,,
f176dec6026a5d4d763d25b4605ce9ac06d1df747d80a742f084514b8b6291b5,439,2023-09-29 19:33:53,1,4588633669521,0,enterprise,addr1w999l4d7rtccm4nutl4xam3kpw8hd4h2r7pf5u8033undccsxyfc9,,1360517000000,2,1,0,1,8434776842788,0,1360517000000,,
671a625c3c487660057fbcaea62e257177ecfa554f923c313d888699ae638c42,473,2024-03-15 22:43:10,1,44229350534412,0,enterprise,addr1w8fzzf8d7yu4mndpuy2qug57674v29l92jxmjed6vxk5y8c6qrgga,,1349225000000,2,1,0,1,44617085709527,0,1349225000000,,
8c905a9d5d17e2f17038083ffd206785ff2b0803fa72b0051722de07b289215e,503,2024-08-14 22:27:41,1,500401001,0,enterprise,addr1v8aak8psnwz72gvhaawupj5fgl4ukvxz55d3jqt743z8n2sc8zwyh,,1317000000000,2,1,0,1,17802558576630,0,1317000000000,,
67679d641975ec8021111ed4b66f68d95d598b49a63811d535bff580e0e61f40,468,2024-02-23 20:30:13,1,46977373229328,0,external_stake,addr1q9c8zw8kql6kch6tfrk2cnaqzrp4xzvth39jyuy25c5sj93yltvc39ff7pdns0eexc7futd0j0f4uwj98hr5crm5anlqyz05u4,stake1uyj04kvgj55lqkec8uunv0y79khe85678fznm36vpa6wels4jrvlr,1236302000000,2,1,1,0,50443074404443,1236302000000,0,,
04b69e6825df029e3e5c701e09bc8d9c41b16efc281b106251c7ac916d78cbd6,372,2022-10-31 15:34:56,1,310724895390,0,enterprise,addr1v98pnns6yw8zja9uxzufddpm8tsk5swxf7vv5j4vqjlswgczd4d2t,,1236202770000,2,1,0,1,763797062695,0,1236202770000,,
d5a8955d0dca175933d223a11dda22f270895a6e1a5caef3e805192dc7b410cf,481,2024-04-26 22:15:10,1,29449785893761,0,enterprise,addr1w99ezaay5hfklnwe0utel6tm7dr8dr8dq36d2xk8nkwcavqufrdlz,,1233247000000,2,1,0,1,31254009067028,0,1233247000000,,
ed969bde9965e4125bc7c748008d262f78a9ea48e7409a9542bbf4beb1c5e5e1,411,2023-05-12 23:26:50,1,5194790132654,0,enterprise,addr1w9jpx6743ss3vtutj5yvsncqsavrjjw28djkfaznh2wff3c3u9ger,,1228040000000,2,1,0,1,5580287299959,0,1228040000000,,
856726e57d1516a15dd950fe8707cb498d60d07fd0155dcb2ab3296977db2562,484,2024-05-10 18:40:51,1,24909096326966,0,external_stake,addr1qy58e3pqx7yxsn2lp8rjeqw69sevwjhrexdqg3z4fde05cfsrsua5a6f3k5jj6nhh32y0xczkvtj85px02yqfqvlddlqa4rlld,stake1uycpcww6waycm2ffdfmmc4z8nvptx9er6qn84zqysx0kklstnvw38,1223415000000,2,1,1,0,25289766500233,1223415000000,0,,
a08769b724241f7b1352e1ce93e00b7da4d3d1064bcc808a5705149532c223b4,378,2022-11-28 16:55:28,1,5372095012107,0,external_stake,addr1qxfsvcxn7v7vx7al0vv8cd9c0yzwu69duerfdn28xz5e3s32r6vm6vh88xe2wj932xwycuqq4gdah872vnuzd068tnwqdscl3z,stake1uy4paxdaxtnnnv48fzc4r8zvwqq25x7mnl9xf7pxhar4ehqnaycxa,1172919540000,2,1,1,0,6437734193800,1172919540000,0,,
f80067ae757ca811483800b8c290b38aeeb9f97cdb55232cf748d17ed23462c9,302,2021-11-12 20:18:46,1,25522865244473,0,enterprise,addr1w9lrfu6egwy9rsygmmesr7vv247je2090k0xt2gwv5mfakqa2yzpt,,1155080000000,2,1,0,1,25945416411778,0,1155080000000,,
a76de0ab04df072dd23c3c21b778655f2e270f812b66849d80ba88df0b09bd34,374,2022-11-11 20:22:09,1,6746782933839,0,enterprise,addr1w8ngjkcqjnqnljtyn7ggmw5dv66xnvu3ky6wtmk45xgducq3l087l,,1154934000000,2,1,0,1,7131834101144,0,1154934000000,,
62c65d7101c49141c1f22e941c27e1434562f3613b53b61bbd892488ac2fde7e,442,2023-10-14 22:56:30,1,1295836626223,0,enterprise,addr1wyx2ezzkr2fntsztw9vj23z50xncfacrjc9n0f856r5q5fsm2h6an,,1145402000000,2,1,0,1,1799852799490,0,1145402000000,,
c42fbf5b98b7945849b88e4cf1e09ac912121a86101092cc42e9fea68e60c3c5,374,2022-11-11 20:17:43,1,7131834101144,0,enterprise,addr1w9cke0pgdfdqyqyleqdscpqx2jct6y2ah5jzpeen96n9k8q3aa3jy,,1145399000000,2,1,0,1,8286768268449,0,1145399000000,,
645773c5980d0c89112231d2530852e9c28dca35abf41d1afa970667f0683def,386,2023-01-10 21:35:25,1,37187253228512,0,enterprise,addr1w9yxkgh8y0gk7kfep3e22qxlwp77p6luzvmlghcunp0jp5cf2cmt2,,1144026000000,2,1,0,1,38024676397049,0,1144026000000,,
58203f7c4b3600447a762faeea0ec17d853963e8bab69c7d98c841732e96a3ab,432,2023-08-25 19:18:44,1,42471215048190,0,enterprise,addr1wy4ehpxhdu6fgtmlhvsgayl3hl9vyn6e6433utpnyxsz35q5r6gt3,,1032605000000,2,1,0,1,42893152221457,0,1032605000000,,
50f39eddb3c147c1fcbc63e0cedaaea8673e5167131c6fe9fc7e385506d06d87,432,2023-08-25 19:38:35,1,40295077355122,0,enterprise,addr1w8l3r7v6mm2tc8lmwf5m08pyxpdv7c84adnzwcrq3a6wywgnhxawa,,1010887000000,2,1,0,1,40678356528389,0,1010887000000,,
6c5230cdb112d840f71f4be1c4a11065f8c5264f205b0abbf025285c231fd1be,437,2023-09-22 18:07:10,1,9795294016055,0,enterprise,addr1w8p7yyzahk20zg3a380ata92tqrrrz46tnq79aymcvk3eucvdyrw9,,1005388000000,2,1,0,1,10243641189322,0,1005388000000,,
f8d2bc5e58f39717674e5d38f25f2b5020215de80916697015aad6cebdbd2763,359,2022-08-26 18:50:21,1,14908209610585,0,external_stake,addr1qy07xsgvff0ax9chcejfc0ps459julmv8dhkk64ec0elezt9nkccgyy63su6t9a4qmagzpmmncser9683sk9rqg5795qtgsjy3,stake1u9jemvvyzzdgcwd9j76sd75pqaaeugv3jarcctz3sy20z6qd06lwz,1001231000000,2,1,1,0,18908209777890,1001231000000,0,pool1mt8sdg37f2h3rypyuc77k7vxrjshtvjw04zdjlae9vdzyt9uu34,drep_always_abstain
12f3229b98f63147aaeb685c556ef87d62f5b4f963bf58db51c640cc35bdca0d,374,2022-11-11 20:12:34,1,9432167435754,0,external_stake,addr1q8ejp57axmaqcyva5akpncm7qghdajx093s9aklsvs6utyv4g9q9yanem8qxzgnuygejat6kn3lc9jtg9v99gew8wt8sm85kyy,stake1ux25zszjweuansrpyf7zyvew4atfcluze95zkzj5vhrh9ncxj957z,964238000000,2,1,1,0,9853550604291,964238000000,0,,
96a42eb899ae409acbddd7767646fe240bc610fe3a34f045d7d616427bff5253,403,2023-04-01 00:45:27,1,12580710992325,0,enterprise,addr1wx83jzgct6uxk6q7cjgy4mwgp7awx0s28suwhvhf6s6jv3shk55hg,,933903000000,2,1,0,1,13276343159630,0,933903000000,,
f0c24cc73debbf7420f9b82f4b939fa3e69abc5f1cc8d441ee65e491e10b7472,372,2022-10-28 19:30:21,1,10817788772828,0,enterprise,addr1wymxsz0a2pcdels6awrmuje2czeklvutd2sgf5vqrkhd8ycjzldw2,,912381000000,2,1,0,1,11203285940133,0,912381000000,,
74bccdf81fd5d5a95b7431b2a9a88f2ba81b45f53afbb0ce4cacd0829696fcd6,437,2023-09-22 17:01:17,1,15631930230772,0,enterprise,addr1wyzlswequusu8x0jxpyjyfj64c75trj3nxfdc0jxlm0s98cek0ujz,,910507000000,2,1,0,1,16011493404039,0,910507000000,,
2b8a9f0f2950e7741b2140c087375b2805f003c216c98fdc7f541ca73907fa7a,374,2022-11-11 20:34:44,1,8073331069642,0,enterprise,addr1w8rh2jz956gyljfsddnkmxxn39frva2r2mqqhlr4gy5eltq5ggc5p,,909336000000,2,1,0,1,9685584238179,0,909336000000,,
b8f1a64aaa0bc502e27358936eea2a2adcaa2b7d0f09c519f2797417d5f9685e,385,2023-01-03 16:45:29,1,38024676397049,0,external_stake,addr1qxfsvcxn7v7vx7al0vv8cd9c0yzwu69duerfdn28xz5e3s32r6vm6vh88xe2wj932xwycuqq4gdah872vnuzd068tnwqdscl3z,stake1uy4paxdaxtnnnv48fzc4r8zvwqq25x7mnl9xf7pxhar4ehqnaycxa,909162211463,2,1,1,0,39168702564354,909162211463,0,,
4a0140cd50a971636498d13a22b16eda2957c7e6d86c49773eaee4bcad1792a9,453,2023-12-08 18:55:13,1,58960180319620,0,enterprise,addr1wx87jxt2mygxe8w4lmez6s0tq63v4phe4sfzjjgsg3ev3pgj6vgsy,,902738000000,2,1,0,1,59407581492887,0,902738000000,,
baf8cc480c32c1d34c8c21143ba6eba6540a48d2e3c22ae4aa9ad506bf833575,422,2023-07-07 17:34:51,1,50872981782708,0,enterprise,addr1wya04ly3vx8nk3ck2g83xddak7lv6d3wrkg4zjr5xsdh76ct46mdg,,889529000000,2,1,0,1,51290605955975,0,889529000000,,
5dd3e3dbc89c26638c17a9fc9f01087a3c3671c43e84c146bbf306e875569f97,433,2023-09-01 18:36:05,1,24314951140405,0,enterprise,addr1w9gcuzw480l4zmpje46euhku949wrdch0tqjddtxs32eq6ghvded0,,887098000000,2,1,0,1,26619024313672,0,887098000000,,
6696f8e93cae1a710a1c1100291da8e7f7f61b6ef5eeebcb8993a02477cea63f,409,2023-05-03 17:19:35,1,7186658634569,0,external_stake,addr1qxfsvcxn7v7vx7al0vv8cd9c0yzwu69duerfdn28xz5e3s32r6vm6vh88xe2wj932xwycuqq4gdah872vnuzd068tnwqdscl3z,stake1uy4paxdaxtnnnv48fzc4r8zvwqq25x7mnl9xf7pxhar4ehqnaycxa,865210000000,2,1,1,0,7605368801874,865210000000,0,,
722f6bd620bfb4bc9674bcc5b02c277779b6b2c1746fd9f3baa24e54c37dc470,399,2023-03-13 17:41:03,1,15977543828850,0,external_stake,addr1q95awzqmlxefrud2ycz0p8dqcfvqpdrajphy3hqd2f63zrdkvnca3aly30fj8dws5fhhmmf52t4s4lekzs836szu8qcswtkzfy,stake1uxmxfuwc7ljgh5erkhg2ymmaa56996c2lumpgrcagpwrsvgve8j33,845995000000,2,1,1,0,16459638996155,845995000000,0,,
9e23ac563ca5d115027e604b556ff8af7214fa52fbde75c62b24b42a5b50110c,366,2022-09-30 19:32:18,1,26756846751,0,enterprise,addr1wxm3l90j6c9mgmsl448m6c32aj7cla39a2tp2m6uk2pk5ysyqxujq,,838506000000,2,1,0,1,26767014056,0,838506000000,,
7a4776217a89811447a4ce7209640b1768f7b6ff22fd4b668f14672325ad0165,387,2023-01-10 22:05:35,1,36717945059975,0,external_stake,addr1q8xzhlrjstv9mxkt7c50mssjheekvyv7z9tla0mh8yrnkmyfsnvehx203uypuwd3d5vnykyxfzht34mdhjuxwr77gufqqtqhvn,stake1uxycfkvmn98c7zq78xck6xfjtzry3t4c6akmewr8pl0ywyssvwhaf,837423000000,2,1,1,0,37187253228512,837423000000,0,,
0274818afce2689a3378b7acc989a89aa067661b77d1b9018bfd1c61e20a798f,435,2023-09-08 16:51:10,1,16011493404039,0,enterprise,addr1w844lrss2chvakjnpv7lggsr8xyu0j546fthgann6yv48schxssed,,836355000000,2,1,0,1,16922000577306,0,836355000000,,
b7c60b2f3e05e10a5fb857cdac9e4a7cd2597e2fa8dc314a92232835174fdc0b,499,2024-07-26 17:48:31,1,19119558749897,0,external_stake,addr1qyd9kn226pjfql002s40tyk85ek9dpm30k8rtcym25383ejqszue4rc7yf9r8pa2q5fma63n0zdg0w8pnc6wnrdlenkqd9ncsm,stake1u9qgpwv63u0zyj3ns74q2ya7ageh3x58hrseud8f3kluemqktw7lv,831825000000,2,1,1,0,19527108923164,831825000000,0,,
7a23248f8eb1be845f4a38db5274e91337fb6042572992c6892dcbf4a63bf2f9,400,2023-03-17 16:30:34,1,13276343159630,0,enterprise,addr1wxhmsfc6wuc9apnu7medcpfq7zmym336g0y9edlapt3mlgs6xcmyh,,804057000000,2,1,0,1,14210246326935,0,804057000000,,
8444654fc77f976a1d5f880ec5dcb702a4c1981904110f58df11f5fc465f9534,396,2023-02-28 18:27:02,1,17305634164692,0,external_stake,addr1qxfsvcxn7v7vx7al0vv8cd9c0yzwu69duerfdn28xz5e3s32r6vm6vh88xe2wj932xwycuqq4gdah872vnuzd068tnwqdscl3z,stake1uy4paxdaxtnnnv48fzc4r8zvwqq25x7mnl9xf7pxhar4ehqnaycxa,800427868307,2,1,1,0,19283204331997,800427868307,0,,
5d2fb0ba2c1ec646377ed47dcbe7e24112624feb5eec74950a3b68ae60dcab91,433,2023-09-01 18:42:45,1,20982945618756,0,enterprise,addr1wyzn43amtgnm0narlh2xs9uuxzl0pakhn2mnmjrcmwfqkkqmrelwx,,799508000000,2,1,0,1,21447039792023,0,799508000000,,
7021f2bf093dbb49ea03127f3538db9413835c99d289f74108b8f420acaf737b,473,2024-03-15 22:52:55,1,42617664009067,0,external_stake,addr1q83q0ajgdw875gh82hpflc9pegay574m2yzkx2ypccy48nmaha845yl2vetqj9xhp309qfhy2qh4raqxass2u3azd7uq5r3kyn,stake1u97m7n66z04xv4sfzntschjsymj9qt637srwcg9wg73xlwqkmy79z,759660000000,2,1,1,0,43003159184182,759660000000,0,,
11954bb052c1935807cd10c38f6489075b880375c6c7dc081106558cb5974530,403,2023-04-01 00:52:26,1,11361959655251,0,external_stake,addr1qyp93pwgxqvac2037a9xtrqualle2uhzd8cgauam8ag0nu0ajtkes9lwgsjnkvdstsagttuxxt32lxeta244fwmk9pnsm6e2c8,stake1u87e9mvczlhygffmxxc9cw5947rr9c40nv474265hdmzsec0zsf5w,759259000000,2,1,1,0,11821451823788,759259000000,0,pool1hkpgddlnya3pgktj3sxdraa8x8400vhaphcudvym9ye22esak43,
4b97454c9becfdfb54892c1d6172593dee0726bcb5107aec602a88f98b2b78a8,428,2023-08-04 20:23:29,1,46618297741258,0,enterprise,addr1w90h8xtwgdunl82xw8rfjjp5wl7jjhk9hwrlgajwmm2e3sggh5ygh,,754609000000,2,1,0,1,48012643914525,0,754609000000,,
96f5df655d4e134326f9dabb5d86f37dcc801cdf53621bd9f15aa21b8432a136,428,2023-08-04 20:19:04,1,48012643914525,0,enterprise,addr1wy6lg0epnn4hdlcjuxr9vq6wt7lg7h6yxy8fuqhy78tycxgh86epw,,753408000000,2,1,0,1,48767253087792,0,753408000000,,
7fe4369411485344d849e186484747c4e44cfd5f2aa8bdb7c81b219b6813ce93,523,2024-11-22 18:54:30,1,4461548462286,0,enterprise,addr1v8aak8psnwz72gvhaawupj5fgl4ukvxz55d3jqt743z8n2sc8zwyh,,750000000000,2,1,0,1,4461648629547,0,750000000000,,
2024f93a66b82c401cbccde768abb7a501b9fa2d1f3c24ea8c78b35c0dbcd7b9,403,2023-04-01 01:03:54,1,8888201152104,0,enterprise,addr1w8r0p249dyf5hu9qrfwdz5serqvy4mlp2mrlkg00avusthgp90v35,,699509000000,2,1,0,1,10254991320641,0,699509000000,,
80dc3a08bc4027c67b5220e3e1b5e72e44794ab3e2f7e3e00521d7aee399870a,403,2023-04-01 00:49:41,1,11821451823788,0,enterprise,addr1w8pc9aylkru96ufpyty6c0mn8xy0v924dg597dlk6u2u0cqafvwse,,695632000000,2,1,0,1,12580710992325,0,695632000000,,
2c315d0c7f7910e426a0ebe874317f440121849c8af948a1db6d8b8415df8da6,422,2023-07-07 16:54:22,1,59989745517226,0,enterprise,addr1wyydkxjmy43slsqkdu2wldpq753qvv98kmw25e2zcqpy0xcxrgwgy,,635649000000,2,1,0,1,60380543690493,0,635649000000,,
0d7666e6c98f0fd2ea4adb2b2ce8c89f45c1880b5c999f8dcd533770bb22f3f5,446,2023-11-03 19:34:26,1,66900697538033,0,enterprise,addr1w9fru8rjgec2dg76epu2f745eagjftxp7ww8u2vx4ag9wcg0xelg7,,601983000000,2,1,0,1,67286197713148,0,601983000000,,
8569ccca733b4deda9ff4bfe3352073b589a2e844bc87be990e76b95cffe30c2,421,2023-06-30 20:48:28,1,1709978737619,0,external_stake,addr1qxfsvcxn7v7vx7al0vv8cd9c0yzwu69duerfdn28xz5e3s32r6vm6vh88xe2wj932xwycuqq4gdah872vnuzd068tnwqdscl3z,stake1uy4paxdaxtnnnv48fzc4r8zvwqq25x7mnl9xf7pxhar4ehqnaycxa,599497000000,2,1,1,0,1709988910886,599497000000,0,,
ee3ddc045cdef95d41f3db53ca477907c5ad496308b66abcfda487d47fa4b7de,422,2023-07-07 17:13:37,1,58076314824158,0,enterprise,addr1w9japqnkp7kp0hy3t02ghhll80p4gcs5030gst953w9n4vsk2wkx3,,563869000000,2,1,0,1,58527161997425,0,563869000000,,
d9bdb4d7bd457ee4bd1b54503e9c2c93b37b1fc34fb16fc9e733258b436ea92a,470,2024-03-01 20:44:19,1,45966310882794,0,enterprise,addr1wx8ug3y5h6vgemd7shdazzxs9tu8saauhvfvdzr400sgttg39z6re,,539135000000,2,1,0,1,46438238056061,0,539135000000,,
6fcef77968fe8899780a99b91de05515c078d0adc59961b594a3f5886aeadc3f,461,2024-01-19 22:01:39,1,57114346621008,0,external_stake,addr1qy54dhsfqutqs3cmd8y5uf2w4hl8dmaf4dxm7ygpvcr5s986dlwym0cdd95cfkgq9q2tsfhqr4umw6xl9373dgfqlrjqwz72qj,stake1u8axlhzdhuxkj6vymyqzs99cymsp67dhdr0jclgk5ys03equls526,527225000000,2,1,1,0,57573621796123,527225000000,0,pool1pmm654jfx088td54ekkkd0j28x6r5gnjdhnutzggursrxjnpk2y,
b64d5d88caed8efe2b2de6badf08dbb6cf3ddd6c7778bd7cc36901c94af5b448,442,2023-10-14 23:55:23,1,907761452956,0,enterprise,addr1w8udnp3jmxqjqelk8znvm5h3kms9j324a076pr2cczeealg5mxv5q,,504016000000,2,1,0,1,1295836626223,0,504016000000,,
247c3ced4c06fc25d7cb694aeb6aa04c23be1254d91cb32d3044398cd86a8ed4,393,2023-02-13 15:16:50,1,117755651002,0,enterprise,addr1wym3nzrj0pwgnuu5umjygn732k4q0ptdz8pvlwmc6m362fcsp4xxh,,500738000000,2,1,0,1,499261832695,0,500738000000,,
d98c6052c19e06258f978b1b3777f6ff7e9ace04639242e3028a4680c880f957,399,2023-03-13 18:02:52,1,14210246326935,0,enterprise,addr1w9ydexfcyjmtgltn832ydadzncacajxqsnp2g200ztmpu3qmvpw20,,500507000000,2,1,0,1,15014303494240,0,500507000000,,
b555a43b4e9195b0b54821a8dc6597bd99a57ff109a3d5c5816596d27170a1ed,380,2022-12-09 20:38:38,1,1296492302549,0,enterprise,addr1wyf3u26u7m8lxpmuyxxzv54vphkx5hrdpydceg6c3wqqk2s6edupw,,500264000000,2,1,0,1,1752001469854,0,500264000000,,
8d010c94f7db9113b610e86a69663587e7b45ee8809f72b38932e33cc855be5b,463,2024-01-26 22:55:07,1,56166571272626,0,external_stake,addr1qxsq2y45uzcvqx4tetdskz8ymshkd648p9da2w9lztf745m4lncwsx5t6h5su6t3kusncxga8hj72y9x7mqnj3ppagysc8j0h7,stake1u96leu8gr29at6gwd9cmwgfurywnme09zzn0dsfegss75zggv53wh,492185000000,2,1,1,0,56622161445893,492185000000,0,,
7492a7851f2fe3f989707200021f1851eb80f684cdb1f959f9a1af204edaf0dc,484,2024-05-10 18:24:23,1,26898892850463,0,external_stake,addr1q8xyah48md2qjqf7emrf0p57z2n0cw7ptpz8ec4ydxylpur9ctzml2d82ywk6hqdfkfc6ywusvx4adyrt2q5g3sswnss9ry87s,stake1u9ju93dl4xn4z8tdtsx5myudz8wgxr27kjp44q2ygcg8fcg036yg8,490595000000,2,1,1,0,27354483023730,490595000000,0,,
bf212440cabea5267caeff0dec6bc4745ee3264da91affbd97d2f7a1f948f7ad,427,2023-07-31 20:59:40,1,48763687642,0,external_stake,addr1qxfsvcxn7v7vx7al0vv8cd9c0yzwu69duerfdn28xz5e3s32r6vm6vh88xe2wj932xwycuqq4gdah872vnuzd068tnwqdscl3z,stake1uy4paxdaxtnnnv48fzc4r8zvwqq25x7mnl9xf7pxhar4ehqnaycxa,487029000000,2,1,1,0,48773860909,487029000000,0,,
1086ada757033114db49eaf701656bf0f4dff3545e7912ff79a0b048e4b9c3e8,446,2023-11-03 18:52:05,1,1413328580348,0,external_stake,addr1qy52hgq6dj2j4p4yt0rc3sh6e3m9qqn0s5ss4chzht0adxv45lwm4qz4v5rnnteespdhj3xrnax9gy6u4pqpj3njux9qhhvezw,stake1ux260hd6sp2k2pee4uucqkmegnpe7nz5zdw2ssqegeewrzss36w5p,483432000000,2,1,1,0,1797933755463,483432000000,0,pool1c55n72ag3tz8g7rntzuu9a86u7eugsy008xl3xsje8kwgvz2vdz,
4686e14ed277c208857cebe05681c8970917fc7b9ba18f6705aa880c7c75cad1,399,2023-03-13 17:46:44,1,15514810661545,0,enterprise,addr1w8jtej40lg0yz0ls7jmn3u7a8lmqhgfdzettenqnd2tmufqxt25ap,,482095000000,2,1,0,1,15977543828850,0,482095000000,,
73a08063f1fef0db8f06d0d5fadd5dbfbee69026cbfbc9f893b6d770b25a0e89,428,2023-08-04 18:28:42,1,49520661261059,0,enterprise,addr1wx6hxtqq9mpflruthpckmsjl2m3zn3fcaq5xzqjy300mvycxuxq28,,477278000000,2,1,0,1,49938284436174,0,477278000000,,
93970a18c483fdd47bc2a97c67a33ae5d29b57c916ffecbe339bd2cacfd17124,453,2023-12-08 20:54:02,1,57573621796123,0,enterprise,addr1wx25en4gpf9rlkl9z90d4hjac4fy2pvy95kde8559756l5s389xmv,,473838000000,2,1,0,1,58100846971238,0,473838000000,,
4d7cc0291dd9533379eb399ee355ab8aa06530a269d885321c733f4b806270a1,449,2023-11-17 17:41:55,1,62570506841269,0,external_stake,addr1q8vzqqnrrgzxvd7ht5qa4vwmtv49xpmy42wspczwr3l6xp9rg86acd8c6nwhud9rnuxcqsuytus9pzf7kn285fcj62aqksul4l,stake1ux35rawuxnudfht7xj3e7rvqgwz97gzs3yltf4r6yufd9ws68g7km,471999000000,2,1,1,0,62950164016384,471999000000,0,,
aca8933cce9b805ab36904e5242defada5391ce2d981d4d680ddc90400d5bcef,470,2024-03-01 20:51:50,1,44617085709527,0,enterprise,addr1w8etm396ha867euf4tgq5qhqa3kdpxkhdpgakn709e56sxgq4yud0,,471927000000,2,1,0,1,45966310882794,0,471927000000,,
919cedd78915cd968dfbc8d01fae576517ebe6ac4d3472e16147291c71ef7e24,411,2023-05-12 23:20:59,1,5056317263387,0,enterprise,addr1wykl4vfvtkr6kv873clvadj09j0c7hgn08hfyw0y7wgkh5gp62gt9,,471700000000,2,1,0,1,5511907430692,0,471700000000,,
f03aac1a9b1677f25728561df624c590c5ff8875fec3df20f9201936a4ff1f4c,468,2024-02-23 20:26:15,1,51679376579558,0,enterprise,addr1w89jlpm9fv6fq884q9ltuc7g45yng5e54qkyk9qz5a2hxqsczev99,,471522000000,2,1,0,1,54924052752825,0,471522000000,,
af1d3d293588021852182619f7d88f0c50b6c72350ee457d1a069ece743453d6,422,2023-07-07 17:26:28,1,52180135129242,0,enterprise,addr1wxz2qprekvnv9nmg2masswqe5ynyas8tshpjahavj0q7pmgr6pfl7,,469827000000,2,1,0,1,56725579304357,0,469827000000,,
7abaed8961e352ad43643e4dc85404a92e5596c96ab0cc29c0285abaac186e73,390,2023-01-27 20:11:28,1,36306869891438,0,external_stake,addr1q92fvdjemxuyn9y4aeqvndg8p5f8ez6t22sw8t6c6af8xlfp4z2782as27qzw5stn9dkxlxgppjgzwn9qzdr5pekkzcsjuazt0,stake1uys6390r4wc90qp82g9ejkmr0nyqseyp8fjspx36qumtpvgavmtv0,469308000000,2,1,1,0,36717945059975,469308000000,0,,
0d1619f23817ed1c36dc7b85df50f729ade3a22e4e616a490207a13bec4e651a,439,2023-09-29 19:56:32,1,3329860147872,0,external_stake,addr1q8v0fhana2tpq4zpfnvhxjjen3vhnk5j0nff43yzvtqz4ddh0hvgdz7dhwgwzd3hl9564qth49z94zy6zwhf2g4wac6qw3jekl,stake1uxmhmkyx30xmhy8pxcmlj6d2s9m6j3z63zdp8t54y2hwudquun3pd,467644000000,2,1,1,0,3783270321139,467644000000,0,,
70aef62fa627ae0d6a8ce53f44b1d3e2029cbb6b04911c1577b5dcd1fcdb9012,473,2024-03-15 22:51:11,1,43003159184182,0,external_stake,addr1qxkqh7fxuuq05jl5gqpqlzzex934x7eesak3lx0eya88l67rls4wyeentzzsxuf38jrz6d34az2tpezzzt4vl9a9m8eq0g3pc9,stake1u8plc2hzvue43pgrwycnep3dxc67399su3pp96k0j7janusx0ny2f,466531000000,2,1,1,0,43762819359297,466531000000,0,,
54f72c101c45627ea34927e9c02a43aa996a9003ab293fcf2ad7f4fcaa37ffee,393,2023-02-13 15:00:17,1,36092604543,0,enterprise,addr1wxfp2gw927kuv8a6h35naa8z397haqz4jh35wmja6dlkzmcry0727,,466315000000,2,1,0,1,150689665390,0,466315000000,,
3aec46b6645beffb08acc6ff25cb5777279d436e862e047cfaa01b5585244a06,433,2023-09-01 18:44:51,1,19469050443641,0,enterprise,addr1wyd7sm5rw039qge9pvqvmrqjmzpgpv5zcmdevfc7qlvlzuc5vhppc,,464094000000,2,1,0,1,20982945618756,0,464094000000,,
61bdc64b7166e0fbc0ef758fd4908707d97e752b496e5f753fece68140d7eef9,422,2023-07-07 17:22:32,1,56725579304357,0,enterprise,addr1wxtjs8wj8tr3urkyrv4mzgjumy6paj5hzfar7kvfvz5mt7qut2hec,,464032000000,2,1,0,1,57195406477624,0,464032000000,,
d9afd935807fd362a74bdb93d4ab77a44bca65cb7f0e1775146d049e5e2c2681,433,2023-09-01 18:48:41,1,18594032097107,0,enterprise,addr1w8vtgr4ul4y5p8mjc84xjvn6ygvc7gul20xkl0aaxjcr4lgdxq2nm,,462821000000,2,1,0,1,19006229270374,0,462821000000,,
31255806f8fa4b2b0dea7b6575f63ea2fa0884c0a93476102a858a9d37558de6,399,2023-03-13 17:51:02,1,15014303494240,0,enterprise,addr1w9cr4qxa48pg0y2cpn28fe7482h02fxl59steh55mruktyq9t7aed,,462733000000,2,1,0,1,15514810661545,0,462733000000,,
f7f578235232cf190b5bc59cbdfeb5c7b0ca6a59407fd5ee791e2ec4dcbdf938,374,2022-11-11 20:42:35,1,6437734193800,0,enterprise,addr1w8pdylqspmc4hxqkrfpnzuzcu3rkdj9njtspe95t4cc2enggkmmgw,,462677000000,2,1,0,1,7610653902337,0,462677000000,,
f8ee95929d48e23909ec65bae35d3fb5adf5d3a91a48cd59cd77e267f5fc9dc7,437,2023-09-22 18:04:38,1,10243641189322,0,enterprise,addr1wx084tp8qn69z4ckgznt70ge0kmkytfc4y087c0jzmrspmq40rfkj,,461639000000,2,1,0,1,11249029362589,0,461639000000,,
ab846a4a93c16fd54518c73598b393b52a8e5830420e6bbad897944ed95abc56,403,2023-04-01 00:56:42,1,10954500487946,0,external_stake,addr1qykphudr9kzk5nfvhwymukdacd0pd6we3r2y5jvdnjvmgyjmpwqc0y3dhjhwstslskxdxktt66gssv7gqf3fmc7hdjksgyf3vh,stake1u9dshqv8jgkmethg9c0ctrxnt94adyggx0yqyc5au0tketguyfhz4,459492000000,2,1,1,0,11361959655251,459492000000,0,,
805efc203751c17fca7a27d675c6869d66c855b118b4bc95ed227da0c905dd45,411,2023-05-12 23:26:50,1,1453874257800,0,enterprise,addr1wy7kquw2a04m08jazydj57s70audhwzz8syrtzfe7ptemcqze7hst,,459480000000,2,1,0,1,1907559425105,0,459480000000,,
f7c2f8be0540e1484a7197fc4509e0235fdd2917335e432230a8d5d7b4b068f8,463,2024-01-26 22:52:58,1,56622161445893,0,external_stake,addr1q9fd0akarztz0dclz7la4k9mfhes9nw4kpkg07ynf0v2klelrdjl79837zyj57wq2j2vvwcuv9zc9gxz6fjupj4pzskqfjld3k,stake1uyl3ke0lznclpzf208q9f9xx8vwxz3vz5rpdyewqe2s3gtqws202p,459275000000,2,1,1,0,57114346621008,459275000000,0,,
53ab1374f7f3bed2f9e8f95a8b5ae0344f064b97f1cb2cf2a78ea3313754d8e1,435,2023-09-08 16:33:03,1,17758355750573,0,enterprise,addr1wyunmsgkkyjkaay90vdc9j0vjn3az5vx9x4hlapvc3nk5gsprm2vw,,458777000000,2,1,0,1,18135254923840,0,458777000000,,
617cc4e6ccd71b6a1ef5ebb6554ce891c08d5aa7a5675c1d6718970caed69b7b,380,2022-12-09 20:27:43,1,57297862901,0,enterprise,addr1wyhm7u3nmjcxevmkhlmxs2kyzvpprw538dfxm0rtt5mw8sc5mv4yv,,457638000000,2,1,0,1,468373031438,0,457638000000,,
19809345262a38cb70a2e8e649d02e582afa482cbe10fdc85bf406d4dfccc4a0,396,2023-02-24 23:25:36,1,30193964549302,0,enterprise,addr1w80fd6h60qan29zzdejrvsh6nqlq3jyaxtxrakj4fcum4jsq6sy2h,,457423000000,2,1,0,1,30616150717839,0,457423000000,,
b74dbf09163b56878e731f26408d873d2b5f06ea362942543841ce930b0df308,422,2023-07-07 17:43:09,1,49938284436174,0,enterprise,addr1wy9fztaehywadnzv70m7jqt7t68ufrn0hpe9v2x7ljmwswc9yp0hr,,457419000000,2,1,0,1,50415562609441,0,457419000000,,
de43f156cef736e1725e352811968bfab04b52cd74e5593df741ac817eb35da5,446,2023-11-03 19:27:00,1,67286197713148,0,enterprise,addr1wy5jwu3655nkn4ghe7v2wvqhwt6gpnqshh9ad2yd86qk50g965kwk,,456861000000,2,1,0,1,67888180886415,0,456861000000,,
85e5dfa0a06736d0e19729eaf5291e0fcb096ba405bc57b50a7651733e5fc084,377,2022-11-26 18:02:28,1,124706165390,0,enterprise,addr1w9u7ww8n5rta5xjggz8ra67wu7r0nnvgzkaxggyul2m8xgsx277yl,,456829500000,2,1,0,1,543170332695,0,456829500000,,
28bd4026fd88bc8124cce0ea48e5ac345fa60b46130cbbe7a14c6f6a1baa23aa,380,2022-12-09 20:48:41,1,5300799402,0,enterprise,addr1w9n0nsmye3f8hr0h9euzwxhq3vtcv63f9vkyxnv63gwl0ksrnxhme,,455590000000,2,1,0,1,387266967939,0,455590000000,,
61bcf6af4f94012d6896edef43704c930d4683ff049193d928d6ce4d1f6375b4,446,2023-11-03 19:15:44,1,128065233814,0,enterprise,addr1wyzqm98x7wrgtcy3wtrg4uvjgpysw4nqcsxgneattzcpp7qmyc9sg,,455590000000,2,1,0,1,957738407081,0,455590000000,,
754919cd583dbbf66d131b6ff90b5e713e2163ffe9f884db947fd76cb69af427,468,2024-02-23 20:15:37,1,55781072099359,0,enterprise,addr1w8n4pmwexa6wtsy7n9e7mc4dlpjlaku8xx53xduwkg2shkcvwhg2a,,455590000000,2,1,0,1,56166571272626,0,455590000000,,
994b9d5b45bb46925bbe8db75c74f944440734ca665890badc03fc748307c216,484,2024-05-10 18:28:36,1,26513181675348,0,enterprise,addr1wxe268va0qd5jzxmvtlt9rgnrwzr82h3u8n63mmpn3mgj4gdaqj5g,,455590000000,2,1,0,1,26898892850463,0,455590000000,,
ed82ed1d60fdf4874f966a21e3b248a32c382addc8ad1b87390e4d9fdb1b97f3,481,2024-04-26 22:22:51,1,27845078198845,0,enterprise,addr1w9dhjd8z3ceevv0mw992scz76u4a4glgtv02nps3amjjvuc29sypv,,455590000000,2,1,0,1,28223205373960,0,455590000000,,
438d2e787f5d8b016bc267c1eb93bde400f12eb4022ecff456d31c0db548adb3,380,2022-12-09 20:41:19,1,842857135244,0,enterprise,addr1w8g3n0xzngd0slg9d0lv4jsu8xttadvj0wkg9e09slmzefgunzj46,,455509000000,2,1,0,1,1296492302549,0,455509000000,,
1ee19f761821b212c74430b25ab1417f76f83af29f0890e9da9acf516738c42a,497,2024-07-15 22:32:39,1,20744430271546,0,external_stake,addr1q8hadv0kkltj9l4x8pnn4750mdlxuj2mvwcz7864d48sg3y4334yg6erxz5hsz0zmh50uvalj530cu03f74jhh2f48gs7mjn3k,stake1ux2cc6jydv3np2tcp83dm687xwle2ghuw8c5l2etm4y6n5gxwwm9x,455115000000,2,1,1,0,21155505446661,455115000000,0,,
281ceee6c53ca2718d9c2ebbc4a135e5c746038cc6b795ac96dd3635b1357c37,442,2023-10-15 00:26:50,1,70746931307,0,enterprise,addr1wyfn3jwru4shmzfrf035szlskzyhth30us8zu7s78rhjs5qw3700u,,454535000000,2,1,0,1,70757106422,0,454535000000,,
2dd5886541f320cb4a3ffab041df41d607caca2c998d970a5b6b9bd867a9d50e,380,2022-12-09 21:24:30,1,45165565280196,0,enterprise,addr1wxygjyrpvw9l7gkj64dtsdg0rp2pjs0hh4vg9l7eat3tlvgrx0j2s,,454535000000,2,1,0,1,50183587448733,0,454535000000,,
96b07035b144914cdb77b2975c6a97e2bb79218076f466ddec801b67195c7bc2,497,2024-07-15 22:17:11,1,21155505446661,0,external_stake,addr1qyttat2cqtpm5f05j9jrwznjtj9jhklp3cevtxv92dmx9j45n9n43slqaprekt467vgw0kaatawd748x3aznjcg275tselfjlr,stake1ux6fje6cc0sws3um96a0xy88mw747hxl2nng73fevy9029cy3vky8,454535000000,2,1,1,0,21610620621776,454535000000,0,,
564c7617c75640f4da57b3833facbf4a9b64fbcc8dcc3fb1b62268a7f034c15c,411,2023-05-13 00:05:37,1,99862090495,0,enterprise,addr1wyhjzyfn0hyhtfgq6n2u65c0apd6naud9lrn8p7yqsshsjcky9frl,,453685000000,2,1,0,1,1453874257800,0,453685000000,,
e00880e507362b4bba4f7e62bef2252962955784ee3b113b9dd68fc581f2d4c1,380,2022-12-09 20:43:50,1,387266967939,0,enterprise,addr1w86yf0gy2w5lhn4l7xfrpu3rpsz2avsxrhdz77rkm4al07s62swg2,,453635000000,2,1,0,1,842857135244,0,453635000000,,
3accc41f4d5ff38dce566fac016ebf9b185430d0b3239358fe1c9aef8062991d,439,2023-09-29 19:59:59,1,2945254972757,0,enterprise,addr1wx9sfvff2q23kr23hda7vl3xcpjffrwuptpjme2hgurux6snhmlzs,,453410000000,2,1,0,1,3329860147872,0,453410000000,,
dd1cac168ca82ecb0799f4760476d5d14788fc93a487062ade7ebad7cc429ccb,374,2022-11-11 20:36:13,1,5999784463,0,enterprise,addr1w8xe54mtmtthnyu7rv3ee93sglv0u6lrmf660msnnkrdy4sttc3qx,,453072000000,2,1,0,1,310724895390,0,453072000000,,
4271a9f96aee5f60ea6cfd1fbd01ffa06cab272867dda4092947451fd45997d5,422,2023-07-07 17:16:31,1,57659438650891,0,enterprise,addr1w9h0n7d8cxn4qjz6zcrfxu5ve75qyact74pl0gz999swmdsm8w678,,450847000000,2,1,0,1,58076314824158,0,450847000000,,
38bfb9f7cbcd8ecb5d7f9ff7dd85e20174c30a3b9f88d1e2dc85990b9738c10b,422,2023-07-07 17:04:05,1,59091031170692,0,enterprise,addr1wxrnm2l2jyyp9stht3vdfuyqgg4am67k9xu4vafufnersyglj8wmh,,450052000000,2,1,0,1,59539693343959,0,450052000000,,
ee9d7d44e9d0b8ebff02bfe237c5271ee522114049ac8bbb5df14d047da89410,422,2023-07-07 17:09:59,1,58527161997425,0,enterprise,addr1wykfx37ut49rm2hqfkg0e6msmnm3g342ke3yzerd2jh5ukcljpa2m,,448662000000,2,1,0,1,59091031170692,0,448662000000,,
e4e435976d4c1c00eac7fd86994f64af2690739346a029d0de6dd7304ea26ffa,439,2023-09-29 19:27:15,1,8434776842788,0,enterprise,addr1wy4jvq7e4n9aw9n4xlkfshksmpq25f4nsuamk5jv5gfjcvcu35vma,,448347000000,2,1,0,1,9795294016055,0,448347000000,,
1e4c73f666c3c4ed1fd8ddb05c72fadb89c9b69ddba8ad95eb242d93d5ba3b2d,453,2023-12-08 18:56:53,1,58574685144505,0,enterprise,addr1w95ap9plunjyw0ly20vg55emd77yynsyw6d8xchp6wqt0pcrr2ntz,,447401000000,2,1,0,1,58960180319620,0,447401000000,,
38f59cddb6efd8a451f2d42d6d9785a065845ed0789d704950fdef9094220b3f,437,2023-09-22 18:00:19,1,11249029362589,0,enterprise,addr1wyl29mcyk998j2c4tah6fq5jqq5w8kq7nss284rmucrxr4gmm8acg,,446708000000,2,1,0,1,11710668535856,0,446708000000,,
89f7f52125ac89483757927d297e7b414b1ec291de04eab59a796c1b85279d97,383,2022-12-22 20:24:08,1,40077864944354,0,enterprise,addr1w9ucvqdx3a6txz44f3pw32whqn0jw63nm9jelm4ae8fptyc0enr6c,,446664000000,2,1,0,1,44718901112891,0,446664000000,,
58f1ff4f538b8a6e4a21ae3a2ac6fd02de6a9767792fda8986fdcf07f23cb899,432,2023-08-25 20:19:51,1,27891619660206,0,enterprise,addr1wylz559hq9khw9hn7sqg5rl8g0jcg6d9jsqnrzpanefyh0s2glggg,,424786000000,2,1,0,1,36149857835321,0,424786000000,,
e63c0bf5a5d060606e738506e4acf7419bb9d280511d4d648442c37607343ca9,309,2021-12-21 20:43:26,1,22885262077168,0,enterprise,addr1w989dk8syavsszshrecdar5jc4wxhpeahm7c9jrtnfyxgkc93m799,,422551000000,2,1,0,1,25522865244473,0,422551000000,,
227c0ab0e7857c43bccd1941f423dda8bdecdcee88fa01101d78c20d98e891e7,396,2023-02-24 23:33:49,1,20083632381997,0,external_stake,addr1q93ju9clh85rl9wlsarkesrpl0kpqnp7rzycarza6mdnd4cd7tgrcxu04q5ykt2prlvhup0dn4d4us8dsua2qedjlzkqp4ua28,stake1uyxl95purw86s2zt94q3lkt7qhke6k67grkcww4qvke03tqzx9nc6,422186000000,2,1,1,0,30193964549302,422186000000,0,pool16kus5xvdysgmtjp0hhlwt72tsm0yn2zcn0a8wg9emc6c75lxvmc,
9eea8e420c941c23e542b8b6a7c8ace7cdb0aaf7d77d84f5e2dea0689d823ecc,432,2023-08-25 19:23:56,1,42074739874923,0,enterprise,addr1wy7rzfzqzwhhwel2j8mqlcsam22ytvqv4z796js5lxxd04g5rsg9y,,421937000000,2,1,0,1,42471215048190,0,421937000000,,
2d7e2e7dd686e857d28a7681c0d32727ab948ce5eb92c26c2c89d03cfa8ba815,374,2022-11-11 20:15:55,1,8286768268449,0,external_stake,addr1qxa7h8xlw7jk6t5768u05hn9n2v9us7hw5g9xllmfq0fjxf2zxnr2gcf5guc3hyl0m87cf9hme49cgqq2k3mkgnuzz8qw0r34x,stake1uy4prf34yvy6ywvgmj0hanlvyjmau6juyqq9tgamyf7pprs649qc5,421383000000,2,1,1,0,9432167435754,421383000000,0,,
dab707e5588b541e463fc0fff1d8a7fdc074f6b997e05918535406fe2336e95b,396,2023-02-24 23:12:24,1,44673843635,0,enterprise,addr1wym866j8wu7032pupgxvdvfdkrnnrtsxlsf0g7aps2zq22szwjrqw,,419261000000,2,1,0,1,44684010940,0,419261000000,,
bd1953fb80aa7372728961445e933196ab7d75ac8b9a76ab2aa8dd3a46ac7e8a,411,2023-05-12 20:52:41,1,6808327467264,0,enterprise,addr1w9qn4w9jj7app443re5lkzun8cc6m9c78vkjdl9z05mqzwgxc3cxj,,418710000000,2,1,0,1,7186658634569,0,418710000000,,
6bb87c1200b47ebdca0363f50938956022a8d196709151c7490ab317d90ba1cc,390,2023-01-27 21:15:42,1,31073573885144,0,enterprise,addr1w8pkxp9f07dcywfdfr7eeegd4cwe6n3grejl68q783rm9eqrshs0l,,417627000000,2,1,0,1,31486284052449,0,417627000000,,
5513b9f64de1a43540ec095b03f52d0d2a3cd0050473b9c48e068b6a50a8cc7e,422,2023-07-07 17:39:41,1,50415562609441,0,enterprise,addr1vywm8egs68x5kns0t4qj7vttm7mut05grs2wmwlmqljahegphndwc,,417624000000,2,1,0,1,50872981782708,0,417624000000,,
92b01aab71ad8c27882d0cc2142e363e24aea111f67eda9550ac55be2031e8b5,369,2022-10-14 19:15:18,1,12115667107438,0,enterprise,addr1wxusgxnh798vxqc08y09xhwesgtpdwch0908xqf40ydlqrg8pd35c,,417624000000,2,1,0,1,12490585274743,0,417624000000,,
52b2dea8b9fe7ba6b3504fbe965b1c74c9bcfed73f2c03f01aa4a4848e94d63b,428,2023-08-04 20:07:56,1,48767253087792,0,external_stake,addr1q9u5nwsg29cxgs0quend9qx4sc4adezqmvg8k7a255mqdvrlaswnpn5pp2eyjyafkwmme44qm6x969779e6cfle6h98q60y0pm,stake1u9l7c8fse6qs4vjfzw5m8dau66sdarzazl0zuavyluatjnsaqt0e7,417623000000,2,1,1,0,49520661261059,417623000000,0,,
349941d96f2dfe10f614c4682530c0df30a3361140a85d56ea5abd1ff1ba03a9,405,2023-04-14 20:23:19,1,7605368801874,0,external_stake,addr1q9r9affe3h93d7vkae0xq4kd85msm93r769qzkkvrrmwqlcl5ypatnpal350fl75qcrsq8jax2uqlzqc8ckfcgqsejxqn3h75g,stake1uy06zq74es7lc685ll2qvpcqrewn9wq03qvrutyuyqgverqqylrnn,417622000000,2,1,1,0,8470578983567,417622000000,0,,
728bb4359ab30eb44c836434594627dd4b9b39cd4120ebd33a204efb0e79d218,366,2022-09-30 19:45:25,1,9685584238179,0,external_stake,addr1qx2em5zeckvgjtmds5qs0wxe4quneema3dkz5de5702vzrum6uqfx5gjhz0was5sr32qllyjvegmarps43nz3c7z3qwslx3wwn,stake1uxdawqyn2yft38hwc2gpc4q0ljfxv5d73sc2ce3gu0pgs8gjz5z42,416891000000,2,1,1,0,10594920405484,416891000000,0,,
062a8d3e43aab5af0b32180c65e3a7d1df07eff24f9692e160e091580ebb91e9,422,2023-07-07 17:19:28,1,57195406477624,0,enterprise,addr1wxclr3e3qkukduux6slxvhky86gjh256xjrncg5arf8krage8c24y,,416876000000,2,1,0,1,57659438650891,0,416876000000,,
351467ae3bbb6f96304f08c98f5a647a585b5a1a30953f663f22a8d7b4c8bc01,380,2022-12-09 20:15:31,1,468373031438,0,enterprise,addr1w99ehfx4dzkt98ep8tvd4gfflwk08fn22j3yk35hxpmn0usqq5d09,,416549000000,2,1,0,1,926011198743,0,416549000000,,
6189f450d867b2cf00226aca9fdfb30b4f969d3d60b3c06f75af191f05821817,390,2023-01-27 21:20:38,1,30616150717839,0,enterprise,addr1w9yyes7tnat5cmfdweuz9hqnl50e90dhuw2artnrsw0wnecqhd5zm,,412710000000,2,1,0,1,31073573885144,0,412710000000,,
f6547d573f31fd65eb83e1d05e63a44060c5b3532bf57d1dbf0fef1beb11cc26,433,2023-09-01 18:52:02,1,18135254923840,0,enterprise,addr1w8hn4pgf9hnnl9waceyy8h0v0juk9p4jy6yjg9787xwsymgh0hptl,,412197000000,2,1,0,1,18594032097107,0,412197000000,,
0c08491f83605801ba73fa17ec1a114aa5b2f5a03d490c6a01a5fb0b0d737005,473,2024-03-15 23:05:02,1,41795513660685,0,external_stake,addr1q8udm6uyww7c62qvwrm3nzyn339l2eqd2s6vm98r936e979qpnlnjpf2f6j4dhj07ne33e529vka3hzphnz0vs9kygmqhj3zv0,stake1uxsqeleeq54yaf2kme8lfuccu69zktwcm3qme38kgzmzydsz856f3,411075000000,2,1,1,0,42206588833952,411075000000,0,,
2fd787a0fe52614f1daac9d0adaeca3fb3d3171a67b65e4e1ad7f4d63b762da9,497,2024-07-16 03:21:56,1,20358934098279,0,external_stake,addr1qyh4tsal5tzzv6fls4akngrrv3s5xy4rlqeg86rs36uj8knjj9pudr76cpzq02d20xnp5m3u2rx3xzhslejpkj58wkzsu8fk3l,stake1u9efzs7x3ldvq3q84x48nfs6dc79pngnptc0ueqmf2rhtpge7glzk,411075000000,2,1,1,0,20744430271546,411075000000,0,,
7e0e8d6601f2ca34f7e60251856838b83ddc4c4116110338e348c3b4e9a02b38,390,2023-01-27 20:16:52,1,35913306724133,0,external_stake,addr1q8yhdfppj5eq6dqr4tsnhxzuf2yxfdqs2ctwx8neu55vetwyqcgck5ey5artlunngy4zekgwmp4sl5kyjsgkf5ks3g3sq52vsl,stake1u8zqvyvt2vj2w34l7fe5z23vmy8ds6c06tzfgyty6tgg5gcajkwcf,411075000000,2,1,1,0,36306869891438,411075000000,0,,
fc69a823dc82c475ada482a96b6c4763a98e4a7abc59df66010fccec61775171,390,2023-01-27 20:58:49,1,35117991388291,0,external_stake,addr1qyrqcxeqah75ag808n4e5fw3pqd7rc3t5s5sq8yjksdgr482d2y5smq30nuxauqfre7lcd34rsykm77neqlcf24qstnqpc5ysj,stake1u84x4z2gdsghe7rw7qy3ul0uxc63cztdl0fus0uy42sg9espyg5ru,411075000000,2,1,1,0,35502231555596,411075000000,0,pool1gaztx97t53k47fr7282d70tje8323vvzx8pshgts30t9krw62tm,
fe33989b75ce7c56bc64d75b00d995bab5f71aee6a2a1bc243090a8a4fa9d529,473,2024-03-15 23:08:51,1,41410908487418,0,enterprise,addr1wytxv8u2lpf97hrkcnfuxyapl58nfp0tascvms0zgg2q2ksdjzmhu,,411075000000,2,1,0,1,41795513660685,0,411075000000,,
84b26d82350ba661182f0bd3e35e24dfec08b7750beca87120c995eb77c390c8,499,2024-07-26 17:59:09,1,17802558576630,0,enterprise,addr1w8tl9jyp4cp7tpwxvrsmanpkphzaysm8h8v7r6p468ngv4q5g4zg0,,407550000000,2,1,0,1,19119558749897,0,407550000000,,
893581a7cc32f1db1333d840d8ff09a8c05403d108a9fda77f2ef41803fe0fb7,403,2023-04-01 01:02:10,1,10254991320641,0,enterprise,addr1w8rv0h094fffv054tgsccu9lfjf46zeuwryle6lxk05kuhg4jsxsc,,407459000000,2,1,0,1,10954500487946,0,407459000000,,
5418200e3cca7647094d7bd2cfb6773f12f7cd18521aac64811ba2300de366f5,477,2024-04-05 20:17:46,1,31254009067028,0,external_stake,addr1qyn7ddkdy34w8wqnafzdrvfkhlt8537rrlv3fkz2acx4me823xal7453qasdcdzddv4wheh6ux2frp3a7uv4uafqddjqv3mjxa,stake1u84gnwll26gswcxux3xkk2htumawr9y3sc7lwx27w5sxkeq9j7ema,405347000000,2,1,1,0,32487256240295,405347000000,0,,
be0afaf8cf931941f8a51429d1b1c740d6b34cb819a2e38e685a3e03daba3773,432,2023-08-25 19:27:06,1,41689243701656,0,enterprise,addr1wx99l5vuf4f9pltur0njlchujdfpv8a4q9zq69wmah5augqeklha5,,396475000000,2,1,0,1,42074739874923,0,396475000000,,
a83286471260a3ed1bdb16392486c70225e83935bd0bcebcef954929f2122cbd,473,2024-03-15 23:17:03,1,36980183137188,0,external_stake,addr1qycjr67q3tk48v537vrgdyg69lag79jsfudsp6fz3pedcsegqtjqug6d4rsj0w369qhz9cfa9yulr5m20navv57rsqfq90h80y,stake1uy5q9eqwydx63cf8hgazst3zuy7jjw036d48e7kx20pcqysez7230,394610000000,2,1,1,0,41016298312303,394610000000,0,,
a76e577c09fab2abc06a4413948de5a82c1195d83e3802757a7ce6cee865db4c,390,2023-01-27 20:53:15,1,35502231555596,0,enterprise,addr1w8a4au84jnmres4x87enc0d05fyrykhf3hpc066kj30h0xq9yrt5u,,393563000000,2,1,0,1,35913306724133,0,393563000000,,
9b4878acd49bc58be298600bac4dc8272c06e329e6dc920b2176a716a1465e22,422,2023-07-07 16:58:26,1,59539693343959,0,enterprise,addr1w8f54klegmh5xkcwgl94p49dczwhp0lqqrc67pssadsf36g6czcr8,,390798000000,2,1,0,1,59989745517226,0,390798000000,,
d81879acc779cff831578c493dc1c4a7cfec08e10ba5d8071c6c518b4a340312,442,2023-10-15 00:20:29,1,525292279689,0,enterprise,addr1w8p8l8dn7lfpzz9fptvmkckcty5eapttq5szdzmglvauutsel8xlc,,388075000000,2,1,0,1,907761452956,0,388075000000,,
67b17570be346ac85c5ca37bfdbdac6e43aac90cb2c3156f36d9fcf66c88e152,473,2024-03-15 22:45:21,1,43762819359297,0,external_stake,addr1q8j7kyn3l2qhvwwgr84svndf3can4zaqp87uqzxd9vf0racn7dct6ql6pv0plpd9ex8c56hyednlh53gqacate0neq6qpemzly,stake1uyflxu9aq0aqk8slskjunru2dtjvkelm6g5qwuw4uheusdq2z68gc,387735000000,2,1,1,0,44229350534412,387735000000,0,,
492710b973b118abd8bb662a1b82c7ba2af01d7f9f2a13080237b2ddadd3e392,437,2023-09-22 17:32:12,1,12157376709123,0,enterprise,addr1w9n6mn90rweg2va2nde9f2m6tst439zj8k45vqkpgnde25qvxjsmj,,386117000000,2,1,0,1,13873999882390,0,386117000000,,
7dbe9c3c8fb52786502cc49060b7487e9c3d50b699b3c907cc326be9e482cfc4,484,2024-05-10 18:36:32,1,25289766500233,0,external_stake,addr1qyp5zpp5kmefrug4f3ukgzmdfxuxqxwtatsxsvwncpr6mjz64a9gw5q70r2cwqd255ddsmyycf95z8y8du7xhn5954pstfn3eu,stake1u9d27j582q0834v8qx422xkcdjzvyj6prjrk70rte6z62scyhw57z,385711000000,2,1,1,0,26513181675348,385711000000,0,,
64931ffe0b41e213c9efe2ab1fb1b01ca264f2ea6895fb0f86cb167dd02a1388,488,2024-05-31 19:15:40,1,4990706850,0,external_stake,addr1qyt86arlfy54quftj3vy7szms474z9tpnnrg2anl3h4sf6sj8490zv4y8aa54zhgrw82u4jd08f233jyh8yfgcpjnvrs3a8dkw,stake1uyfr6jh3x2jr77623t5phr4w2exhn54gceztnjy5vqefkpcy5rfyt,385552000000,2,1,1,0,5000881965,385552000000,0,,
854670142a1bb46d95eebbd8e4f5109c09c64b0b30ec9bd371c07f834a4a37b8,446,2023-11-03 19:41:23,1,65453329364766,0,external_stake,addr1qxtxqqep8cn3kh8mwdwrm72xzv7pswqe7ad843p68h40redr6njgqgg5pt79kg00pndnqm72smttp6uj7y60dgjya25qn70v2t,stake1ux3afeyqyy2q4lzmy8hsekesdl9gd44sawf0zd8k5fzw42qw93uvr,385500000000,2,1,1,0,66900697538033,385500000000,0,pool1mxqjlrfskhd5kql9kak06fpdh8xjwc76gec76p3taqy2qmfzs5z,drep1ectemlv45xsnvenfgkhwsxncfvxev4qllj7x5w6vlfc7kmd9zcs
ac9c5edb2f449ca2f6974b072560fd2f45965f630ae6cc95f5fae553b68673e7,470,2024-03-01 20:27:22,1,129842857423,0,enterprise,addr1w9s52c6u75wk3ywrycx5lff7fvnrm4cfr3c0nvgrj8kl7mcgv4xt6,,385499000000,2,1,0,1,129853030690,0,385499000000,,
ea7941a6c80b4806148d7bdb3160b8396f51974ae2be9d10bc0cb59ca1018522,468,2024-02-23 20:17:40,1,55395574926092,0,enterprise,addr1w8gyhzcj2fglymea95tgpvqvgp44sqwclcqv45wpwrrduzc9dp9gt,,385499000000,2,1,0,1,55781072099359,0,385499000000,,
01e9397866cbd78ca869b4a98a0a32604256c8d7986067e9c28875fffa56ffe5,468,2024-02-23 20:23:01,1,54924052752825,0,enterprise,addr1wxezw85aff33u5c2j7umg67yy7t0ap4aexauwz578vrdhtq7yugxm,,385497000000,2,1,0,1,55395574926092,0,385497000000,,
5af432a6aa4a559c966743bfc1324cb94361f3c090f2abf5ff86e0e19b539c16,372,2022-10-28 19:37:31,1,9853550604291,0,enterprise,addr1wxn80nzmnpkz0vftmvqa8ppl6465r44myu7wqtll3xe047g9v733r,,385497000000,2,1,0,1,10817788772828,0,385497000000,,
8cc93d418745079650637d5bf612701a902e7f89850aebd8fe57fc38e7bcff57,433,2023-09-01 18:33:56,1,26619024313672,0,enterprise,addr1w9y5suzdgdjwyvtdcdkup9kfnvjgywuvt22te6py5fucnqq0rflv6,,385497000000,2,1,0,1,27506122486939,0,385497000000,,
bb41c66ad56849245675055b64f726de5f8c17b6e29ee6a502e48372d9f8452f,359,2022-08-26 18:59:05,1,39418815449,0,enterprise,addr1w829tvklhux7jasppd6afgyd5el00dtz7g2dnjk5crw3ayczaawph,,385497000000,2,1,0,1,39423815449,0,385497000000,,
1ec82bb4d3d07682dd804796805e4e8d3824a24ec763f6ef6bae3d8b92549e51,432,2023-08-25 19:31:28,1,40678356528389,0,enterprise,addr1wyezym9ky2h070755glzxjsr489kh5gsutalnj5asu34rhqan7glm,,385496000000,2,1,0,1,41689243701656,0,385496000000,,
ed7a506e389a47dcfc816e410c1406da4695ce1214090bd27307407594cae03b,499,2024-07-26 17:42:02,1,19527108923164,0,enterprise,addr1w9z75htxma7aeqkj8ddgrxqfqmck9xptrahd2s6g47hykmcmn3e99,,385496000000,2,1,0,1,20358934098279,0,385496000000,,
263ce4683ec77a77043bd3ee15688f16dd22b696aad87d0c1495b8d6b7928572,481,2024-04-26 22:20:43,1,28223205373960,0,enterprise,addr1w8dd7306e8ttfpsrdvgd32pcp6fqztxsw3v8psrhwpreqkqj53vtw,,385495000000,2,1,0,1,28678795547227,0,385495000000,,
4ed400b1bf46a1caa7e64cbf0a08458b7a653744e9012f80457348973378866b,453,2023-12-08 19:25:42,1,58100846971238,0,external_stake,addr1qyglq5t7uz2535as6p7cpmt7p2xjpgwcs55vn58sfw2lcfrhrty2myjxlzkphp4unm46g36kn5skv4gjx4hw2hgyd9kqtqnaxs,stake1u9m34j9djfr03tqms67fa6aygatf6gtx25fr2mh9t5zxjmqhyg8p8,385495000000,2,1,1,0,58574685144505,385495000000,0,,
52f126bc2154bfeedd32ad76ad1637366c6f40f00eba25b228640ad95ee21bf6,473,2024-03-15 23:01:14,1,42206588833952,0,external_stake,addr1qys00kpzmfj5vcrr070csgqstvvugeg45cfyqvmtq5w30cl4jwt3zwr7sgarhr4pr2z5a3e9zxhdt2r6a9lr4ntq4stq3rf7jx,stake1u86e89c38plgyw3m36s34p2wcuj3rtk44pawjl36e4s2c9sh5xtc7,385495000000,2,1,1,0,42617664009067,385495000000,0,,
b0af37db09248f9ecf4070996b71f4b717d5ee5c0ec27ce45b920793eac9df40,481,2024-04-26 22:18:54,1,28678795547227,0,enterprise,addr1wxnvhtpp5lmnxseehwjhfsc5ez56ydpjcmjce67jkkxlsss3lf66g,,385495000000,2,1,0,1,29064290720494,0,385495000000,,
d0016b9c63bb5a757b385270ec7f2bee174e31c540689397b6244e41a44099d6,411,2023-05-12 20:38:36,1,5511907430692,0,external_stake,addr1qyk4q88d8tqxunym45rxfm9g0ee6qe2e6spcywwpjfausm2s9gd5shvrgscyzpfjpl6ejdymyw84tlvm7t4yfhlf7mpq23k4ka,stake1u9gz5x6gtkp5gvzpq5eqlavexjdj8r64lkdl96jyml5ldsszk8027,385107000000,2,1,1,0,5983607597997,385107000000,0,,
dc250ea70123fa3829a64d6443ae9b5695c2033d9fc8e791dfbf323c5890bf79,374,2022-11-11 20:25:35,1,6368714766534,0,enterprise,addr1w9cf6w0zz2h7jmmy3mgj6t5vacg5xyfrca0fuvlue2ey2fq38edk6,,385051000000,2,1,0,1,6746782933839,0,385051000000,,
0b7c9a954a1e4f3825f15a8d6dc0b7776101dabbc338295f937163aaa8be73eb,473,2024-03-15 23:14:55,1,41016298312303,0,enterprise,addr1w85q2zzwtkkq3ka0ge7x75kyl3rca2v9gfcfxd0dlr3exaqdewtr3,,384605000000,2,1,0,1,41410908487418,0,384605000000,,
117eb8576ae60fbd9e1e52ebbb9912e46649c885fa846c03cd8250e1243d52b1,488,2024-05-31 19:17:40,1,22065155796891,0,enterprise,addr1wypsntw3wec4zrsydv4wccx39735qzvm7qa4mp2qn6zsxmg2nty9j,,384605000000,2,1,0,1,22190155978584,0,384605000000,,
83d34ae2410b52a96b3b299cbfdc1b7c70a7155fba546738913781e6f21a8cd6,442,2023-10-13 22:27:53,1,1799852799490,0,external_stake,addr1qxtccetejvmapap6jesgaj60lv9s3s6gkf20nk5ewk4x5gz4s3a7uwxdw9mhwl2v9snzuw9qcqpadckxu676y0mhqa7scav30z,stake1u92cg7lw8rxhzamh04xzcf3w8zsvqq7kutrwd0dz8amswlg8jjtwq,384605000000,2,1,1,0,2945254972757,384605000000,0,,
ed9b4473cba81a0817c5044fc776866d450c4d56dba2cc4623bd1f44055ae6fc,446,2023-11-03 19:06:41,1,957738407081,0,external_stake,addr1q8eltgvuxcw6uqwv8qxph0nadvcankhpgwcgyhhdyv85hfhzj9x9zur6j638pxzxxyst6frujwkncyww2s4umprehdlq904f6a,stake1u83fznz3wpafdgnsnprrzg9ay37f8tfuz889g27ds3umkls5h8yj3,384605000000,2,1,1,0,1413328580348,384605000000,0,,
d7bdf984a717d178b1e88c54e6f0f758bb717c49460027a45fdb27162d685e55,390,2023-01-27 21:02:18,1,31903911219754,0,enterprise,addr1w8sca2hl8y475uemnulx9azz0ld2k8axrup3xmasectef2g3x4hcd,,384240000000,2,1,0,1,35117991388291,0,384240000000,,
609b6f0966166ed4ac93f4df9e68b7983af77706c9812692687242854d2666b0,432,2023-08-25 19:57:47,1,37950991181855,0,enterprise,addr1wy6laan8ahxc0mes73crdd0y80k7kuxkyr4grl4e2j7m48qketv89,,383279000000,2,1,0,1,40295077355122,0,383279000000,,
0464521708fba4b0b47a550ab647d37ee71016bf6dddd10496a9f2aa11ff46a7,377,2022-11-25 20:28:11,1,150689665390,0,enterprise,addr1w8axhvewzxc4f9erlq5y0mmjlp29kh5c3d9r59tmy7c685gfpmupj,,382995000000,2,1,0,1,617004832695,0,382995000000,,
a14ce940f3622533bcfa116a34a22e23a2f1f6a1c2baff75642f8d57a57df8fe,442,2023-10-15 00:23:23,1,70757106422,0,enterprise,addr1wx3avrf0ykfjd2s0vt57cx4zvavsdzs6g2wrn8t33yfuzpqvmhdjg,,382469000000,2,1,0,1,525292279689,0,382469000000,,
1827e535253f849253f1aaa95ae96fc6b3afa380f0560519e84383c552bc51d7,446,2023-11-03 18:45:29,1,1797933755463,0,enterprise,addr1w90cykc9q7khz88dj9na08rwxfrghlsjfyvftesr7p5xnys57fl58,,380710000000,2,1,0,1,2281365930578,0,380710000000,,
5f21f7f8a3baad79ae7bb2d289bccd9dd0597ea9a01685c187e30aa6a580f946,484,2024-05-10 18:57:59,1,22574761151851,0,enterprise,addr1wxymgc76vu2cr4l6tn6q8kthju59fzzzjwze5k5uq8w27lgvqn79v,,380670000000,2,1,0,1,24909096326966,0,380670000000,,
5bcb0c55da736951c63bfd42c97512b92071f352139486b51de7208409dee3f1,449,2023-11-17 17:52:06,1,60310319666154,0,external_stake,addr1qx33x4lgcm3lsq23umws0x2034ervxjnr38x4wps0wla7wzx0z885furp9fdkdq53yrcf8vxql2swcg2y34574k7tp7qafqtrv,stake1u9r83rn6y7psj5kmxs2gjpuynkrq04g8vy9zg6602m09slqzq93zl,379657000000,2,1,1,0,62570506841269,379657000000,0,pool1rmpv0h0pecysach8tj06vxx9wku2pdm74mk9cunx759v58q0hu2,
33f40bc65eebeeb073b933803b50db91edba2d109d38b0ab24a587203840be5c,437,2023-09-22 17:06:58,1,14260117055657,0,enterprise,addr1wx6qljt7y93g5ja9jhts9r9tau9a3k5u5f42j8uvvtryeycfwng4a,,379563000000,2,1,0,1,15631930230772,0,379563000000,,
4e5d21ed0a61eab30e7652cd74d7786a00b348af5e83e9da5ab77fc506fc11eb,411,2023-05-12 21:07:14,1,5580287299959,0,enterprise,addr1w8y9pz8ucensehmc4e39ys2a9lsmh6pvcc75ax4dpk3ew3qqefuvj,,378331000000,2,1,0,1,6808327467264,0,378331000000,,
e684da7c518d37333f4b2f00d825a14481ac790dcccf213861d50e6d6383efdf,432,2023-08-25 19:13:08,1,42893152221457,0,enterprise,addr1wyc62n5pv9e07xxdkwyg5jqrn6qdfd5k3fqqk3qjm0y3sts0nlmnh,,378300000000,2,1,0,1,43925757394724,0,378300000000,,
6ca5d0e2475f6419060d743d848dfb0e96913557af5f84ab34f4a9815708994b,482,2024-05-03 19:04:21,1,27354483023730,0,external_stake,addr1qy4x9ule0ka9ygrmhp3x3q5t46puspd92n9p03hsrq4jcv6x8yq7lf44ndcqnhwjsukfy5pdn0wdj04kg7dfrd2ew8nqw6y2kc,stake1u9rrjq00566ekuqfmhfgwtyj2qkehhxe86my0x53k4vhrescncg3r,378127000000,2,1,1,0,27845078198845,378127000000,0,,
1925aee533b15c89990ce22cf9427623d8e2a479226251434eb783108d262cc8,374,2022-11-11 20:43:58,1,5983607597997,0,enterprise,addr1wxmfmn9vzal24vazmn374wyvhp0hxjem98e9ecsz6dw8ptc8236cx,,378068000000,2,1,0,1,6368714766534,0,378068000000,,
0a69946bbd1add7e3f42b68318ba6dcafd269ddd730fa5bef28dac08f5d94d84,435,2023-09-08 16:44:38,1,16922000577306,0,enterprise,addr1wy9gvuhf2njcemhtut4keg2sd0mpny6d8330ft4jar86gpqsl8f4q,,376899000000,2,1,0,1,17758355750573,0,376899000000,,
d64b946a6a3699100dc762001496ad2971e36acdf0ca837a65f892252cb424b8,369,2022-10-14 19:24:01,1,11203285940133,0,enterprise,addr1w9twqu4zqwgentkufleptuzef25c839hmnkjsjqwutsn9kg4zwg4z,,374918000000,2,1,0,1,12115667107438,0,374918000000,,
53ec9f322e7bff4969cc4a1c3b6d8ff4a5f879b417bc3d7b5386d57e10c99e9d,439,2023-09-29 19:48:29,1,3783270321139,0,enterprise,addr1w8ypm7a6pe6rlsaq4ksc75lvdh50hzwz5hedsqnr0h952lqkq8elz,,337719000000,2,1,0,1,4250914496254,0,337719000000,,
5c649414692f2cedcb755e4f0cde63e7a57b2edecd70ab3f3e14f5ea33269a0e,477,2024-04-05 19:57:35,1,32487256240295,0,external_stake,addr1q8rwg4jjfd3u7jrzmnwsnru7696893eg6t7s3m2gs3z4yxq8e9atdefwjpprn75z87man4dpqk8000f44zv8sjmxyjaqydzugc,stake1uyruj74ku5hfqs3el2prld7e6ksstrhhh5663xrcfdnzfws5yvlhd,298464000000,2,1,1,0,32892603415410,298464000000,0,,
e6cc0a1dc8cea6a74ad38b18ddd41809c3ff06e7bb3c43bc5029d5f8657ebb81,449,2023-11-17 17:02:31,1,85436844724,0,external_stake,addr1qxfsvcxn7v7vx7al0vv8cd9c0yzwu69duerfdn28xz5e3s32r6vm6vh88xe2wj932xwycuqq4gdah872vnuzd068tnwqdscl3z,stake1uy4paxdaxtnnnv48fzc4r8zvwqq25x7mnl9xf7pxhar4ehqnaycxa,275000000000,2,1,1,0,85440017991,275000000000,0,,
0961bfe9b58906f146ffbe5661c47851a7fd2ebf5ebcc4bd23632eab0c9d1c6f,490,2024-06-12 19:51:08,1,21610620621776,0,external_stake,addr1qxfsvcxn7v7vx7al0vv8cd9c0yzwu69duerfdn28xz5e3s32r6vm6vh88xe2wj932xwycuqq4gdah872vnuzd068tnwqdscl3z,stake1uy4paxdaxtnnnv48fzc4r8zvwqq25x7mnl9xf7pxhar4ehqnaycxa,125000000000,2,1,1,0,22065155796891,125000000000,0,,
